2026-05-09 18:59:35,401 [INFO] 开始批量采集盈利预测数据，共 5289 只股票
2026-05-09 18:59:35,402 [INFO] 正在从akshare获取盈利预测数据...
2026-05-09 18:59:40,538 [INFO] 成功从akshare获取 2320 只股票的盈利预测数据
2026-05-09 18:59:40,575 [INFO] [1/5289] 000001 平安银行 - 保存 4 条记录
2026-05-09 18:59:40,585 [INFO] [2/5289] 000002 万  科Ａ - 无盈利预测数据
2026-05-09 18:59:40,597 [INFO] [3/5289] 000003 股票000003 - 无盈利预测数据
2026-05-09 18:59:40,609 [INFO] [4/5289] 000004 *ST国华 - 无盈利预测数据
2026-05-09 18:59:40,619 [INFO] [5/5289] 000006 深振业Ａ - 无盈利预测数据
2026-05-09 18:59:40,632 [INFO] [6/5289] 000007 全新好 - 无盈利预测数据
2026-05-09 18:59:40,642 [INFO] [7/5289] 000008 神州高铁 - 无盈利预测数据
2026-05-09 18:59:40,652 [INFO] [8/5289] 000009 中国宝安 - 无盈利预测数据
2026-05-09 18:59:40,661 [INFO] [9/5289] 000010 *ST美丽 - 无盈利预测数据
2026-05-09 18:59:40,671 [INFO] [10/5289] 000011 深物业A - 无盈利预测数据
2026-05-09 18:59:40,682 [INFO] [11/5289] 000012 南  玻Ａ - 无盈利预测数据
2026-05-09 18:59:40,693 [INFO] [12/5289] 000014 沙河股份 - 无盈利预测数据
2026-05-09 18:59:40,704 [INFO] [13/5289] 000015 股票000015 - 无盈利预测数据
2026-05-09 18:59:40,716 [INFO] [14/5289] 000016 *ST康佳A - 无盈利预测数据
2026-05-09 18:59:40,726 [INFO] [15/5289] 000017 深中华A - 无盈利预测数据
2026-05-09 18:59:40,735 [INFO] [16/5289] 000019 深粮控股 - 无盈利预测数据
2026-05-09 18:59:40,745 [INFO] [17/5289] 000020 深华发Ａ - 无盈利预测数据
2026-05-09 18:59:40,754 [INFO] [18/5289] 000021 深科技 - 无盈利预测数据
2026-05-09 18:59:40,765 [INFO] [19/5289] 000025 特  力Ａ - 无盈利预测数据
2026-05-09 18:59:40,775 [INFO] [20/5289] 000026 飞亚达 - 无盈利预测数据
2026-05-09 18:59:40,785 [INFO] [21/5289] 000027 深圳能源 - 无盈利预测数据
2026-05-09 18:59:40,817 [INFO] [22/5289] 000028 国药一致 - 保存 4 条记录
2026-05-09 18:59:40,826 [INFO] [23/5289] 000029 深深房Ａ - 无盈利预测数据
2026-05-09 18:59:40,841 [INFO] [24/5289] 000030 富奥股份 - 无盈利预测数据
2026-05-09 18:59:40,877 [INFO] [25/5289] 000031 大悦城 - 保存 2 条记录
2026-05-09 18:59:40,889 [INFO] [26/5289] 000032 深桑达Ａ - 无盈利预测数据
2026-05-09 18:59:40,929 [INFO] [27/5289] 000034 神州数码 - 保存 4 条记录
2026-05-09 18:59:40,975 [INFO] [28/5289] 000035 中国天楹 - 保存 4 条记录
2026-05-09 18:59:41,007 [INFO] [29/5289] 000036 华联控股 - 保存 4 条记录
2026-05-09 18:59:41,019 [INFO] [30/5289] 000037 深南电A - 无盈利预测数据
2026-05-09 18:59:41,058 [INFO] [31/5289] 000039 中集集团 - 保存 4 条记录
2026-05-09 18:59:41,075 [INFO] [32/5289] 000042 中洲控股 - 无盈利预测数据
2026-05-09 18:59:41,086 [INFO] [33/5289] 000043 股票000043 - 无盈利预测数据
2026-05-09 18:59:41,096 [INFO] [34/5289] 000044 股票000044 - 无盈利预测数据
2026-05-09 18:59:41,106 [INFO] [35/5289] 000045 深纺织Ａ - 无盈利预测数据
2026-05-09 18:59:41,117 [INFO] [36/5289] 000048 京基智农 - 无盈利预测数据
2026-05-09 18:59:41,129 [INFO] [37/5289] 000049 德赛电池 - 无盈利预测数据
2026-05-09 18:59:41,139 [INFO] [38/5289] 000050 深天马Ａ - 无盈利预测数据
2026-05-09 18:59:41,150 [INFO] [39/5289] 000055 方大集团 - 无盈利预测数据
2026-05-09 18:59:41,161 [INFO] [40/5289] 000056 *ST皇庭 - 无盈利预测数据
2026-05-09 18:59:41,171 [INFO] [41/5289] 000058 深 赛 格 - 无盈利预测数据
2026-05-09 18:59:41,205 [INFO] [42/5289] 000059 华锦股份 - 保存 3 条记录
2026-05-09 18:59:41,259 [INFO] [43/5289] 000060 中金岭南 - 保存 4 条记录
2026-05-09 18:59:41,291 [INFO] [44/5289] 000061 农 产 品 - 保存 4 条记录
2026-05-09 18:59:41,323 [INFO] [45/5289] 000062 深圳华强 - 保存 4 条记录
2026-05-09 18:59:41,367 [INFO] [46/5289] 000063 中兴通讯 - 保存 4 条记录
2026-05-09 18:59:41,401 [INFO] [47/5289] 000065 北方国际 - 保存 4 条记录
2026-05-09 18:59:41,441 [INFO] [48/5289] 000066 中国长城 - 保存 3 条记录
2026-05-09 18:59:41,461 [INFO] [49/5289] 000068 华控赛格 - 无盈利预测数据
2026-05-09 18:59:41,497 [INFO] [50/5289] 000069 华侨城Ａ - 保存 1 条记录
2026-05-09 18:59:42,498 [INFO] 已完成 50/5289
2026-05-09 18:59:42,510 [INFO] [51/5289] 000070 特发信息 - 无盈利预测数据
2026-05-09 18:59:42,520 [INFO] [52/5289] 000078 ST海王 - 无盈利预测数据
2026-05-09 18:59:42,530 [INFO] [53/5289] 000088 盐 田 港 - 无盈利预测数据
2026-05-09 18:59:42,564 [INFO] [54/5289] 000089 深圳机场 - 保存 4 条记录
2026-05-09 18:59:42,605 [INFO] [55/5289] 000090 天健集团 - 保存 4 条记录
2026-05-09 18:59:42,616 [INFO] [56/5289] 000096 广聚能源 - 无盈利预测数据
2026-05-09 18:59:42,648 [INFO] [57/5289] 000099 中信海直 - 保存 4 条记录
2026-05-09 18:59:42,682 [INFO] [58/5289] 000100 TCL科技 - 保存 4 条记录
2026-05-09 18:59:42,692 [INFO] [59/5289] 000122 股票000122 - 无盈利预测数据
2026-05-09 18:59:42,704 [INFO] [60/5289] 000151 中成股份 - 无盈利预测数据
2026-05-09 18:59:42,715 [INFO] [61/5289] 000153 丰原药业 - 无盈利预测数据
2026-05-09 18:59:42,752 [INFO] [62/5289] 000155 川能动力 - 保存 4 条记录
2026-05-09 18:59:42,762 [INFO] [63/5289] 000156 华数传媒 - 无盈利预测数据
2026-05-09 18:59:42,795 [INFO] [64/5289] 000157 中联重科 - 保存 4 条记录
2026-05-09 18:59:42,805 [INFO] [65/5289] 000158 常山北明 - 无盈利预测数据
2026-05-09 18:59:42,818 [INFO] [66/5289] 000159 国际实业 - 无盈利预测数据
2026-05-09 18:59:42,860 [INFO] [67/5289] 000166 申万宏源 - 保存 4 条记录
2026-05-09 18:59:42,870 [INFO] [68/5289] 000300 股票000300 - 无盈利预测数据
2026-05-09 18:59:42,902 [INFO] [69/5289] 000301 东方盛虹 - 保存 4 条记录
2026-05-09 18:59:42,946 [INFO] [70/5289] 000333 美的集团 - 保存 4 条记录
2026-05-09 18:59:42,979 [INFO] [71/5289] 000338 潍柴动力 - 保存 4 条记录
2026-05-09 18:59:43,013 [INFO] [72/5289] 000400 许继电气 - 保存 4 条记录
2026-05-09 18:59:43,047 [INFO] [73/5289] 000401 金隅冀东 - 保存 4 条记录
2026-05-09 18:59:43,057 [INFO] [74/5289] 000402 金 融 街 - 无盈利预测数据
2026-05-09 18:59:43,093 [INFO] [75/5289] 000403 派林生物 - 保存 4 条记录
2026-05-09 18:59:43,133 [INFO] [76/5289] 000404 长虹华意 - 保存 4 条记录
2026-05-09 18:59:43,143 [INFO] [77/5289] 000407 胜利股份 - 无盈利预测数据
2026-05-09 18:59:43,188 [INFO] [78/5289] 000408 藏格矿业 - 保存 4 条记录
2026-05-09 18:59:43,200 [INFO] [79/5289] 000409 云鼎科技 - 无盈利预测数据
2026-05-09 18:59:43,209 [INFO] [80/5289] 000410 沈阳机床 - 无盈利预测数据
2026-05-09 18:59:43,228 [INFO] [81/5289] 000411 英特集团 - 无盈利预测数据
2026-05-09 18:59:43,262 [INFO] [82/5289] 000415 渤海租赁 - 保存 3 条记录
2026-05-09 18:59:43,272 [INFO] [83/5289] 000417 合百集团 - 无盈利预测数据
2026-05-09 18:59:43,281 [INFO] [84/5289] 000419 通程控股 - 无盈利预测数据
2026-05-09 18:59:43,291 [INFO] [85/5289] 000420 吉林化纤 - 无盈利预测数据
2026-05-09 18:59:43,302 [INFO] [86/5289] 000421 南京公用 - 无盈利预测数据
2026-05-09 18:59:43,346 [INFO] [87/5289] 000422 湖北宜化 - 保存 4 条记录
2026-05-09 18:59:43,384 [INFO] [88/5289] 000423 东阿阿胶 - 保存 4 条记录
2026-05-09 18:59:43,431 [INFO] [89/5289] 000425 徐工机械 - 保存 4 条记录
2026-05-09 18:59:43,469 [INFO] [90/5289] 000426 兴业银锡 - 保存 4 条记录
2026-05-09 18:59:43,479 [INFO] [91/5289] 000428 华天酒店 - 无盈利预测数据
2026-05-09 18:59:43,518 [INFO] [92/5289] 000429 粤高速Ａ - 保存 4 条记录
2026-05-09 18:59:43,529 [INFO] [93/5289] 000430 ST张家界 - 无盈利预测数据
2026-05-09 18:59:43,539 [INFO] [94/5289] 000488 ST晨鸣 - 无盈利预测数据
2026-05-09 18:59:43,573 [INFO] [95/5289] 000498 山东路桥 - 保存 4 条记录
2026-05-09 18:59:43,618 [INFO] [96/5289] 000501 武商集团 - 保存 3 条记录
2026-05-09 18:59:43,630 [INFO] [97/5289] 000503 国新健康 - 无盈利预测数据
2026-05-09 18:59:43,641 [INFO] [98/5289] 000504 *ST生物 - 无盈利预测数据
2026-05-09 18:59:43,652 [INFO] [99/5289] 000505 京粮控股 - 无盈利预测数据
2026-05-09 18:59:43,662 [INFO] [100/5289] 000506 招金黄金 - 已有数据，跳过
2026-05-09 18:59:43,699 [INFO] [101/5289] 000507 珠海港 - 保存 4 条记录
2026-05-09 18:59:43,711 [INFO] [102/5289] 000509 华塑控股 - 无盈利预测数据
2026-05-09 18:59:43,750 [INFO] [103/5289] 000510 新金路 - 保存 3 条记录
2026-05-09 18:59:43,787 [INFO] [104/5289] 000513 丽珠集团 - 保存 4 条记录
2026-05-09 18:59:43,799 [INFO] [105/5289] 000514 渝 开 发 - 无盈利预测数据
2026-05-09 18:59:43,837 [INFO] [106/5289] 000516 国际医学 - 保存 2 条记录
2026-05-09 18:59:43,849 [INFO] [107/5289] 000517 荣安地产 - 无盈利预测数据
2026-05-09 18:59:43,861 [INFO] [108/5289] 000518 *ST四环 - 无盈利预测数据
2026-05-09 18:59:43,899 [INFO] [109/5289] 000519 中兵红箭 - 保存 4 条记录
2026-05-09 18:59:43,909 [INFO] [110/5289] 000520 凤凰航运 - 无盈利预测数据
2026-05-09 18:59:43,961 [INFO] [111/5289] 000521 长虹美菱 - 保存 4 条记录
2026-05-09 18:59:43,975 [INFO] [112/5289] 000523 红棉股份 - 无盈利预测数据
2026-05-09 18:59:44,016 [INFO] [113/5289] 000524 岭南控股 - 保存 4 条记录
2026-05-09 18:59:44,030 [INFO] [114/5289] 000525 红太阳 - 无盈利预测数据
2026-05-09 18:59:44,062 [INFO] [115/5289] 000526 学大教育 - 保存 4 条记录
2026-05-09 18:59:44,097 [INFO] [116/5289] 000528 柳    工 - 保存 4 条记录
2026-05-09 18:59:44,108 [INFO] [117/5289] 000529 广弘控股 - 无盈利预测数据
2026-05-09 18:59:44,117 [INFO] [118/5289] 000530 冰山冷热 - 无盈利预测数据
2026-05-09 18:59:44,126 [INFO] [119/5289] 000531 穗恒运Ａ - 无盈利预测数据
2026-05-09 18:59:44,136 [INFO] [120/5289] 000532 华金资本 - 无盈利预测数据
2026-05-09 18:59:44,146 [INFO] [121/5289] 000533 顺钠股份 - 无盈利预测数据
2026-05-09 18:59:44,178 [INFO] [122/5289] 000534 万泽股份 - 保存 4 条记录
2026-05-09 18:59:44,189 [INFO] [123/5289] 000536 华映科技 - 无盈利预测数据
2026-05-09 18:59:44,229 [INFO] [124/5289] 000537 绿发电力 - 保存 4 条记录
2026-05-09 18:59:44,266 [INFO] [125/5289] 000538 云南白药 - 保存 4 条记录
2026-05-09 18:59:44,300 [INFO] [126/5289] 000539 粤电力Ａ - 保存 4 条记录
2026-05-09 18:59:44,349 [INFO] [127/5289] 000541 佛山照明 - 保存 4 条记录
2026-05-09 18:59:44,383 [INFO] [128/5289] 000543 皖能电力 - 保存 4 条记录
2026-05-09 18:59:44,398 [INFO] [129/5289] 000544 中原环保 - 无盈利预测数据
2026-05-09 18:59:44,410 [INFO] [130/5289] 000545 金浦钛业 - 无盈利预测数据
2026-05-09 18:59:44,422 [INFO] [131/5289] 000546 金圆股份 - 无盈利预测数据
2026-05-09 18:59:44,432 [INFO] [132/5289] 000547 航天发展 - 无盈利预测数据
2026-05-09 18:59:44,442 [INFO] [133/5289] 000548 湖南投资 - 无盈利预测数据
2026-05-09 18:59:44,474 [INFO] [134/5289] 000550 江铃汽车 - 保存 3 条记录
2026-05-09 18:59:44,485 [INFO] [135/5289] 000551 创元科技 - 无盈利预测数据
2026-05-09 18:59:44,497 [INFO] [136/5289] 000552 甘肃能化 - 无盈利预测数据
2026-05-09 18:59:44,530 [INFO] [137/5289] 000553 安道麦A - 保存 3 条记录
2026-05-09 18:59:44,540 [INFO] [138/5289] 000554 泰山石油 - 无盈利预测数据
2026-05-09 18:59:44,556 [INFO] [139/5289] 000555 神州信息 - 无盈利预测数据
2026-05-09 18:59:44,565 [INFO] [140/5289] 000557 西部创业 - 无盈利预测数据
2026-05-09 18:59:44,575 [INFO] [141/5289] 000558 天府文旅 - 无盈利预测数据
2026-05-09 18:59:44,617 [INFO] [142/5289] 000559 万向钱潮 - 保存 3 条记录
2026-05-09 18:59:44,670 [INFO] [143/5289] 000560 我爱我家 - 保存 3 条记录
2026-05-09 18:59:44,680 [INFO] [144/5289] 000561 烽火电子 - 无盈利预测数据
2026-05-09 18:59:44,690 [INFO] [145/5289] 000563 陕国投Ａ - 无盈利预测数据
2026-05-09 18:59:44,701 [INFO] [146/5289] 000564 供销大集 - 无盈利预测数据
2026-05-09 18:59:44,711 [INFO] [147/5289] 000565 渝三峡Ａ - 无盈利预测数据
2026-05-09 18:59:44,723 [INFO] [148/5289] 000566 海南海药 - 无盈利预测数据
2026-05-09 18:59:44,764 [INFO] [149/5289] 000567 海德股份 - 保存 4 条记录
2026-05-09 18:59:44,807 [INFO] [150/5289] 000568 泸州老窖 - 保存 4 条记录
2026-05-09 18:59:45,808 [INFO] 已完成 150/5289
2026-05-09 18:59:45,821 [INFO] [151/5289] 000570 苏常柴Ａ - 无盈利预测数据
2026-05-09 18:59:45,831 [INFO] [152/5289] 000571 新大洲A - 无盈利预测数据
2026-05-09 18:59:45,842 [INFO] [153/5289] 000572 海马汽车 - 无盈利预测数据
2026-05-09 18:59:45,853 [INFO] [154/5289] 000573 粤宏远Ａ - 无盈利预测数据
2026-05-09 18:59:45,863 [INFO] [155/5289] 000576 甘化科工 - 无盈利预测数据
2026-05-09 18:59:45,913 [INFO] [156/5289] 000581 威孚高科 - 保存 3 条记录
2026-05-09 18:59:45,954 [INFO] [157/5289] 000582 北部湾港 - 保存 4 条记录
2026-05-09 18:59:45,963 [INFO] [158/5289] 000586 汇源通信 - 无盈利预测数据
2026-05-09 18:59:46,005 [INFO] [159/5289] 000589 贵州轮胎 - 保存 4 条记录
2026-05-09 18:59:46,023 [INFO] [160/5289] 000590 古汉医药 - 无盈利预测数据
2026-05-09 18:59:46,059 [INFO] [161/5289] 000591 太阳能 - 保存 4 条记录
2026-05-09 18:59:46,070 [INFO] [162/5289] 000592 平潭发展 - 无盈利预测数据
2026-05-09 18:59:46,081 [INFO] [163/5289] 000593 德龙汇能 - 无盈利预测数据
2026-05-09 18:59:46,092 [INFO] [164/5289] 000595 *ST宝实 - 无盈利预测数据
2026-05-09 18:59:46,123 [INFO] [165/5289] 000596 古井贡酒 - 保存 4 条记录
2026-05-09 18:59:46,136 [INFO] [166/5289] 000597 东北制药 - 无盈利预测数据
2026-05-09 18:59:46,169 [INFO] [167/5289] 000598 兴蓉环境 - 保存 4 条记录
2026-05-09 18:59:46,181 [INFO] [168/5289] 000599 青岛双星 - 无盈利预测数据
2026-05-09 18:59:46,214 [INFO] [169/5289] 000600 建投能源 - 保存 4 条记录
2026-05-09 18:59:46,225 [INFO] [170/5289] 000601 韶能股份 - 无盈利预测数据
2026-05-09 18:59:46,279 [INFO] [171/5289] 000603 盛达资源 - 保存 4 条记录
2026-05-09 18:59:46,290 [INFO] [172/5289] 000605 渤海股份 - 无盈利预测数据
2026-05-09 18:59:46,301 [INFO] [173/5289] 000607 华媒控股 - 无盈利预测数据
2026-05-09 18:59:46,312 [INFO] [174/5289] 000608 *ST阳光 - 无盈利预测数据
2026-05-09 18:59:46,321 [INFO] [175/5289] 000609 *ST中迪 - 无盈利预测数据
2026-05-09 18:59:46,332 [INFO] [176/5289] 000610 *ST西旅 - 无盈利预测数据
2026-05-09 18:59:46,342 [INFO] [177/5289] 000612 焦作万方 - 无盈利预测数据
2026-05-09 18:59:46,351 [INFO] [178/5289] 000615 *ST美谷 - 无盈利预测数据
2026-05-09 18:59:46,361 [INFO] [179/5289] 000617 中油资本 - 无盈利预测数据
2026-05-09 18:59:46,371 [INFO] [180/5289] 000619 海螺新材 - 无盈利预测数据
2026-05-09 18:59:46,381 [INFO] [181/5289] 000620 盈新发展 - 无盈利预测数据
2026-05-09 18:59:46,392 [INFO] [182/5289] 000623 吉林敖东 - 无盈利预测数据
2026-05-09 18:59:46,425 [INFO] [183/5289] 000625 长安汽车 - 保存 4 条记录
2026-05-09 18:59:46,436 [INFO] [184/5289] 000626 远大控股 - 无盈利预测数据
2026-05-09 18:59:46,446 [INFO] [185/5289] 000628 高新发展 - 无盈利预测数据
2026-05-09 18:59:46,486 [INFO] [186/5289] 000629 钒钛股份 - 保存 2 条记录
2026-05-09 18:59:46,518 [INFO] [187/5289] 000630 铜陵有色 - 保存 4 条记录
2026-05-09 18:59:46,530 [INFO] [188/5289] 000631 顺发恒能 - 无盈利预测数据
2026-05-09 18:59:46,540 [INFO] [189/5289] 000632 ST三木 - 无盈利预测数据
2026-05-09 18:59:46,551 [INFO] [190/5289] 000633 合金投资 - 无盈利预测数据
2026-05-09 18:59:46,562 [INFO] [191/5289] 000635 英 力 特 - 无盈利预测数据
2026-05-09 18:59:46,594 [INFO] [192/5289] 000636 风华高科 - 保存 4 条记录
2026-05-09 18:59:46,604 [INFO] [193/5289] 000637 茂化实华 - 无盈利预测数据
2026-05-09 18:59:46,614 [INFO] [194/5289] 000638 *ST万方 - 无盈利预测数据
2026-05-09 18:59:46,624 [INFO] [195/5289] 000639 ST西王 - 无盈利预测数据
2026-05-09 18:59:46,635 [INFO] [196/5289] 000650 仁和药业 - 无盈利预测数据
2026-05-09 18:59:46,685 [INFO] [197/5289] 000651 格力电器 - 保存 4 条记录
2026-05-09 18:59:46,695 [INFO] [198/5289] 000652 泰达股份 - 无盈利预测数据
2026-05-09 18:59:46,728 [INFO] [199/5289] 000655 金岭矿业 - 保存 4 条记录
2026-05-09 18:59:46,739 [INFO] [200/5289] 000656 *ST金科 - 无盈利预测数据
2026-05-09 18:59:47,739 [INFO] 已完成 200/5289
2026-05-09 18:59:47,772 [INFO] [201/5289] 000657 中钨高新 - 保存 4 条记录
2026-05-09 18:59:47,783 [INFO] [202/5289] 000659 珠海中富 - 无盈利预测数据
2026-05-09 18:59:47,815 [INFO] [203/5289] 000661 长春高新 - 保存 4 条记录
2026-05-09 18:59:47,825 [INFO] [204/5289] 000663 永安林业 - 无盈利预测数据
2026-05-09 18:59:47,834 [INFO] [205/5289] 000665 湖北广电 - 无盈利预测数据
2026-05-09 18:59:47,845 [INFO] [206/5289] 000668 *ST荣控 - 无盈利预测数据
2026-05-09 18:59:47,855 [INFO] [207/5289] 000669 ST金鸿 - 无盈利预测数据
2026-05-09 18:59:47,867 [INFO] [208/5289] 000670 盈方微 - 无盈利预测数据
2026-05-09 18:59:47,903 [INFO] [209/5289] 000672 上峰水泥 - 保存 4 条记录
2026-05-09 18:59:47,925 [INFO] [210/5289] 000676 智度股份 - 无盈利预测数据
2026-05-09 18:59:47,943 [INFO] [211/5289] 000677 ST海龙 - 无盈利预测数据
2026-05-09 18:59:47,956 [INFO] [212/5289] 000678 襄阳轴承 - 无盈利预测数据
2026-05-09 18:59:47,969 [INFO] [213/5289] 000679 大连友谊 - 无盈利预测数据
2026-05-09 18:59:48,014 [INFO] [214/5289] 000680 山推股份 - 保存 4 条记录
2026-05-09 18:59:48,050 [INFO] [215/5289] 000681 视觉中国 - 保存 3 条记录
2026-05-09 18:59:48,089 [INFO] [216/5289] 000682 东方电子 - 保存 4 条记录
2026-05-09 18:59:48,124 [INFO] [217/5289] 000683 博源化工 - 保存 4 条记录
2026-05-09 18:59:48,162 [INFO] [218/5289] 000685 中山公用 - 保存 4 条记录
2026-05-09 18:59:48,195 [INFO] [219/5289] 000686 东北证券 - 保存 4 条记录
2026-05-09 18:59:48,206 [INFO] [220/5289] 000687 股票000687 - 无盈利预测数据
2026-05-09 18:59:48,239 [INFO] [221/5289] 000688 国城矿业 - 保存 4 条记录
2026-05-09 18:59:48,252 [INFO] [222/5289] 000689 股票000689 - 无盈利预测数据
2026-05-09 18:59:48,296 [INFO] [223/5289] 000690 宝新能源 - 保存 4 条记录
2026-05-09 18:59:48,307 [INFO] [224/5289] 000691 *ST亚太 - 无盈利预测数据
2026-05-09 18:59:48,319 [INFO] [225/5289] 000692 惠天热电 - 无盈利预测数据
2026-05-09 18:59:48,360 [INFO] [226/5289] 000695 滨海能源 - 保存 2 条记录
2026-05-09 18:59:48,372 [INFO] [227/5289] 000697 炼石航空 - 无盈利预测数据
2026-05-09 18:59:48,389 [INFO] [228/5289] 000698 ST沈化 - 无盈利预测数据
2026-05-09 18:59:48,399 [INFO] [229/5289] 000699 股票000699 - 无盈利预测数据
2026-05-09 18:59:48,434 [INFO] [230/5289] 000700 模塑科技 - 保存 4 条记录
2026-05-09 18:59:48,445 [INFO] [231/5289] 000701 厦门信达 - 无盈利预测数据
2026-05-09 18:59:48,456 [INFO] [232/5289] 000702 正虹科技 - 无盈利预测数据
2026-05-09 18:59:48,495 [INFO] [233/5289] 000703 恒逸石化 - 保存 4 条记录
2026-05-09 18:59:48,504 [INFO] [234/5289] 000705 浙江震元 - 无盈利预测数据
2026-05-09 18:59:48,515 [INFO] [235/5289] 000707 双环科技 - 无盈利预测数据
2026-05-09 18:59:48,548 [INFO] [236/5289] 000708 中信特钢 - 保存 4 条记录
2026-05-09 18:59:48,584 [INFO] [237/5289] 000709 河钢股份 - 保存 3 条记录
2026-05-09 18:59:48,595 [INFO] [238/5289] 000710 贝瑞基因 - 无盈利预测数据
2026-05-09 18:59:48,605 [INFO] [239/5289] 000711 ST京蓝 - 无盈利预测数据
2026-05-09 18:59:48,616 [INFO] [240/5289] 000712 锦龙股份 - 无盈利预测数据
2026-05-09 18:59:48,626 [INFO] [241/5289] 000713 国投丰乐 - 无盈利预测数据
2026-05-09 18:59:48,636 [INFO] [242/5289] 000715 中兴商业 - 无盈利预测数据
2026-05-09 18:59:48,645 [INFO] [243/5289] 000716 黑芝麻 - 无盈利预测数据
2026-05-09 18:59:48,655 [INFO] [244/5289] 000717 中南股份 - 无盈利预测数据
2026-05-09 18:59:48,666 [INFO] [245/5289] 000718 苏宁环球 - 无盈利预测数据
2026-05-09 18:59:48,699 [INFO] [246/5289] 000719 中原传媒 - 保存 4 条记录
2026-05-09 18:59:48,710 [INFO] [247/5289] 000720 新能泰山 - 无盈利预测数据
2026-05-09 18:59:48,722 [INFO] [248/5289] 000721 西安饮食 - 无盈利预测数据
2026-05-09 18:59:48,743 [INFO] [249/5289] 000722 湖南发展 - 无盈利预测数据
2026-05-09 18:59:48,759 [INFO] [250/5289] 000723 美锦能源 - 无盈利预测数据
2026-05-09 18:59:49,760 [INFO] 已完成 250/5289
2026-05-09 18:59:49,801 [INFO] [251/5289] 000725 京东方Ａ - 保存 4 条记录
2026-05-09 18:59:49,833 [INFO] [252/5289] 000726 鲁  泰Ａ - 保存 4 条记录
2026-05-09 18:59:49,844 [INFO] [253/5289] 000727 冠捷科技 - 无盈利预测数据
2026-05-09 18:59:49,879 [INFO] [254/5289] 000728 国元证券 - 保存 4 条记录
2026-05-09 18:59:49,925 [INFO] [255/5289] 000729 燕京啤酒 - 保存 4 条记录
2026-05-09 18:59:49,936 [INFO] [256/5289] 000731 四川美丰 - 无盈利预测数据
2026-05-09 18:59:49,979 [INFO] [257/5289] 000733 振华科技 - 保存 4 条记录
2026-05-09 18:59:49,992 [INFO] [258/5289] 000735 罗 牛 山 - 无盈利预测数据
2026-05-09 18:59:50,006 [INFO] [259/5289] 000736 *ST中地 - 无盈利预测数据
2026-05-09 18:59:50,017 [INFO] [260/5289] 000737 北方铜业 - 无盈利预测数据
2026-05-09 18:59:50,051 [INFO] [261/5289] 000738 航发控制 - 保存 4 条记录
2026-05-09 18:59:50,102 [INFO] [262/5289] 000739 普洛药业 - 保存 4 条记录
2026-05-09 18:59:50,117 [INFO] [263/5289] 000750 国海证券 - 无盈利预测数据
2026-05-09 18:59:50,127 [INFO] [264/5289] 000751 锌业股份 - 无盈利预测数据
2026-05-09 18:59:50,139 [INFO] [265/5289] 000752 *ST西发 - 无盈利预测数据
2026-05-09 18:59:50,151 [INFO] [266/5289] 000753 漳州发展 - 无盈利预测数据
2026-05-09 18:59:50,161 [INFO] [267/5289] 000755 山西高速 - 无盈利预测数据
2026-05-09 18:59:50,175 [INFO] [268/5289] 000756 新华制药 - 无盈利预测数据
2026-05-09 18:59:50,193 [INFO] [269/5289] 000757 浩物股份 - 无盈利预测数据
2026-05-09 18:59:50,205 [INFO] [270/5289] 000758 中色股份 - 无盈利预测数据
2026-05-09 18:59:50,216 [INFO] [271/5289] 000759 中百集团 - 无盈利预测数据
2026-05-09 18:59:50,227 [INFO] [272/5289] 000761 本钢板材 - 无盈利预测数据
2026-05-09 18:59:50,237 [INFO] [273/5289] 000762 西藏矿业 - 无盈利预测数据
2026-05-09 18:59:50,250 [INFO] [274/5289] 000766 通化金马 - 无盈利预测数据
2026-05-09 18:59:50,262 [INFO] [275/5289] 000767 晋控电力 - 无盈利预测数据
2026-05-09 18:59:50,295 [INFO] [276/5289] 000768 中航西飞 - 保存 4 条记录
2026-05-09 18:59:50,327 [INFO] [277/5289] 000776 广发证券 - 保存 4 条记录
2026-05-09 18:59:50,338 [INFO] [278/5289] 000777 中核科技 - 无盈利预测数据
2026-05-09 18:59:50,373 [INFO] [279/5289] 000778 新兴铸管 - 保存 4 条记录
2026-05-09 18:59:50,384 [INFO] [280/5289] 000779 甘咨询 - 无盈利预测数据
2026-05-09 18:59:50,395 [INFO] [281/5289] 000782 恒申新材 - 无盈利预测数据
2026-05-09 18:59:50,432 [INFO] [282/5289] 000783 长江证券 - 保存 3 条记录
2026-05-09 18:59:50,465 [INFO] [283/5289] 000785 居然智家 - 保存 2 条记录
2026-05-09 18:59:50,501 [INFO] [284/5289] 000786 北新建材 - 保存 4 条记录
2026-05-09 18:59:50,512 [INFO] [285/5289] 000788 北大医药 - 无盈利预测数据
2026-05-09 18:59:50,552 [INFO] [286/5289] 000789 万年青 - 保存 4 条记录
2026-05-09 18:59:50,565 [INFO] [287/5289] 000790 华神科技 - 无盈利预测数据
2026-05-09 18:59:50,605 [INFO] [288/5289] 000791 甘肃能源 - 保存 4 条记录
2026-05-09 18:59:50,642 [INFO] [289/5289] 000792 盐湖股份 - 保存 4 条记录
2026-05-09 18:59:50,652 [INFO] [290/5289] 000793 *ST华闻 - 无盈利预测数据
2026-05-09 18:59:50,663 [INFO] [291/5289] 000795 英洛华 - 无盈利预测数据
2026-05-09 18:59:50,673 [INFO] [292/5289] 000796 凯撒旅业 - 无盈利预测数据
2026-05-09 18:59:50,684 [INFO] [293/5289] 000797 中国武夷 - 无盈利预测数据
2026-05-09 18:59:50,694 [INFO] [294/5289] 000798 中水渔业 - 无盈利预测数据
2026-05-09 18:59:50,739 [INFO] [295/5289] 000799 酒鬼酒 - 保存 3 条记录
2026-05-09 18:59:50,773 [INFO] [296/5289] 000800 一汽解放 - 保存 4 条记录
2026-05-09 18:59:50,808 [INFO] [297/5289] 000801 四川九洲 - 保存 4 条记录
2026-05-09 18:59:50,820 [INFO] [298/5289] 000802 北京文化 - 无盈利预测数据
2026-05-09 18:59:50,868 [INFO] [299/5289] 000803 山高环能 - 保存 3 条记录
2026-05-09 18:59:50,906 [INFO] [300/5289] 000807 云铝股份 - 保存 4 条记录
2026-05-09 18:59:51,907 [INFO] 已完成 300/5289
2026-05-09 18:59:51,920 [INFO] [301/5289] 000809 和展能源 - 无盈利预测数据
2026-05-09 18:59:51,966 [INFO] [302/5289] 000810 创维数字 - 保存 4 条记录
2026-05-09 18:59:52,000 [INFO] [303/5289] 000811 冰轮环境 - 保存 4 条记录
2026-05-09 18:59:52,013 [INFO] [304/5289] 000812 陕西金叶 - 无盈利预测数据
2026-05-09 18:59:52,023 [INFO] [305/5289] 000813 德展健康 - 无盈利预测数据
2026-05-09 18:59:52,035 [INFO] [306/5289] 000815 美利云 - 无盈利预测数据
2026-05-09 18:59:52,046 [INFO] [307/5289] 000816 智慧农业 - 无盈利预测数据
2026-05-09 18:59:52,056 [INFO] [308/5289] 000818 航锦科技 - 无盈利预测数据
2026-05-09 18:59:52,066 [INFO] [309/5289] 000819 岳阳兴长 - 无盈利预测数据
2026-05-09 18:59:52,077 [INFO] [310/5289] 000820 *ST节能 - 无盈利预测数据
2026-05-09 18:59:52,088 [INFO] [311/5289] 000821 ST京机 - 无盈利预测数据
2026-05-09 18:59:52,100 [INFO] [312/5289] 000822 山东海化 - 无盈利预测数据
2026-05-09 18:59:52,108 [INFO] [313/5289] 000823 超声电子 - 无盈利预测数据
2026-05-09 18:59:52,142 [INFO] [314/5289] 000825 太钢不锈 - 保存 4 条记录
2026-05-09 18:59:52,152 [INFO] [315/5289] 000826 *ST启环 - 无盈利预测数据
2026-05-09 18:59:52,186 [INFO] [316/5289] 000828 东莞控股 - 保存 4 条记录
2026-05-09 18:59:52,195 [INFO] [317/5289] 000829 天音控股 - 无盈利预测数据
2026-05-09 18:59:52,231 [INFO] [318/5289] 000830 鲁西化工 - 保存 4 条记录
2026-05-09 18:59:52,241 [INFO] [319/5289] 000831 中国稀土 - 无盈利预测数据
2026-05-09 18:59:52,252 [INFO] [320/5289] 000833 粤桂股份 - 无盈利预测数据
2026-05-09 18:59:52,267 [INFO] [321/5289] 000837 秦川机床 - 无盈利预测数据
2026-05-09 18:59:52,277 [INFO] [322/5289] 000838 *ST发展 - 无盈利预测数据
2026-05-09 18:59:52,287 [INFO] [323/5289] 000839 国安股份 - 无盈利预测数据
2026-05-09 18:59:52,296 [INFO] [324/5289] 000847 股票000847 - 无盈利预测数据
2026-05-09 18:59:52,328 [INFO] [325/5289] 000848 承德露露 - 保存 4 条记录
2026-05-09 18:59:52,338 [INFO] [326/5289] 000850 华茂股份 - 无盈利预测数据
2026-05-09 18:59:52,349 [INFO] [327/5289] 000852 石化机械 - 无盈利预测数据
2026-05-09 18:59:52,359 [INFO] [328/5289] 000856 冀东装备 - 无盈利预测数据
2026-05-09 18:59:52,390 [INFO] [329/5289] 000858 五 粮 液 - 保存 4 条记录
2026-05-09 18:59:52,410 [INFO] [330/5289] 000859 国风新材 - 无盈利预测数据
2026-05-09 18:59:52,456 [INFO] [331/5289] 000860 顺鑫农业 - 保存 3 条记录
2026-05-09 18:59:52,491 [INFO] [332/5289] 000862 银星能源 - 保存 4 条记录
2026-05-09 18:59:52,503 [INFO] [333/5289] 000863 三湘印象 - 无盈利预测数据
2026-05-09 18:59:52,513 [INFO] [334/5289] 000868 安凯客车 - 无盈利预测数据
2026-05-09 18:59:52,522 [INFO] [335/5289] 000869 张  裕Ａ - 无盈利预测数据
2026-05-09 18:59:52,555 [INFO] [336/5289] 000875 电投绿能 - 保存 4 条记录
2026-05-09 18:59:52,587 [INFO] [337/5289] 000876 新 希 望 - 保存 3 条记录
2026-05-09 18:59:52,623 [INFO] [338/5289] 000877 天山股份 - 保存 3 条记录
2026-05-09 18:59:52,634 [INFO] [339/5289] 000878 云南铜业 - 无盈利预测数据
2026-05-09 18:59:52,647 [INFO] [340/5289] 000880 潍柴重机 - 无盈利预测数据
2026-05-09 18:59:52,692 [INFO] [341/5289] 000881 中广核技 - 保存 3 条记录
2026-05-09 18:59:52,709 [INFO] [342/5289] 000882 华联股份 - 无盈利预测数据
2026-05-09 18:59:52,748 [INFO] [343/5289] 000883 湖北能源 - 保存 4 条记录
2026-05-09 18:59:52,792 [INFO] [344/5289] 000885 城发环境 - 保存 4 条记录
2026-05-09 18:59:52,802 [INFO] [345/5289] 000886 海南高速 - 无盈利预测数据
2026-05-09 18:59:52,843 [INFO] [346/5289] 000887 中鼎股份 - 保存 4 条记录
2026-05-09 18:59:52,876 [INFO] [347/5289] 000888 峨眉山Ａ - 保存 4 条记录
2026-05-09 18:59:52,886 [INFO] [348/5289] 000889 中嘉博创 - 无盈利预测数据
2026-05-09 18:59:52,896 [INFO] [349/5289] 000890 法尔胜 - 无盈利预测数据
2026-05-09 18:59:52,907 [INFO] [350/5289] 000892 欢瑞世纪 - 无盈利预测数据
2026-05-09 18:59:53,907 [INFO] 已完成 350/5289
2026-05-09 18:59:53,945 [INFO] [351/5289] 000893 亚钾国际 - 保存 4 条记录
2026-05-09 18:59:54,006 [INFO] [352/5289] 000895 双汇发展 - 保存 4 条记录
2026-05-09 18:59:54,017 [INFO] [353/5289] 000897 津滨发展 - 无盈利预测数据
2026-05-09 18:59:54,026 [INFO] [354/5289] 000898 鞍钢股份 - 无盈利预测数据
2026-05-09 18:59:54,061 [INFO] [355/5289] 000899 赣能股份 - 保存 4 条记录
2026-05-09 18:59:54,071 [INFO] [356/5289] 000900 现代投资 - 无盈利预测数据
2026-05-09 18:59:54,083 [INFO] [357/5289] 000901 航天科技 - 无盈利预测数据
2026-05-09 18:59:54,119 [INFO] [358/5289] 000902 新洋丰 - 保存 4 条记录
2026-05-09 18:59:54,130 [INFO] [359/5289] 000903 ST云动 - 无盈利预测数据
2026-05-09 18:59:54,163 [INFO] [360/5289] 000905 厦门港务 - 保存 4 条记录
2026-05-09 18:59:54,196 [INFO] [361/5289] 000906 浙商中拓 - 保存 4 条记录
2026-05-09 18:59:54,212 [INFO] [362/5289] 000908 ST景峰 - 无盈利预测数据
2026-05-09 18:59:54,222 [INFO] [363/5289] 000909 *ST数源 - 无盈利预测数据
2026-05-09 18:59:54,232 [INFO] [364/5289] 000910 大亚圣象 - 无盈利预测数据
2026-05-09 18:59:54,243 [INFO] [365/5289] 000911 *ST广糖 - 无盈利预测数据
2026-05-09 18:59:54,252 [INFO] [366/5289] 000912 泸天化 - 无盈利预测数据
2026-05-09 18:59:54,286 [INFO] [367/5289] 000913 钱江摩托 - 保存 4 条记录
2026-05-09 18:59:54,316 [INFO] [368/5289] 000915 华特达因 - 保存 4 条记录
2026-05-09 18:59:54,326 [INFO] [369/5289] 000917 电广传媒 - 无盈利预测数据
2026-05-09 18:59:54,338 [INFO] [370/5289] 000919 金陵药业 - 无盈利预测数据
2026-05-09 18:59:54,349 [INFO] [371/5289] 000920 沃顿科技 - 无盈利预测数据
2026-05-09 18:59:54,383 [INFO] [372/5289] 000921 海信家电 - 保存 4 条记录
2026-05-09 18:59:54,394 [INFO] [373/5289] 000922 佳电股份 - 无盈利预测数据
2026-05-09 18:59:54,404 [INFO] [374/5289] 000923 河钢资源 - 无盈利预测数据
2026-05-09 18:59:54,414 [INFO] [375/5289] 000925 众合科技 - 无盈利预测数据
2026-05-09 18:59:54,425 [INFO] [376/5289] 000926 福星股份 - 无盈利预测数据
2026-05-09 18:59:54,434 [INFO] [377/5289] 000927 中国铁物 - 无盈利预测数据
2026-05-09 18:59:54,469 [INFO] [378/5289] 000928 中钢国际 - 保存 4 条记录
2026-05-09 18:59:54,480 [INFO] [379/5289] 000929 *ST兰黄 - 无盈利预测数据
2026-05-09 18:59:54,491 [INFO] [380/5289] 000930 中粮科技 - 无盈利预测数据
2026-05-09 18:59:54,502 [INFO] [381/5289] 000931 中 关 村 - 无盈利预测数据
2026-05-09 18:59:54,540 [INFO] [382/5289] 000932 华菱钢铁 - 保存 4 条记录
2026-05-09 18:59:54,575 [INFO] [383/5289] 000933 神火股份 - 保存 4 条记录
2026-05-09 18:59:54,607 [INFO] [384/5289] 000935 四川双马 - 保存 3 条记录
2026-05-09 18:59:54,618 [INFO] [385/5289] 000936 华西股份 - 无盈利预测数据
2026-05-09 18:59:54,664 [INFO] [386/5289] 000937 冀中能源 - 保存 4 条记录
2026-05-09 18:59:54,697 [INFO] [387/5289] 000938 紫光股份 - 保存 4 条记录
2026-05-09 18:59:54,709 [INFO] [388/5289] 000948 南天信息 - 无盈利预测数据
2026-05-09 18:59:54,747 [INFO] [389/5289] 000949 新乡化纤 - 保存 4 条记录
2026-05-09 18:59:54,781 [INFO] [390/5289] 000950 重药控股 - 保存 4 条记录
2026-05-09 18:59:54,812 [INFO] [391/5289] 000951 中国重汽 - 保存 4 条记录
2026-05-09 18:59:54,823 [INFO] [392/5289] 000952 广济药业 - 无盈利预测数据
2026-05-09 18:59:54,833 [INFO] [393/5289] 000953 河化股份 - 无盈利预测数据
2026-05-09 18:59:54,844 [INFO] [394/5289] 000955 欣龙控股 - 无盈利预测数据
2026-05-09 18:59:54,854 [INFO] [395/5289] 000957 中通客车 - 无盈利预测数据
2026-05-09 18:59:54,864 [INFO] [396/5289] 000958 电投产融 - 无盈利预测数据
2026-05-09 18:59:54,899 [INFO] [397/5289] 000959 首钢股份 - 保存 4 条记录
2026-05-09 18:59:54,939 [INFO] [398/5289] 000960 锡业股份 - 保存 4 条记录
2026-05-09 18:59:54,974 [INFO] [399/5289] 000962 东方钽业 - 保存 4 条记录
2026-05-09 18:59:55,012 [INFO] [400/5289] 000963 华东医药 - 保存 4 条记录
2026-05-09 18:59:56,013 [INFO] 已完成 400/5289
2026-05-09 18:59:56,040 [INFO] [401/5289] 000965 天保基建 - 无盈利预测数据
2026-05-09 18:59:56,053 [INFO] [402/5289] 000966 长源电力 - 无盈利预测数据
2026-05-09 18:59:56,089 [INFO] [403/5289] 000967 盈峰环境 - 保存 4 条记录
2026-05-09 18:59:56,101 [INFO] [404/5289] 000968 蓝焰控股 - 无盈利预测数据
2026-05-09 18:59:56,132 [INFO] [405/5289] 000969 安泰科技 - 保存 4 条记录
2026-05-09 18:59:56,163 [INFO] [406/5289] 000970 中科三环 - 保存 4 条记录
2026-05-09 18:59:56,174 [INFO] [407/5289] 000972 *ST中基 - 无盈利预测数据
2026-05-09 18:59:56,184 [INFO] [408/5289] 000973 佛塑科技 - 无盈利预测数据
2026-05-09 18:59:56,217 [INFO] [409/5289] 000975 山金国际 - 保存 4 条记录
2026-05-09 18:59:56,252 [INFO] [410/5289] 000977 浪潮信息 - 保存 4 条记录
2026-05-09 18:59:56,285 [INFO] [411/5289] 000978 桂林旅游 - 保存 3 条记录
2026-05-09 18:59:56,295 [INFO] [412/5289] 000980 众泰汽车 - 无盈利预测数据
2026-05-09 18:59:56,305 [INFO] [413/5289] 000981 山子高科 - 无盈利预测数据
2026-05-09 18:59:56,342 [INFO] [414/5289] 000983 山西焦煤 - 保存 4 条记录
2026-05-09 18:59:56,353 [INFO] [415/5289] 000985 大庆华科 - 无盈利预测数据
2026-05-09 18:59:56,363 [INFO] [416/5289] 000986 股票000986 - 无盈利预测数据
2026-05-09 18:59:56,395 [INFO] [417/5289] 000987 越秀资本 - 保存 4 条记录
2026-05-09 18:59:56,428 [INFO] [418/5289] 000988 华工科技 - 保存 4 条记录
2026-05-09 18:59:56,438 [INFO] [419/5289] 000989 九芝堂 - 无盈利预测数据
2026-05-09 18:59:56,449 [INFO] [420/5289] 000990 诚志股份 - 无盈利预测数据
2026-05-09 18:59:56,460 [INFO] [421/5289] 000991 股票000991 - 无盈利预测数据
2026-05-09 18:59:56,470 [INFO] [422/5289] 000992 股票000992 - 无盈利预测数据
2026-05-09 18:59:56,480 [INFO] [423/5289] 000993 闽东电力 - 无盈利预测数据
2026-05-09 18:59:56,490 [INFO] [424/5289] 000995 皇台酒业 - 无盈利预测数据
2026-05-09 18:59:56,521 [INFO] [425/5289] 000997 新 大 陆 - 保存 4 条记录
2026-05-09 18:59:56,563 [INFO] [426/5289] 000998 隆平高科 - 保存 4 条记录
2026-05-09 18:59:56,608 [INFO] [427/5289] 000999 华润三九 - 保存 4 条记录
2026-05-09 18:59:56,619 [INFO] [428/5289] 001201 东瑞股份 - 无盈利预测数据
2026-05-09 18:59:56,628 [INFO] [429/5289] 001202 炬申股份 - 无盈利预测数据
2026-05-09 18:59:56,664 [INFO] [430/5289] 001203 大中矿业 - 保存 4 条记录
2026-05-09 18:59:56,695 [INFO] [431/5289] 001205 盛航股份 - 保存 4 条记录
2026-05-09 18:59:56,727 [INFO] [432/5289] 001206 依依股份 - 保存 4 条记录
2026-05-09 18:59:56,737 [INFO] [433/5289] 001207 联科科技 - 无盈利预测数据
2026-05-09 18:59:56,746 [INFO] [434/5289] 001208 华菱线缆 - 无盈利预测数据
2026-05-09 18:59:56,756 [INFO] [435/5289] 001209 洪兴股份 - 无盈利预测数据
2026-05-09 18:59:56,766 [INFO] [436/5289] 001210 金房能源 - 无盈利预测数据
2026-05-09 18:59:56,775 [INFO] [437/5289] 001211 双枪科技 - 无盈利预测数据
2026-05-09 18:59:56,785 [INFO] [438/5289] 001212 中旗新材 - 无盈利预测数据
2026-05-09 18:59:56,796 [INFO] [439/5289] 001213 中铁特货 - 无盈利预测数据
2026-05-09 18:59:56,829 [INFO] [440/5289] 001215 千味央厨 - 保存 4 条记录
2026-05-09 18:59:56,843 [INFO] [441/5289] 001216 华瓷股份 - 无盈利预测数据
2026-05-09 18:59:56,852 [INFO] [442/5289] 001217 华尔泰 - 无盈利预测数据
2026-05-09 18:59:56,863 [INFO] [443/5289] 001218 丽臣实业 - 无盈利预测数据
2026-05-09 18:59:56,874 [INFO] [444/5289] 001219 青岛食品 - 无盈利预测数据
2026-05-09 18:59:56,884 [INFO] [445/5289] 001220 世盟股份 - 无盈利预测数据
2026-05-09 18:59:56,916 [INFO] [446/5289] 001221 悍高集团 - 保存 4 条记录
2026-05-09 18:59:56,949 [INFO] [447/5289] 001222 源飞宠物 - 保存 4 条记录
2026-05-09 18:59:56,996 [INFO] [448/5289] 001223 欧克科技 - 保存 3 条记录
2026-05-09 18:59:57,007 [INFO] [449/5289] 001225 和泰机电 - 无盈利预测数据
2026-05-09 18:59:57,017 [INFO] [450/5289] 001226 拓山重工 - 无盈利预测数据
2026-05-09 18:59:58,018 [INFO] 已完成 450/5289
2026-05-09 18:59:58,032 [INFO] [451/5289] 001227 兰州银行 - 无盈利预测数据
2026-05-09 18:59:58,043 [INFO] [452/5289] 001228 永泰运 - 无盈利预测数据
2026-05-09 18:59:58,053 [INFO] [453/5289] 001229 魅视科技 - 无盈利预测数据
2026-05-09 18:59:58,084 [INFO] [454/5289] 001230 劲旅环境 - 保存 3 条记录
2026-05-09 18:59:58,093 [INFO] [455/5289] 001231 农心科技 - 无盈利预测数据
2026-05-09 18:59:58,124 [INFO] [456/5289] 001233 海安集团 - 保存 3 条记录
2026-05-09 18:59:58,139 [INFO] [457/5289] 001234 泰慕士 - 无盈利预测数据
2026-05-09 18:59:58,150 [INFO] [458/5289] 001236 弘业期货 - 无盈利预测数据
2026-05-09 18:59:58,183 [INFO] [459/5289] 001238 浙江正特 - 保存 3 条记录
2026-05-09 18:59:58,193 [INFO] [460/5289] 001239 永达股份 - 无盈利预测数据
2026-05-09 18:59:58,223 [INFO] [461/5289] 001255 博菲电气 - 保存 3 条记录
2026-05-09 18:59:58,235 [INFO] [462/5289] 001256 炜冈科技 - 无盈利预测数据
2026-05-09 18:59:58,246 [INFO] [463/5289] 001257 盛龙股份 - 无盈利预测数据
2026-05-09 18:59:58,255 [INFO] [464/5289] 001258 立新能源 - 无盈利预测数据
2026-05-09 18:59:58,265 [INFO] [465/5289] 001259 利仁科技 - 无盈利预测数据
2026-05-09 18:59:58,275 [INFO] [466/5289] 001260 坤泰股份 - 无盈利预测数据
2026-05-09 18:59:58,284 [INFO] [467/5289] 001266 宏英智能 - 无盈利预测数据
2026-05-09 18:59:58,294 [INFO] [468/5289] 001267 汇绿生态 - 无盈利预测数据
2026-05-09 18:59:58,305 [INFO] [469/5289] 001268 联合精密 - 无盈利预测数据
2026-05-09 18:59:58,315 [INFO] [470/5289] 001269 欧晶科技 - 无盈利预测数据
2026-05-09 18:59:58,351 [INFO] [471/5289] 001270 *ST铖昌 - 保存 4 条记录
2026-05-09 18:59:58,362 [INFO] [472/5289] 001277 速达股份 - 无盈利预测数据
2026-05-09 18:59:58,373 [INFO] [473/5289] 001278 一彬科技 - 无盈利预测数据
2026-05-09 18:59:58,383 [INFO] [474/5289] 001279 强邦新材 - 无盈利预测数据
2026-05-09 18:59:58,415 [INFO] [475/5289] 001280 中国铀业 - 保存 4 条记录
2026-05-09 18:59:58,426 [INFO] [476/5289] 001282 三联锻造 - 无盈利预测数据
2026-05-09 18:59:58,460 [INFO] [477/5289] 001283 豪鹏科技 - 保存 4 条记录
2026-05-09 18:59:58,493 [INFO] [478/5289] 001285 瑞立科密 - 保存 4 条记录
2026-05-09 18:59:58,525 [INFO] [479/5289] 001286 陕西能源 - 保存 4 条记录
2026-05-09 18:59:58,537 [INFO] [480/5289] 001287 中电港 - 无盈利预测数据
2026-05-09 18:59:58,569 [INFO] [481/5289] 001288 运机集团 - 保存 4 条记录
2026-05-09 18:59:58,604 [INFO] [482/5289] 001289 龙源电力 - 保存 4 条记录
2026-05-09 18:59:58,614 [INFO] [483/5289] 001296 长江材料 - 无盈利预测数据
2026-05-09 18:59:58,626 [INFO] [484/5289] 001298 好上好 - 无盈利预测数据
2026-05-09 18:59:58,637 [INFO] [485/5289] 001299 美能能源 - 无盈利预测数据
2026-05-09 18:59:58,646 [INFO] [486/5289] 001300 三柏硕 - 无盈利预测数据
2026-05-09 18:59:58,683 [INFO] [487/5289] 001301 尚太科技 - 保存 4 条记录
2026-05-09 18:59:58,720 [INFO] [488/5289] 001306 夏厦精密 - 保存 3 条记录
2026-05-09 18:59:58,754 [INFO] [489/5289] 001308 康冠科技 - 保存 4 条记录
2026-05-09 18:59:58,764 [INFO] [490/5289] 001309 德明利 - 无盈利预测数据
2026-05-09 18:59:58,795 [INFO] [491/5289] 001311 多利科技 - 保存 3 条记录
2026-05-09 18:59:58,804 [INFO] [492/5289] 001312 福恩股份 - 无盈利预测数据
2026-05-09 18:59:58,838 [INFO] [493/5289] 001313 粤海饲料 - 保存 3 条记录
2026-05-09 18:59:58,847 [INFO] [494/5289] 001314 亿道信息 - 无盈利预测数据
2026-05-09 18:59:58,887 [INFO] [495/5289] 001316 润贝航科 - 保存 4 条记录
2026-05-09 18:59:58,897 [INFO] [496/5289] 001317 三羊马 - 无盈利预测数据
2026-05-09 18:59:58,908 [INFO] [497/5289] 001318 阳光乳业 - 无盈利预测数据
2026-05-09 18:59:58,921 [INFO] [498/5289] 001319 铭科精技 - 无盈利预测数据
2026-05-09 18:59:58,955 [INFO] [499/5289] 001322 箭牌家居 - 保存 4 条记录
2026-05-09 18:59:59,001 [INFO] [500/5289] 001323 慕思股份 - 保存 4 条记录
2026-05-09 19:00:00,002 [INFO] 已完成 500/5289
2026-05-09 19:00:00,014 [INFO] [501/5289] 001324 长青科技 - 无盈利预测数据
2026-05-09 19:00:00,032 [INFO] [502/5289] 001325 元创股份 - 无盈利预测数据
2026-05-09 19:00:00,045 [INFO] [503/5289] 001326 联域股份 - 无盈利预测数据
2026-05-09 19:00:00,084 [INFO] [504/5289] 001328 登康口腔 - 保存 4 条记录
2026-05-09 19:00:00,122 [INFO] [505/5289] 001330 博纳影业 - 保存 3 条记录
2026-05-09 19:00:00,134 [INFO] [506/5289] 001331 胜通能源 - 无盈利预测数据
2026-05-09 19:00:00,170 [INFO] [507/5289] 001332 锡装股份 - 保存 3 条记录
2026-05-09 19:00:00,182 [INFO] [508/5289] 001333 光华股份 - 无盈利预测数据
2026-05-09 19:00:00,220 [INFO] [509/5289] 001335 信凯科技 - 保存 3 条记录
2026-05-09 19:00:00,231 [INFO] [510/5289] 001336 楚环科技 - 无盈利预测数据
2026-05-09 19:00:00,268 [INFO] [511/5289] 001337 四川黄金 - 保存 4 条记录
2026-05-09 19:00:00,279 [INFO] [512/5289] 001338 永顺泰 - 无盈利预测数据
2026-05-09 19:00:00,322 [INFO] [513/5289] 001339 智微智能 - 保存 4 条记录
2026-05-09 19:00:00,337 [INFO] [514/5289] 001356 富岭股份 - 无盈利预测数据
2026-05-09 19:00:00,347 [INFO] [515/5289] 001358 兴欣新材 - 无盈利预测数据
2026-05-09 19:00:00,360 [INFO] [516/5289] 001359 平安电工 - 无盈利预测数据
2026-05-09 19:00:00,371 [INFO] [517/5289] 001360 南矿集团 - 无盈利预测数据
2026-05-09 19:00:00,382 [INFO] [518/5289] 001366 播恩集团 - 无盈利预测数据
2026-05-09 19:00:00,392 [INFO] [519/5289] 001367 海森药业 - 无盈利预测数据
2026-05-09 19:00:00,429 [INFO] [520/5289] 001368 通达创智 - 保存 4 条记录
2026-05-09 19:00:00,441 [INFO] [521/5289] 001369 双欣材料 - 无盈利预测数据
2026-05-09 19:00:00,453 [INFO] [522/5289] 001373 翔腾新材 - 无盈利预测数据
2026-05-09 19:00:00,464 [INFO] [523/5289] 001376 百通能源 - 无盈利预测数据
2026-05-09 19:00:00,473 [INFO] [524/5289] 001378 德冠新材 - 无盈利预测数据
2026-05-09 19:00:00,485 [INFO] [525/5289] 001379 腾达科技 - 无盈利预测数据
2026-05-09 19:00:00,521 [INFO] [526/5289] 001380 华纬科技 - 保存 4 条记录
2026-05-09 19:00:00,539 [INFO] [527/5289] 001382 新亚电缆 - 无盈利预测数据
2026-05-09 19:00:00,554 [INFO] [528/5289] 001386 马可波罗 - 无盈利预测数据
2026-05-09 19:00:00,565 [INFO] [529/5289] 001387 雪祺电气 - 无盈利预测数据
2026-05-09 19:00:00,576 [INFO] [530/5289] 001388 信通电子 - 无盈利预测数据
2026-05-09 19:00:00,610 [INFO] [531/5289] 001389 广合科技 - 保存 4 条记录
2026-05-09 19:00:00,653 [INFO] [532/5289] 001390 古麒绒材 - 保存 4 条记录
2026-05-09 19:00:00,695 [INFO] [533/5289] 001391 国货航 - 保存 3 条记录
2026-05-09 19:00:00,706 [INFO] [534/5289] 001395 亚联机械 - 无盈利预测数据
2026-05-09 19:00:00,748 [INFO] [535/5289] 001396 誉帆科技 - 保存 3 条记录
2026-05-09 19:00:00,758 [INFO] [536/5289] 001400 江顺科技 - 无盈利预测数据
2026-05-09 19:00:00,804 [INFO] [537/5289] 001696 宗申动力 - 保存 4 条记录
2026-05-09 19:00:00,846 [INFO] [538/5289] 001872 招商港口 - 保存 4 条记录
2026-05-09 19:00:00,856 [INFO] [539/5289] 001896 豫能控股 - 无盈利预测数据
2026-05-09 19:00:00,899 [INFO] [540/5289] 001914 招商积余 - 保存 4 条记录
2026-05-09 19:00:00,911 [INFO] [541/5289] 001965 招商公路 - 无盈利预测数据
2026-05-09 19:00:00,952 [INFO] [542/5289] 001979 招商蛇口 - 保存 4 条记录
2026-05-09 19:00:00,988 [INFO] [543/5289] 002001 新 和 成 - 保存 4 条记录
2026-05-09 19:00:01,024 [INFO] [544/5289] 002003 伟星股份 - 保存 4 条记录
2026-05-09 19:00:01,034 [INFO] [545/5289] 002004 华邦健康 - 无盈利预测数据
2026-05-09 19:00:01,044 [INFO] [546/5289] 002005 ST德豪 - 无盈利预测数据
2026-05-09 19:00:01,080 [INFO] [547/5289] 002006 精工科技 - 保存 3 条记录
2026-05-09 19:00:01,129 [INFO] [548/5289] 002007 华兰生物 - 保存 4 条记录
2026-05-09 19:00:01,166 [INFO] [549/5289] 002008 大族激光 - 保存 4 条记录
2026-05-09 19:00:01,176 [INFO] [550/5289] 002009 天奇股份 - 无盈利预测数据
2026-05-09 19:00:02,177 [INFO] 已完成 550/5289
2026-05-09 19:00:02,211 [INFO] [551/5289] 002010 传化智联 - 保存 4 条记录
2026-05-09 19:00:02,245 [INFO] [552/5289] 002011 盾安环境 - 保存 4 条记录
2026-05-09 19:00:02,256 [INFO] [553/5289] 002012 凯恩股份 - 无盈利预测数据
2026-05-09 19:00:02,292 [INFO] [554/5289] 002014 永新股份 - 保存 4 条记录
2026-05-09 19:00:02,323 [INFO] [555/5289] 002015 协鑫能科 - 保存 4 条记录
2026-05-09 19:00:02,337 [INFO] [556/5289] 002016 世荣兆业 - 无盈利预测数据
2026-05-09 19:00:02,346 [INFO] [557/5289] 002017 东信和平 - 无盈利预测数据
2026-05-09 19:00:02,385 [INFO] [558/5289] 002019 亿帆医药 - 保存 3 条记录
2026-05-09 19:00:02,419 [INFO] [559/5289] 002020 京新药业 - 保存 4 条记录
2026-05-09 19:00:02,430 [INFO] [560/5289] 002021 中捷资源 - 无盈利预测数据
2026-05-09 19:00:02,445 [INFO] [561/5289] 002022 科华生物 - 无盈利预测数据
2026-05-09 19:00:02,456 [INFO] [562/5289] 002023 海特高新 - 无盈利预测数据
2026-05-09 19:00:02,467 [INFO] [563/5289] 002024 ST易购 - 无盈利预测数据
2026-05-09 19:00:02,509 [INFO] [564/5289] 002025 航天电器 - 保存 4 条记录
2026-05-09 19:00:02,545 [INFO] [565/5289] 002026 山东威达 - 保存 4 条记录
2026-05-09 19:00:02,584 [INFO] [566/5289] 002027 分众传媒 - 保存 4 条记录
2026-05-09 19:00:02,618 [INFO] [567/5289] 002028 思源电气 - 保存 4 条记录
2026-05-09 19:00:02,628 [INFO] [568/5289] 002029 七 匹 狼 - 无盈利预测数据
2026-05-09 19:00:02,638 [INFO] [569/5289] 002030 达安基因 - 无盈利预测数据
2026-05-09 19:00:02,648 [INFO] [570/5289] 002031 巨轮智能 - 无盈利预测数据
2026-05-09 19:00:02,692 [INFO] [571/5289] 002032 苏 泊 尔 - 保存 4 条记录
2026-05-09 19:00:02,727 [INFO] [572/5289] 002033 丽江股份 - 保存 4 条记录
2026-05-09 19:00:02,760 [INFO] [573/5289] 002034 旺能环境 - 保存 4 条记录
2026-05-09 19:00:02,807 [INFO] [574/5289] 002035 华帝股份 - 保存 4 条记录
2026-05-09 19:00:02,817 [INFO] [575/5289] 002036 联创电子 - 无盈利预测数据
2026-05-09 19:00:02,843 [INFO] [576/5289] 002037 保利联合 - 无盈利预测数据
2026-05-09 19:00:02,853 [INFO] [577/5289] 002038 双鹭药业 - 无盈利预测数据
2026-05-09 19:00:02,890 [INFO] [578/5289] 002039 黔源电力 - 保存 4 条记录
2026-05-09 19:00:02,902 [INFO] [579/5289] 002040 南 京 港 - 无盈利预测数据
2026-05-09 19:00:02,933 [INFO] [580/5289] 002041 登海种业 - 保存 4 条记录
2026-05-09 19:00:02,944 [INFO] [581/5289] 002042 华孚时尚 - 无盈利预测数据
2026-05-09 19:00:02,990 [INFO] [582/5289] 002043 兔 宝 宝 - 保存 4 条记录
2026-05-09 19:00:03,027 [INFO] [583/5289] 002044 美年健康 - 保存 4 条记录
2026-05-09 19:00:03,036 [INFO] [584/5289] 002045 国光电器 - 无盈利预测数据
2026-05-09 19:00:03,073 [INFO] [585/5289] 002046 国机精工 - 保存 4 条记录
2026-05-09 19:00:03,095 [INFO] [586/5289] 002047 *ST宝鹰 - 无盈利预测数据
2026-05-09 19:00:03,109 [INFO] [587/5289] 002048 宁波华翔 - 无盈利预测数据
2026-05-09 19:00:03,142 [INFO] [588/5289] 002049 紫光国微 - 保存 4 条记录
2026-05-09 19:00:03,180 [INFO] [589/5289] 002050 三花智控 - 保存 4 条记录
2026-05-09 19:00:03,212 [INFO] [590/5289] 002051 中工国际 - 保存 4 条记录
2026-05-09 19:00:03,222 [INFO] [591/5289] 002052 同洲电子 - 无盈利预测数据
2026-05-09 19:00:03,264 [INFO] [592/5289] 002053 云南能投 - 保存 4 条记录
2026-05-09 19:00:03,276 [INFO] [593/5289] 002054 德美化工 - 无盈利预测数据
2026-05-09 19:00:03,286 [INFO] [594/5289] 002055 ST得润 - 无盈利预测数据
2026-05-09 19:00:03,320 [INFO] [595/5289] 002056 横店东磁 - 保存 4 条记录
2026-05-09 19:00:03,333 [INFO] [596/5289] 002057 中钢天源 - 无盈利预测数据
2026-05-09 19:00:03,342 [INFO] [597/5289] 002058 *ST威尔 - 无盈利预测数据
2026-05-09 19:00:03,353 [INFO] [598/5289] 002059 云南旅游 - 无盈利预测数据
2026-05-09 19:00:03,393 [INFO] [599/5289] 002060 广东建工 - 保存 4 条记录
2026-05-09 19:00:03,402 [INFO] [600/5289] 002061 浙江交科 - 无盈利预测数据
2026-05-09 19:00:04,403 [INFO] 已完成 600/5289
2026-05-09 19:00:04,435 [INFO] [601/5289] 002062 宏润建设 - 保存 4 条记录
2026-05-09 19:00:04,445 [INFO] [602/5289] 002063 远光软件 - 无盈利预测数据
2026-05-09 19:00:04,530 [INFO] [603/5289] 002064 华峰化学 - 保存 4 条记录
2026-05-09 19:00:04,606 [INFO] [604/5289] 002065 东华软件 - 保存 3 条记录
2026-05-09 19:00:04,694 [INFO] [605/5289] 002066 瑞泰科技 - 保存 3 条记录
2026-05-09 19:00:04,704 [INFO] [606/5289] 002067 景兴纸业 - 无盈利预测数据
2026-05-09 19:00:04,737 [INFO] [607/5289] 002068 黑猫股份 - 保存 3 条记录
2026-05-09 19:00:04,747 [INFO] [608/5289] 002069 獐子岛 - 无盈利预测数据
2026-05-09 19:00:04,759 [INFO] [609/5289] 002072 凯瑞德 - 无盈利预测数据
2026-05-09 19:00:04,770 [INFO] [610/5289] 002073 软控股份 - 无盈利预测数据
2026-05-09 19:00:04,808 [INFO] [611/5289] 002074 国轩高科 - 保存 4 条记录
2026-05-09 19:00:04,818 [INFO] [612/5289] 002075 沙钢股份 - 无盈利预测数据
2026-05-09 19:00:04,833 [INFO] [613/5289] 002076 *ST星光 - 无盈利预测数据
2026-05-09 19:00:04,844 [INFO] [614/5289] 002077 大港股份 - 无盈利预测数据
2026-05-09 19:00:04,877 [INFO] [615/5289] 002078 太阳纸业 - 保存 4 条记录
2026-05-09 19:00:04,912 [INFO] [616/5289] 002079 苏州固锝 - 保存 3 条记录
2026-05-09 19:00:04,945 [INFO] [617/5289] 002080 中材科技 - 保存 4 条记录
2026-05-09 19:00:04,989 [INFO] [618/5289] 002081 金 螳 螂 - 保存 4 条记录
2026-05-09 19:00:05,022 [INFO] [619/5289] 002082 ST万邦 - 保存 2 条记录
2026-05-09 19:00:05,033 [INFO] [620/5289] 002083 孚日股份 - 无盈利预测数据
2026-05-09 19:00:05,044 [INFO] [621/5289] 002084 海鸥住工 - 无盈利预测数据
2026-05-09 19:00:05,076 [INFO] [622/5289] 002085 万丰奥威 - 保存 4 条记录
2026-05-09 19:00:05,086 [INFO] [623/5289] 002086 东方海洋 - 无盈利预测数据
2026-05-09 19:00:05,095 [INFO] [624/5289] 002088 鲁阳节能 - 无盈利预测数据
2026-05-09 19:00:05,104 [INFO] [625/5289] 002090 金智科技 - 无盈利预测数据
2026-05-09 19:00:05,143 [INFO] [626/5289] 002091 江苏国泰 - 保存 4 条记录
2026-05-09 19:00:05,153 [INFO] [627/5289] 002092 中泰化学 - 无盈利预测数据
2026-05-09 19:00:05,162 [INFO] [628/5289] 002093 国脉科技 - 无盈利预测数据
2026-05-09 19:00:05,177 [INFO] [629/5289] 002094 青岛金王 - 无盈利预测数据
2026-05-09 19:00:05,186 [INFO] [630/5289] 002095 生 意 宝 - 无盈利预测数据
2026-05-09 19:00:05,217 [INFO] [631/5289] 002096 易普力 - 保存 4 条记录
2026-05-09 19:00:05,227 [INFO] [632/5289] 002097 山河智能 - 无盈利预测数据
2026-05-09 19:00:05,244 [INFO] [633/5289] 002098 浔兴股份 - 无盈利预测数据
2026-05-09 19:00:05,255 [INFO] [634/5289] 002099 海翔药业 - 无盈利预测数据
2026-05-09 19:00:05,286 [INFO] [635/5289] 002100 天康生物 - 保存 4 条记录
2026-05-09 19:00:05,319 [INFO] [636/5289] 002101 广东鸿图 - 保存 3 条记录
2026-05-09 19:00:05,330 [INFO] [637/5289] 002102 ST能特 - 无盈利预测数据
2026-05-09 19:00:05,364 [INFO] [638/5289] 002103 广博股份 - 保存 4 条记录
2026-05-09 19:00:05,379 [INFO] [639/5289] 002104 恒宝股份 - 无盈利预测数据
2026-05-09 19:00:05,390 [INFO] [640/5289] 002105 信隆健康 - 无盈利预测数据
2026-05-09 19:00:05,402 [INFO] [641/5289] 002106 莱宝高科 - 无盈利预测数据
2026-05-09 19:00:05,414 [INFO] [642/5289] 002107 沃华医药 - 无盈利预测数据
2026-05-09 19:00:05,424 [INFO] [643/5289] 002108 沧州明珠 - 无盈利预测数据
2026-05-09 19:00:05,437 [INFO] [644/5289] 002109 ST兴化 - 无盈利预测数据
2026-05-09 19:00:05,481 [INFO] [645/5289] 002110 三钢闽光 - 保存 4 条记录
2026-05-09 19:00:05,496 [INFO] [646/5289] 002111 威海广泰 - 无盈利预测数据
2026-05-09 19:00:05,506 [INFO] [647/5289] 002112 三变科技 - 无盈利预测数据
2026-05-09 19:00:05,557 [INFO] [648/5289] 002114 罗平锌电 - 无盈利预测数据
2026-05-09 19:00:05,591 [INFO] [649/5289] 002115 三维通信 - 保存 3 条记录
2026-05-09 19:00:05,623 [INFO] [650/5289] 002116 中国海诚 - 保存 4 条记录
2026-05-09 19:00:06,624 [INFO] 已完成 650/5289
2026-05-09 19:00:06,661 [INFO] [651/5289] 002117 东港股份 - 保存 3 条记录
2026-05-09 19:00:06,672 [INFO] [652/5289] 002119 康强电子 - 无盈利预测数据
2026-05-09 19:00:06,708 [INFO] [653/5289] 002120 韵达股份 - 保存 4 条记录
2026-05-09 19:00:06,757 [INFO] [654/5289] 002121 科陆电子 - 保存 3 条记录
2026-05-09 19:00:06,767 [INFO] [655/5289] 002122 ST汇洲 - 无盈利预测数据
2026-05-09 19:00:06,778 [INFO] [656/5289] 002123 梦网科技 - 无盈利预测数据
2026-05-09 19:00:06,789 [INFO] [657/5289] 002124 天邦食品 - 无盈利预测数据
2026-05-09 19:00:06,800 [INFO] [658/5289] 002125 湘潭电化 - 无盈利预测数据
2026-05-09 19:00:06,842 [INFO] [659/5289] 002126 银轮股份 - 保存 4 条记录
2026-05-09 19:00:06,876 [INFO] [660/5289] 002127 南极电商 - 保存 3 条记录
2026-05-09 19:00:06,907 [INFO] [661/5289] 002128 电投能源 - 保存 4 条记录
2026-05-09 19:00:06,941 [INFO] [662/5289] 002129 TCL中环 - 保存 2 条记录
2026-05-09 19:00:06,984 [INFO] [663/5289] 002130 沃尔核材 - 保存 4 条记录
2026-05-09 19:00:06,994 [INFO] [664/5289] 002131 利欧股份 - 无盈利预测数据
2026-05-09 19:00:07,011 [INFO] [665/5289] 002132 恒星科技 - 无盈利预测数据
2026-05-09 19:00:07,027 [INFO] [666/5289] 002133 广宇集团 - 无盈利预测数据
2026-05-09 19:00:07,036 [INFO] [667/5289] 002134 天津普林 - 无盈利预测数据
2026-05-09 19:00:07,048 [INFO] [668/5289] 002135 东南网架 - 无盈利预测数据
2026-05-09 19:00:07,058 [INFO] [669/5289] 002136 安 纳 达 - 无盈利预测数据
2026-05-09 19:00:07,069 [INFO] [670/5289] 002137 实益达 - 无盈利预测数据
2026-05-09 19:00:07,106 [INFO] [671/5289] 002138 顺络电子 - 保存 4 条记录
2026-05-09 19:00:07,143 [INFO] [672/5289] 002139 拓邦股份 - 保存 4 条记录
2026-05-09 19:00:07,178 [INFO] [673/5289] 002140 东华科技 - 保存 4 条记录
2026-05-09 19:00:07,188 [INFO] [674/5289] 002141 贤丰控股 - 无盈利预测数据
2026-05-09 19:00:07,221 [INFO] [675/5289] 002142 宁波银行 - 保存 4 条记录
2026-05-09 19:00:07,232 [INFO] [676/5289] 002144 宏达高科 - 无盈利预测数据
2026-05-09 19:00:07,243 [INFO] [677/5289] 002145 钛能化学 - 无盈利预测数据
2026-05-09 19:00:07,254 [INFO] [678/5289] 002146 荣盛发展 - 无盈利预测数据
2026-05-09 19:00:07,265 [INFO] [679/5289] 002148 北纬科技 - 无盈利预测数据
2026-05-09 19:00:07,277 [INFO] [680/5289] 002149 西部材料 - 无盈利预测数据
2026-05-09 19:00:07,288 [INFO] [681/5289] 002150 正泰电源 - 无盈利预测数据
2026-05-09 19:00:07,304 [INFO] [682/5289] 002151 北斗星通 - 无盈利预测数据
2026-05-09 19:00:07,341 [INFO] [683/5289] 002152 广电运通 - 保存 4 条记录
2026-05-09 19:00:07,390 [INFO] [684/5289] 002153 石基信息 - 保存 3 条记录
2026-05-09 19:00:07,425 [INFO] [685/5289] 002154 报 喜 鸟 - 保存 4 条记录
2026-05-09 19:00:07,464 [INFO] [686/5289] 002155 湖南黄金 - 保存 4 条记录
2026-05-09 19:00:07,501 [INFO] [687/5289] 002156 通富微电 - 保存 4 条记录
2026-05-09 19:00:07,512 [INFO] [688/5289] 002157 正邦科技 - 无盈利预测数据
2026-05-09 19:00:07,550 [INFO] [689/5289] 002158 汉钟精机 - 保存 4 条记录
2026-05-09 19:00:07,589 [INFO] [690/5289] 002159 三特索道 - 保存 4 条记录
2026-05-09 19:00:07,601 [INFO] [691/5289] 002160 常铝股份 - 无盈利预测数据
2026-05-09 19:00:07,641 [INFO] [692/5289] 002161 远 望 谷 - 保存 3 条记录
2026-05-09 19:00:07,651 [INFO] [693/5289] 002162 悦心健康 - 无盈利预测数据
2026-05-09 19:00:07,662 [INFO] [694/5289] 002163 海南发展 - 无盈利预测数据
2026-05-09 19:00:07,673 [INFO] [695/5289] 002164 宁波东力 - 无盈利预测数据
2026-05-09 19:00:07,684 [INFO] [696/5289] 002165 红 宝 丽 - 无盈利预测数据
2026-05-09 19:00:07,720 [INFO] [697/5289] 002166 莱茵生物 - 保存 4 条记录
2026-05-09 19:00:07,731 [INFO] [698/5289] 002167 东方锆业 - 无盈利预测数据
2026-05-09 19:00:07,741 [INFO] [699/5289] 002168 *ST惠程 - 无盈利预测数据
2026-05-09 19:00:07,761 [INFO] [700/5289] 002169 智光电气 - 无盈利预测数据
2026-05-09 19:00:08,762 [INFO] 已完成 700/5289
2026-05-09 19:00:08,802 [INFO] [701/5289] 002170 芭田股份 - 保存 4 条记录
2026-05-09 19:00:08,837 [INFO] [702/5289] 002171 楚江新材 - 保存 4 条记录
2026-05-09 19:00:08,850 [INFO] [703/5289] 002172 澳洋健康 - 无盈利预测数据
2026-05-09 19:00:08,860 [INFO] [704/5289] 002173 创新医疗 - 无盈利预测数据
2026-05-09 19:00:08,870 [INFO] [705/5289] 002174 游族网络 - 无盈利预测数据
2026-05-09 19:00:08,881 [INFO] [706/5289] 002175 *ST东智 - 无盈利预测数据
2026-05-09 19:00:08,891 [INFO] [707/5289] 002176 江特电机 - 无盈利预测数据
2026-05-09 19:00:08,901 [INFO] [708/5289] 002177 御银股份 - 无盈利预测数据
2026-05-09 19:00:08,910 [INFO] [709/5289] 002178 延华智能 - 无盈利预测数据
2026-05-09 19:00:08,943 [INFO] [710/5289] 002179 中航光电 - 保存 4 条记录
2026-05-09 19:00:08,984 [INFO] [711/5289] 002180 奔图科技 - 保存 3 条记录
2026-05-09 19:00:08,997 [INFO] [712/5289] 002181 粤 传 媒 - 无盈利预测数据
2026-05-09 19:00:09,040 [INFO] [713/5289] 002182 宝武镁业 - 保存 3 条记录
2026-05-09 19:00:09,051 [INFO] [714/5289] 002183 怡 亚 通 - 无盈利预测数据
2026-05-09 19:00:09,062 [INFO] [715/5289] 002184 海得控制 - 无盈利预测数据
2026-05-09 19:00:09,098 [INFO] [716/5289] 002185 华天科技 - 保存 4 条记录
2026-05-09 19:00:09,109 [INFO] [717/5289] 002186 全 聚 德 - 无盈利预测数据
2026-05-09 19:00:09,119 [INFO] [718/5289] 002187 广百股份 - 无盈利预测数据
2026-05-09 19:00:09,130 [INFO] [719/5289] 002188 中天服务 - 无盈利预测数据
2026-05-09 19:00:09,140 [INFO] [720/5289] 002189 中光学 - 无盈利预测数据
2026-05-09 19:00:09,151 [INFO] [721/5289] 002190 成飞集成 - 无盈利预测数据
2026-05-09 19:00:09,162 [INFO] [722/5289] 002191 劲嘉股份 - 无盈利预测数据
2026-05-09 19:00:09,170 [INFO] [723/5289] 002192 融捷股份 - 无盈利预测数据
2026-05-09 19:00:09,181 [INFO] [724/5289] 002193 ST如意 - 无盈利预测数据
2026-05-09 19:00:09,192 [INFO] [725/5289] 002194 武汉凡谷 - 无盈利预测数据
2026-05-09 19:00:09,203 [INFO] [726/5289] 002195 岩山科技 - 无盈利预测数据
2026-05-09 19:00:09,214 [INFO] [727/5289] 002196 方正电机 - 无盈利预测数据
2026-05-09 19:00:09,225 [INFO] [728/5289] 002197 证通电子 - 无盈利预测数据
2026-05-09 19:00:09,235 [INFO] [729/5289] 002198 ST嘉应 - 无盈利预测数据
2026-05-09 19:00:09,245 [INFO] [730/5289] 002199 *ST东晶 - 无盈利预测数据
2026-05-09 19:00:09,256 [INFO] [731/5289] 002200 *ST交投 - 无盈利预测数据
2026-05-09 19:00:09,268 [INFO] [732/5289] 002201 九鼎新材 - 无盈利预测数据
2026-05-09 19:00:09,304 [INFO] [733/5289] 002202 金风科技 - 保存 4 条记录
2026-05-09 19:00:09,346 [INFO] [734/5289] 002203 海亮股份 - 保存 4 条记录
2026-05-09 19:00:09,386 [INFO] [735/5289] 002204 大连重工 - 保存 4 条记录
2026-05-09 19:00:09,397 [INFO] [736/5289] 002205 国统股份 - 无盈利预测数据
2026-05-09 19:00:09,441 [INFO] [737/5289] 002206 海 利 得 - 保存 4 条记录
2026-05-09 19:00:09,456 [INFO] [738/5289] 002207 *ST准油 - 无盈利预测数据
2026-05-09 19:00:09,468 [INFO] [739/5289] 002208 合肥城建 - 无盈利预测数据
2026-05-09 19:00:09,478 [INFO] [740/5289] 002209 达 意 隆 - 无盈利预测数据
2026-05-09 19:00:09,489 [INFO] [741/5289] 002210 飞马国际 - 无盈利预测数据
2026-05-09 19:00:09,499 [INFO] [742/5289] 002211 ST宏达 - 无盈利预测数据
2026-05-09 19:00:09,529 [INFO] [743/5289] 002212 天融信 - 保存 4 条记录
2026-05-09 19:00:09,563 [INFO] [744/5289] 002213 大为股份 - 保存 2 条记录
2026-05-09 19:00:09,574 [INFO] [745/5289] 002214 *ST大立 - 无盈利预测数据
2026-05-09 19:00:09,611 [INFO] [746/5289] 002215 诺 普 信 - 保存 4 条记录
2026-05-09 19:00:09,648 [INFO] [747/5289] 002216 三全食品 - 保存 4 条记录
2026-05-09 19:00:09,660 [INFO] [748/5289] 002217 合力泰 - 无盈利预测数据
2026-05-09 19:00:09,671 [INFO] [749/5289] 002218 拓日新能 - 无盈利预测数据
2026-05-09 19:00:09,704 [INFO] [750/5289] 002219 新里程 - 保存 4 条记录
2026-05-09 19:00:10,706 [INFO] 已完成 750/5289
2026-05-09 19:00:10,746 [INFO] [751/5289] 002221 东华能源 - 保存 3 条记录
2026-05-09 19:00:10,757 [INFO] [752/5289] 002222 福晶科技 - 无盈利预测数据
2026-05-09 19:00:10,792 [INFO] [753/5289] 002223 鱼跃医疗 - 保存 4 条记录
2026-05-09 19:00:10,802 [INFO] [754/5289] 002224 三 力 士 - 无盈利预测数据
2026-05-09 19:00:10,834 [INFO] [755/5289] 002225 濮耐股份 - 保存 3 条记录
2026-05-09 19:00:10,869 [INFO] [756/5289] 002226 江南化工 - 保存 3 条记录
2026-05-09 19:00:10,879 [INFO] [757/5289] 002227 *ST特迅 - 无盈利预测数据
2026-05-09 19:00:10,910 [INFO] [758/5289] 002228 合兴包装 - 保存 3 条记录
2026-05-09 19:00:10,921 [INFO] [759/5289] 002229 鸿博股份 - 无盈利预测数据
2026-05-09 19:00:10,953 [INFO] [760/5289] 002230 科大讯飞 - 保存 4 条记录
2026-05-09 19:00:10,962 [INFO] [761/5289] 002231 股票002231 - 无盈利预测数据
2026-05-09 19:00:10,972 [INFO] [762/5289] 002232 启明信息 - 无盈利预测数据
2026-05-09 19:00:11,011 [INFO] [763/5289] 002233 塔牌集团 - 保存 4 条记录
2026-05-09 19:00:11,023 [INFO] [764/5289] 002234 民和股份 - 无盈利预测数据
2026-05-09 19:00:11,033 [INFO] [765/5289] 002235 安妮股份 - 无盈利预测数据
2026-05-09 19:00:11,063 [INFO] [766/5289] 002236 大华股份 - 保存 4 条记录
2026-05-09 19:00:11,098 [INFO] [767/5289] 002237 恒邦股份 - 保存 4 条记录
2026-05-09 19:00:11,108 [INFO] [768/5289] 002238 天威视讯 - 无盈利预测数据
2026-05-09 19:00:11,120 [INFO] [769/5289] 002239 奥特佳 - 无盈利预测数据
2026-05-09 19:00:11,155 [INFO] [770/5289] 002240 盛新锂能 - 保存 3 条记录
2026-05-09 19:00:11,203 [INFO] [771/5289] 002241 歌尔股份 - 保存 4 条记录
2026-05-09 19:00:11,243 [INFO] [772/5289] 002242 九阳股份 - 保存 4 条记录
2026-05-09 19:00:11,252 [INFO] [773/5289] 002243 力合科创 - 无盈利预测数据
2026-05-09 19:00:11,290 [INFO] [774/5289] 002244 滨江集团 - 保存 4 条记录
2026-05-09 19:00:11,322 [INFO] [775/5289] 002245 蔚蓝锂芯 - 保存 4 条记录
2026-05-09 19:00:11,366 [INFO] [776/5289] 002246 北化股份 - 保存 4 条记录
2026-05-09 19:00:11,379 [INFO] [777/5289] 002247 聚力文化 - 无盈利预测数据
2026-05-09 19:00:11,389 [INFO] [778/5289] 002248 华东数控 - 无盈利预测数据
2026-05-09 19:00:11,425 [INFO] [779/5289] 002249 大洋电机 - 保存 4 条记录
2026-05-09 19:00:11,469 [INFO] [780/5289] 002250 联化科技 - 保存 4 条记录
2026-05-09 19:00:11,506 [INFO] [781/5289] 002251 步步高 - 保存 4 条记录
2026-05-09 19:00:11,541 [INFO] [782/5289] 002252 上海莱士 - 保存 4 条记录
2026-05-09 19:00:11,551 [INFO] [783/5289] 002253 *ST智胜 - 无盈利预测数据
2026-05-09 19:00:11,561 [INFO] [784/5289] 002254 泰和新材 - 无盈利预测数据
2026-05-09 19:00:11,571 [INFO] [785/5289] 002255 海陆重工 - 无盈利预测数据
2026-05-09 19:00:11,605 [INFO] [786/5289] 002256 兆新股份 - 保存 3 条记录
2026-05-09 19:00:11,643 [INFO] [787/5289] 002258 利尔化学 - 保存 4 条记录
2026-05-09 19:00:11,653 [INFO] [788/5289] 002259 升达林业 - 无盈利预测数据
2026-05-09 19:00:11,664 [INFO] [789/5289] 002261 拓维信息 - 无盈利预测数据
2026-05-09 19:00:11,696 [INFO] [790/5289] 002262 恩华药业 - 保存 4 条记录
2026-05-09 19:00:11,708 [INFO] [791/5289] 002263 大东南 - 无盈利预测数据
2026-05-09 19:00:11,745 [INFO] [792/5289] 002264 新 华 都 - 保存 4 条记录
2026-05-09 19:00:11,757 [INFO] [793/5289] 002265 建设工业 - 无盈利预测数据
2026-05-09 19:00:11,789 [INFO] [794/5289] 002266 浙富控股 - 保存 4 条记录
2026-05-09 19:00:11,802 [INFO] [795/5289] 002267 陕天然气 - 无盈利预测数据
2026-05-09 19:00:11,851 [INFO] [796/5289] 002268 电科网安 - 保存 4 条记录
2026-05-09 19:00:11,866 [INFO] [797/5289] 002269 美邦服饰 - 无盈利预测数据
2026-05-09 19:00:11,904 [INFO] [798/5289] 002270 华明装备 - 保存 4 条记录
2026-05-09 19:00:11,940 [INFO] [799/5289] 002271 东方雨虹 - 保存 4 条记录
2026-05-09 19:00:11,988 [INFO] [800/5289] 002272 川润股份 - 保存 2 条记录
2026-05-09 19:00:12,989 [INFO] 已完成 800/5289
2026-05-09 19:00:13,025 [INFO] [801/5289] 002273 水晶光电 - 保存 4 条记录
2026-05-09 19:00:13,035 [INFO] [802/5289] 002274 华昌化工 - 无盈利预测数据
2026-05-09 19:00:13,045 [INFO] [803/5289] 002275 桂林三金 - 无盈利预测数据
2026-05-09 19:00:13,079 [INFO] [804/5289] 002276 万马股份 - 保存 3 条记录
2026-05-09 19:00:13,089 [INFO] [805/5289] 002277 友阿股份 - 无盈利预测数据
2026-05-09 19:00:13,099 [INFO] [806/5289] 002278 神开股份 - 无盈利预测数据
2026-05-09 19:00:13,109 [INFO] [807/5289] 002279 久其软件 - 无盈利预测数据
2026-05-09 19:00:13,145 [INFO] [808/5289] 002281 光迅科技 - 保存 4 条记录
2026-05-09 19:00:13,157 [INFO] [809/5289] 002282 博深股份 - 无盈利预测数据
2026-05-09 19:00:13,190 [INFO] [810/5289] 002283 天润工业 - 保存 4 条记录
2026-05-09 19:00:13,232 [INFO] [811/5289] 002284 亚太股份 - 保存 4 条记录
2026-05-09 19:00:13,242 [INFO] [812/5289] 002285 世联行 - 无盈利预测数据
2026-05-09 19:00:13,282 [INFO] [813/5289] 002286 保龄宝 - 保存 3 条记录
2026-05-09 19:00:13,291 [INFO] [814/5289] 002287 奇正藏药 - 无盈利预测数据
2026-05-09 19:00:13,305 [INFO] [815/5289] 002289 *ST宇顺 - 无盈利预测数据
2026-05-09 19:00:13,343 [INFO] [816/5289] 002290 禾盛新材 - 保存 4 条记录
2026-05-09 19:00:13,353 [INFO] [817/5289] 002291 遥望科技 - 无盈利预测数据
2026-05-09 19:00:13,393 [INFO] [818/5289] 002292 奥飞娱乐 - 保存 4 条记录
2026-05-09 19:00:13,433 [INFO] [819/5289] 002293 罗莱生活 - 保存 4 条记录
2026-05-09 19:00:13,467 [INFO] [820/5289] 002294 信立泰 - 保存 4 条记录
2026-05-09 19:00:13,477 [INFO] [821/5289] 002295 精艺股份 - 无盈利预测数据
2026-05-09 19:00:13,492 [INFO] [822/5289] 002296 辉煌科技 - 无盈利预测数据
2026-05-09 19:00:13,501 [INFO] [823/5289] 002297 博云新材 - 无盈利预测数据
2026-05-09 19:00:13,512 [INFO] [824/5289] 002298 中电鑫龙 - 无盈利预测数据
2026-05-09 19:00:13,544 [INFO] [825/5289] 002299 圣农发展 - 保存 4 条记录
2026-05-09 19:00:13,555 [INFO] [826/5289] 002300 太阳电缆 - 无盈利预测数据
2026-05-09 19:00:13,592 [INFO] [827/5289] 002301 齐心集团 - 保存 4 条记录
2026-05-09 19:00:13,604 [INFO] [828/5289] 002302 西部建设 - 无盈利预测数据
2026-05-09 19:00:13,636 [INFO] [829/5289] 002303 美盈森 - 保存 4 条记录
2026-05-09 19:00:13,673 [INFO] [830/5289] 002304 洋河股份 - 保存 4 条记录
2026-05-09 19:00:13,683 [INFO] [831/5289] 002305 *ST南置 - 无盈利预测数据
2026-05-09 19:00:13,694 [INFO] [832/5289] 002306 *ST云网 - 无盈利预测数据
2026-05-09 19:00:13,704 [INFO] [833/5289] 002307 北新路桥 - 无盈利预测数据
2026-05-09 19:00:13,715 [INFO] [834/5289] 002309 中利集团 - 无盈利预测数据
2026-05-09 19:00:13,726 [INFO] [835/5289] 002310 东方新能 - 无盈利预测数据
2026-05-09 19:00:13,763 [INFO] [836/5289] 002311 海大集团 - 保存 4 条记录
2026-05-09 19:00:13,773 [INFO] [837/5289] 002312 川发龙蟒 - 无盈利预测数据
2026-05-09 19:00:13,784 [INFO] [838/5289] 002313 日海智能 - 无盈利预测数据
2026-05-09 19:00:13,795 [INFO] [839/5289] 002314 南山控股 - 无盈利预测数据
2026-05-09 19:00:13,831 [INFO] [840/5289] 002315 焦点科技 - 保存 4 条记录
2026-05-09 19:00:13,841 [INFO] [841/5289] 002316 亚联发展 - 无盈利预测数据
2026-05-09 19:00:13,875 [INFO] [842/5289] 002317 众生药业 - 保存 4 条记录
2026-05-09 19:00:13,911 [INFO] [843/5289] 002318 久立特材 - 保存 4 条记录
2026-05-09 19:00:13,922 [INFO] [844/5289] 002319 乐通股份 - 无盈利预测数据
2026-05-09 19:00:13,933 [INFO] [845/5289] 002320 海峡股份 - 无盈利预测数据
2026-05-09 19:00:13,943 [INFO] [846/5289] 002321 华英农业 - 无盈利预测数据
2026-05-09 19:00:13,985 [INFO] [847/5289] 002322 理工能科 - 保存 4 条记录
2026-05-09 19:00:13,999 [INFO] [848/5289] 002323 *ST雅博 - 无盈利预测数据
2026-05-09 19:00:14,034 [INFO] [849/5289] 002324 普利特 - 保存 3 条记录
2026-05-09 19:00:14,045 [INFO] [850/5289] 002326 永太科技 - 无盈利预测数据
2026-05-09 19:00:15,046 [INFO] 已完成 850/5289
2026-05-09 19:00:15,092 [INFO] [851/5289] 002327 富安娜 - 保存 4 条记录
2026-05-09 19:00:15,103 [INFO] [852/5289] 002328 新朋股份 - 无盈利预测数据
2026-05-09 19:00:15,112 [INFO] [853/5289] 002329 皇氏集团 - 无盈利预测数据
2026-05-09 19:00:15,123 [INFO] [854/5289] 002330 得利斯 - 无盈利预测数据
2026-05-09 19:00:15,133 [INFO] [855/5289] 002331 皖通科技 - 无盈利预测数据
2026-05-09 19:00:15,169 [INFO] [856/5289] 002332 仙琚制药 - 保存 4 条记录
2026-05-09 19:00:15,179 [INFO] [857/5289] 002333 罗普斯金 - 无盈利预测数据
2026-05-09 19:00:15,214 [INFO] [858/5289] 002334 英威腾 - 保存 4 条记录
2026-05-09 19:00:15,258 [INFO] [859/5289] 002335 科华数据 - 保存 4 条记录
2026-05-09 19:00:15,285 [INFO] [860/5289] 002337 赛象科技 - 无盈利预测数据
2026-05-09 19:00:15,297 [INFO] [861/5289] 002338 奥普光电 - 无盈利预测数据
2026-05-09 19:00:15,310 [INFO] [862/5289] 002339 积成电子 - 无盈利预测数据
2026-05-09 19:00:15,365 [INFO] [863/5289] 002340 格林美 - 保存 4 条记录
2026-05-09 19:00:15,395 [INFO] [864/5289] 002342 巨力索具 - 保存 3 条记录
2026-05-09 19:00:15,405 [INFO] [865/5289] 002343 慈文传媒 - 无盈利预测数据
2026-05-09 19:00:15,440 [INFO] [866/5289] 002344 海宁皮城 - 保存 4 条记录
2026-05-09 19:00:15,476 [INFO] [867/5289] 002345 潮宏基 - 保存 4 条记录
2026-05-09 19:00:15,486 [INFO] [868/5289] 002346 柘中股份 - 无盈利预测数据
2026-05-09 19:00:15,496 [INFO] [869/5289] 002347 泰尔股份 - 无盈利预测数据
2026-05-09 19:00:15,505 [INFO] [870/5289] 002348 高乐股份 - 无盈利预测数据
2026-05-09 19:00:15,517 [INFO] [871/5289] 002349 精华制药 - 无盈利预测数据
2026-05-09 19:00:15,527 [INFO] [872/5289] 002350 北京科锐 - 无盈利预测数据
2026-05-09 19:00:15,559 [INFO] [873/5289] 002351 漫步者 - 保存 4 条记录
2026-05-09 19:00:15,594 [INFO] [874/5289] 002352 顺丰控股 - 保存 4 条记录
2026-05-09 19:00:15,630 [INFO] [875/5289] 002353 杰瑞股份 - 保存 4 条记录
2026-05-09 19:00:15,666 [INFO] [876/5289] 002354 天娱数科 - 保存 3 条记录
2026-05-09 19:00:15,676 [INFO] [877/5289] 002355 兴民智通 - 无盈利预测数据
2026-05-09 19:00:15,686 [INFO] [878/5289] 002356 赫美集团 - 无盈利预测数据
2026-05-09 19:00:15,721 [INFO] [879/5289] 002357 富临运业 - 保存 4 条记录
2026-05-09 19:00:15,731 [INFO] [880/5289] 002358 森源电气 - 无盈利预测数据
2026-05-09 19:00:15,745 [INFO] [881/5289] 002360 ST同德 - 无盈利预测数据
2026-05-09 19:00:15,755 [INFO] [882/5289] 002361 神剑股份 - 无盈利预测数据
2026-05-09 19:00:15,767 [INFO] [883/5289] 002362 汉王科技 - 无盈利预测数据
2026-05-09 19:00:15,777 [INFO] [884/5289] 002363 隆基机械 - 无盈利预测数据
2026-05-09 19:00:15,810 [INFO] [885/5289] 002364 中恒电气 - 保存 4 条记录
2026-05-09 19:00:15,821 [INFO] [886/5289] 002365 永安药业 - 无盈利预测数据
2026-05-09 19:00:15,831 [INFO] [887/5289] 002366 融发核电 - 无盈利预测数据
2026-05-09 19:00:15,842 [INFO] [888/5289] 002367 康力电梯 - 无盈利预测数据
2026-05-09 19:00:15,877 [INFO] [889/5289] 002368 太极股份 - 保存 3 条记录
2026-05-09 19:00:15,887 [INFO] [890/5289] 002369 卓翼科技 - 无盈利预测数据
2026-05-09 19:00:15,899 [INFO] [891/5289] 002370 亚太药业 - 无盈利预测数据
2026-05-09 19:00:15,931 [INFO] [892/5289] 002371 北方华创 - 保存 4 条记录
2026-05-09 19:00:15,965 [INFO] [893/5289] 002372 伟星新材 - 保存 4 条记录
2026-05-09 19:00:16,010 [INFO] [894/5289] 002373 千方科技 - 保存 4 条记录
2026-05-09 19:00:16,023 [INFO] [895/5289] 002374 中锐股份 - 无盈利预测数据
2026-05-09 19:00:16,044 [INFO] [896/5289] 002375 亚厦股份 - 无盈利预测数据
2026-05-09 19:00:16,054 [INFO] [897/5289] 002376 新北洋 - 无盈利预测数据
2026-05-09 19:00:16,065 [INFO] [898/5289] 002377 国创高新 - 无盈利预测数据
2026-05-09 19:00:16,076 [INFO] [899/5289] 002378 章源钨业 - 无盈利预测数据
2026-05-09 19:00:16,119 [INFO] [900/5289] 002379 宏桥控股 - 保存 4 条记录
2026-05-09 19:00:17,119 [INFO] 已完成 900/5289
2026-05-09 19:00:17,154 [INFO] [901/5289] 002380 科远智慧 - 保存 4 条记录
2026-05-09 19:00:17,166 [INFO] [902/5289] 002381 双箭股份 - 无盈利预测数据
2026-05-09 19:00:17,202 [INFO] [903/5289] 002382 蓝帆医疗 - 保存 2 条记录
2026-05-09 19:00:17,213 [INFO] [904/5289] 002383 合众思壮 - 无盈利预测数据
2026-05-09 19:00:17,245 [INFO] [905/5289] 002384 东山精密 - 保存 4 条记录
2026-05-09 19:00:17,255 [INFO] [906/5289] 002385 大北农 - 无盈利预测数据
2026-05-09 19:00:17,268 [INFO] [907/5289] 002386 天原股份 - 无盈利预测数据
2026-05-09 19:00:17,283 [INFO] [908/5289] 002387 维信诺 - 无盈利预测数据
2026-05-09 19:00:17,293 [INFO] [909/5289] 002388 新亚制程 - 无盈利预测数据
2026-05-09 19:00:17,324 [INFO] [910/5289] 002389 航天彩虹 - 保存 4 条记录
2026-05-09 19:00:17,339 [INFO] [911/5289] 002390 信邦制药 - 无盈利预测数据
2026-05-09 19:00:17,373 [INFO] [912/5289] 002391 长青股份 - 保存 3 条记录
2026-05-09 19:00:17,411 [INFO] [913/5289] 002392 北京利尔 - 保存 4 条记录
2026-05-09 19:00:17,421 [INFO] [914/5289] 002393 力生制药 - 无盈利预测数据
2026-05-09 19:00:17,431 [INFO] [915/5289] 002394 联发股份 - 无盈利预测数据
2026-05-09 19:00:17,442 [INFO] [916/5289] 002395 双象股份 - 无盈利预测数据
2026-05-09 19:00:17,473 [INFO] [917/5289] 002396 星网锐捷 - 保存 4 条记录
2026-05-09 19:00:17,485 [INFO] [918/5289] 002397 梦洁股份 - 无盈利预测数据
2026-05-09 19:00:17,496 [INFO] [919/5289] 002398 垒知集团 - 无盈利预测数据
2026-05-09 19:00:17,505 [INFO] [920/5289] 002399 海普瑞 - 无盈利预测数据
2026-05-09 19:00:17,520 [INFO] [921/5289] 002400 省广集团 - 无盈利预测数据
2026-05-09 19:00:17,530 [INFO] [922/5289] 002401 中远海科 - 无盈利预测数据
2026-05-09 19:00:17,571 [INFO] [923/5289] 002402 和而泰 - 保存 4 条记录
2026-05-09 19:00:17,582 [INFO] [924/5289] 002403 爱仕达 - 无盈利预测数据
2026-05-09 19:00:17,592 [INFO] [925/5289] 002404 嘉欣丝绸 - 无盈利预测数据
2026-05-09 19:00:17,624 [INFO] [926/5289] 002405 四维图新 - 保存 2 条记录
2026-05-09 19:00:17,656 [INFO] [927/5289] 002406 远东传动 - 保存 4 条记录
2026-05-09 19:00:17,667 [INFO] [928/5289] 002407 多氟多 - 无盈利预测数据
2026-05-09 19:00:17,676 [INFO] [929/5289] 002408 齐翔腾达 - 无盈利预测数据
2026-05-09 19:00:17,710 [INFO] [930/5289] 002409 雅克科技 - 保存 4 条记录
2026-05-09 19:00:17,749 [INFO] [931/5289] 002410 广联达 - 保存 4 条记录
2026-05-09 19:00:17,763 [INFO] [932/5289] 002412 汉森制药 - 无盈利预测数据
2026-05-09 19:00:17,774 [INFO] [933/5289] 002413 雷科防务 - 无盈利预测数据
2026-05-09 19:00:17,807 [INFO] [934/5289] 002414 高德红外 - 保存 4 条记录
2026-05-09 19:00:17,852 [INFO] [935/5289] 002415 海康威视 - 保存 4 条记录
2026-05-09 19:00:17,891 [INFO] [936/5289] 002416 爱施德 - 保存 4 条记录
2026-05-09 19:00:17,901 [INFO] [937/5289] 002418 康盛股份 - 无盈利预测数据
2026-05-09 19:00:17,934 [INFO] [938/5289] 002419 天虹股份 - 保存 4 条记录
2026-05-09 19:00:17,944 [INFO] [939/5289] 002420 毅昌科技 - 无盈利预测数据
2026-05-09 19:00:17,954 [INFO] [940/5289] 002421 达实智能 - 无盈利预测数据
2026-05-09 19:00:17,998 [INFO] [941/5289] 002422 科伦药业 - 保存 4 条记录
2026-05-09 19:00:18,038 [INFO] [942/5289] 002423 中粮资本 - 保存 4 条记录
2026-05-09 19:00:18,051 [INFO] [943/5289] 002424 ST百灵 - 无盈利预测数据
2026-05-09 19:00:18,070 [INFO] [944/5289] 002425 凯撒文化 - 无盈利预测数据
2026-05-09 19:00:18,084 [INFO] [945/5289] 002426 胜利精密 - 无盈利预测数据
2026-05-09 19:00:18,097 [INFO] [946/5289] 002427 尤夫股份 - 无盈利预测数据
2026-05-09 19:00:18,133 [INFO] [947/5289] 002428 云南锗业 - 保存 4 条记录
2026-05-09 19:00:18,165 [INFO] [948/5289] 002429 兆驰股份 - 保存 4 条记录
2026-05-09 19:00:18,196 [INFO] [949/5289] 002430 杭氧股份 - 保存 4 条记录
2026-05-09 19:00:18,206 [INFO] [950/5289] 002431 ST棕榈 - 无盈利预测数据
2026-05-09 19:00:19,207 [INFO] 已完成 950/5289
2026-05-09 19:00:19,244 [INFO] [951/5289] 002432 九安医疗 - 保存 3 条记录
2026-05-09 19:00:19,283 [INFO] [952/5289] 002434 万里扬 - 保存 3 条记录
2026-05-09 19:00:19,315 [INFO] [953/5289] 002436 兴森科技 - 保存 4 条记录
2026-05-09 19:00:19,330 [INFO] [954/5289] 002437 誉衡药业 - 无盈利预测数据
2026-05-09 19:00:19,343 [INFO] [955/5289] 002438 江苏神通 - 无盈利预测数据
2026-05-09 19:00:19,379 [INFO] [956/5289] 002439 启明星辰 - 保存 3 条记录
2026-05-09 19:00:19,423 [INFO] [957/5289] 002440 闰土股份 - 保存 3 条记录
2026-05-09 19:00:19,435 [INFO] [958/5289] 002441 众业达 - 无盈利预测数据
2026-05-09 19:00:19,446 [INFO] [959/5289] 002442 龙星科技 - 无盈利预测数据
2026-05-09 19:00:19,482 [INFO] [960/5289] 002443 金洲管道 - 保存 4 条记录
2026-05-09 19:00:19,519 [INFO] [961/5289] 002444 巨星科技 - 保存 4 条记录
2026-05-09 19:00:19,530 [INFO] [962/5289] 002445 中南文化 - 无盈利预测数据
2026-05-09 19:00:19,542 [INFO] [963/5289] 002446 盛路通信 - 无盈利预测数据
2026-05-09 19:00:19,582 [INFO] [964/5289] 002448 中原内配 - 保存 4 条记录
2026-05-09 19:00:19,593 [INFO] [965/5289] 002449 国星光电 - 无盈利预测数据
2026-05-09 19:00:19,603 [INFO] [966/5289] 002451 摩恩电气 - 无盈利预测数据
2026-05-09 19:00:19,640 [INFO] [967/5289] 002452 长高电新 - 保存 3 条记录
2026-05-09 19:00:19,651 [INFO] [968/5289] 002453 华软科技 - 无盈利预测数据
2026-05-09 19:00:19,664 [INFO] [969/5289] 002454 松芝股份 - 无盈利预测数据
2026-05-09 19:00:19,674 [INFO] [970/5289] 002455 百川股份 - 无盈利预测数据
2026-05-09 19:00:19,684 [INFO] [971/5289] 002456 欧菲光 - 无盈利预测数据
2026-05-09 19:00:19,726 [INFO] [972/5289] 002457 青龙管业 - 保存 3 条记录
2026-05-09 19:00:19,759 [INFO] [973/5289] 002458 益生股份 - 保存 4 条记录
2026-05-09 19:00:19,795 [INFO] [974/5289] 002459 晶澳科技 - 保存 3 条记录
2026-05-09 19:00:19,836 [INFO] [975/5289] 002460 赣锋锂业 - 保存 4 条记录
2026-05-09 19:00:19,876 [INFO] [976/5289] 002461 珠江啤酒 - 保存 4 条记录
2026-05-09 19:00:19,887 [INFO] [977/5289] 002462 嘉事堂 - 无盈利预测数据
2026-05-09 19:00:19,933 [INFO] [978/5289] 002463 沪电股份 - 保存 4 条记录
2026-05-09 19:00:19,986 [INFO] [979/5289] 002465 海格通信 - 保存 3 条记录
2026-05-09 19:00:20,022 [INFO] [980/5289] 002466 天齐锂业 - 保存 4 条记录
2026-05-09 19:00:20,035 [INFO] [981/5289] 002467 二六三 - 无盈利预测数据
2026-05-09 19:00:20,073 [INFO] [982/5289] 002468 申通快递 - 保存 4 条记录
2026-05-09 19:00:20,107 [INFO] [983/5289] 002469 三维化学 - 保存 4 条记录
2026-05-09 19:00:20,119 [INFO] [984/5289] 002470 金正大 - 无盈利预测数据
2026-05-09 19:00:20,129 [INFO] [985/5289] 002471 中超控股 - 无盈利预测数据
2026-05-09 19:00:20,179 [INFO] [986/5289] 002472 双环传动 - 保存 4 条记录
2026-05-09 19:00:20,190 [INFO] [987/5289] 002474 榕基软件 - 无盈利预测数据
2026-05-09 19:00:20,223 [INFO] [988/5289] 002475 立讯精密 - 保存 4 条记录
2026-05-09 19:00:20,233 [INFO] [989/5289] 002476 宝莫股份 - 无盈利预测数据
2026-05-09 19:00:20,274 [INFO] [990/5289] 002478 常宝股份 - 保存 4 条记录
2026-05-09 19:00:20,285 [INFO] [991/5289] 002479 富春环保 - 无盈利预测数据
2026-05-09 19:00:20,322 [INFO] [992/5289] 002480 新筑股份 - 保存 2 条记录
2026-05-09 19:00:20,332 [INFO] [993/5289] 002481 双塔食品 - 无盈利预测数据
2026-05-09 19:00:20,343 [INFO] [994/5289] 002482 广田集团 - 无盈利预测数据
2026-05-09 19:00:20,353 [INFO] [995/5289] 002483 润邦股份 - 无盈利预测数据
2026-05-09 19:00:20,388 [INFO] [996/5289] 002484 江海股份 - 保存 4 条记录
2026-05-09 19:00:20,399 [INFO] [997/5289] 002485 ST雪发 - 无盈利预测数据
2026-05-09 19:00:20,411 [INFO] [998/5289] 002486 嘉麟杰 - 无盈利预测数据
2026-05-09 19:00:20,446 [INFO] [999/5289] 002487 大金重工 - 保存 4 条记录
2026-05-09 19:00:20,492 [INFO] [1000/5289] 002488 金固股份 - 保存 4 条记录
2026-05-09 19:00:21,493 [INFO] 已完成 1000/5289
2026-05-09 19:00:21,505 [INFO] [1001/5289] 002489 浙江永强 - 无盈利预测数据
2026-05-09 19:00:21,516 [INFO] [1002/5289] 002490 山东墨龙 - 无盈利预测数据
2026-05-09 19:00:21,529 [INFO] [1003/5289] 002491 通鼎互联 - 无盈利预测数据
2026-05-09 19:00:21,539 [INFO] [1004/5289] 002492 恒基达鑫 - 无盈利预测数据
2026-05-09 19:00:21,574 [INFO] [1005/5289] 002493 荣盛石化 - 保存 4 条记录
2026-05-09 19:00:21,586 [INFO] [1006/5289] 002494 华斯股份 - 无盈利预测数据
2026-05-09 19:00:21,597 [INFO] [1007/5289] 002495 佳隆股份 - 无盈利预测数据
2026-05-09 19:00:21,607 [INFO] [1008/5289] 002496 *ST辉丰 - 无盈利预测数据
2026-05-09 19:00:21,645 [INFO] [1009/5289] 002497 雅化集团 - 保存 4 条记录
2026-05-09 19:00:21,656 [INFO] [1010/5289] 002498 汉缆股份 - 无盈利预测数据
2026-05-09 19:00:21,666 [INFO] [1011/5289] 002500 山西证券 - 无盈利预测数据
2026-05-09 19:00:21,678 [INFO] [1012/5289] 002501 *ST利源 - 无盈利预测数据
2026-05-09 19:00:21,689 [INFO] [1013/5289] 002506 协鑫集成 - 无盈利预测数据
2026-05-09 19:00:21,725 [INFO] [1014/5289] 002507 涪陵榨菜 - 保存 4 条记录
2026-05-09 19:00:21,774 [INFO] [1015/5289] 002508 老板电器 - 保存 4 条记录
2026-05-09 19:00:21,798 [INFO] [1016/5289] 002510 天汽模 - 无盈利预测数据
2026-05-09 19:00:21,837 [INFO] [1017/5289] 002511 中顺洁柔 - 保存 4 条记录
2026-05-09 19:00:21,847 [INFO] [1018/5289] 002512 ST达华 - 无盈利预测数据
2026-05-09 19:00:21,859 [INFO] [1019/5289] 002513 蓝丰生化 - 无盈利预测数据
2026-05-09 19:00:21,870 [INFO] [1020/5289] 002514 *ST宝馨 - 无盈利预测数据
2026-05-09 19:00:21,880 [INFO] [1021/5289] 002515 金字火腿 - 无盈利预测数据
2026-05-09 19:00:21,891 [INFO] [1022/5289] 002516 旷达科技 - 无盈利预测数据
2026-05-09 19:00:21,925 [INFO] [1023/5289] 002517 恺英网络 - 保存 4 条记录
2026-05-09 19:00:21,965 [INFO] [1024/5289] 002518 科士达 - 保存 4 条记录
2026-05-09 19:00:21,985 [INFO] [1025/5289] 002519 银河电子 - 无盈利预测数据
2026-05-09 19:00:21,995 [INFO] [1026/5289] 002520 日发精机 - 无盈利预测数据
2026-05-09 19:00:22,004 [INFO] [1027/5289] 002521 齐峰新材 - 无盈利预测数据
2026-05-09 19:00:22,014 [INFO] [1028/5289] 002522 浙江众成 - 无盈利预测数据
2026-05-09 19:00:22,031 [INFO] [1029/5289] 002523 天桥起重 - 无盈利预测数据
2026-05-09 19:00:22,042 [INFO] [1030/5289] 002524 光正眼科 - 无盈利预测数据
2026-05-09 19:00:22,053 [INFO] [1031/5289] 002526 山东矿机 - 无盈利预测数据
2026-05-09 19:00:22,063 [INFO] [1032/5289] 002527 新时达 - 无盈利预测数据
2026-05-09 19:00:22,073 [INFO] [1033/5289] 002528 *ST英飞 - 无盈利预测数据
2026-05-09 19:00:22,083 [INFO] [1034/5289] 002529 *ST海源 - 无盈利预测数据
2026-05-09 19:00:22,124 [INFO] [1035/5289] 002530 金财互联 - 保存 3 条记录
2026-05-09 19:00:22,157 [INFO] [1036/5289] 002531 天顺风能 - 保存 3 条记录
2026-05-09 19:00:22,192 [INFO] [1037/5289] 002532 天山铝业 - 保存 4 条记录
2026-05-09 19:00:22,223 [INFO] [1038/5289] 002533 金杯电工 - 保存 4 条记录
2026-05-09 19:00:22,257 [INFO] [1039/5289] 002534 西子洁能 - 保存 4 条记录
2026-05-09 19:00:22,267 [INFO] [1040/5289] 002535 林州重机 - 无盈利预测数据
2026-05-09 19:00:22,300 [INFO] [1041/5289] 002536 飞龙股份 - 保存 4 条记录
2026-05-09 19:00:22,310 [INFO] [1042/5289] 002537 海联金汇 - 无盈利预测数据
2026-05-09 19:00:22,320 [INFO] [1043/5289] 002538 ST司特 - 无盈利预测数据
2026-05-09 19:00:22,357 [INFO] [1044/5289] 002539 云图控股 - 保存 4 条记录
2026-05-09 19:00:22,370 [INFO] [1045/5289] 002540 亚太科技 - 无盈利预测数据
2026-05-09 19:00:22,404 [INFO] [1046/5289] 002541 鸿路钢构 - 保存 4 条记录
2026-05-09 19:00:22,416 [INFO] [1047/5289] 002542 *ST中岩 - 无盈利预测数据
2026-05-09 19:00:22,425 [INFO] [1048/5289] 002543 万和电气 - 无盈利预测数据
2026-05-09 19:00:22,460 [INFO] [1049/5289] 002544 普天科技 - 保存 4 条记录
2026-05-09 19:00:22,509 [INFO] [1050/5289] 002545 东方铁塔 - 保存 4 条记录
2026-05-09 19:00:23,511 [INFO] 已完成 1050/5289
2026-05-09 19:00:23,528 [INFO] [1051/5289] 002546 新联电子 - 无盈利预测数据
2026-05-09 19:00:23,541 [INFO] [1052/5289] 002547 *ST春兴 - 无盈利预测数据
2026-05-09 19:00:23,551 [INFO] [1053/5289] 002548 金新农 - 无盈利预测数据
2026-05-09 19:00:23,562 [INFO] [1054/5289] 002549 凯美特气 - 无盈利预测数据
2026-05-09 19:00:23,599 [INFO] [1055/5289] 002550 千红制药 - 保存 4 条记录
2026-05-09 19:00:23,609 [INFO] [1056/5289] 002551 尚荣医疗 - 无盈利预测数据
2026-05-09 19:00:23,619 [INFO] [1057/5289] 002552 宝鼎科技 - 无盈利预测数据
2026-05-09 19:00:23,630 [INFO] [1058/5289] 002553 南方精工 - 无盈利预测数据
2026-05-09 19:00:23,640 [INFO] [1059/5289] 002554 惠博普 - 无盈利预测数据
2026-05-09 19:00:23,673 [INFO] [1060/5289] 002555 三七互娱 - 保存 4 条记录
2026-05-09 19:00:23,708 [INFO] [1061/5289] 002556 辉隆股份 - 保存 4 条记录
2026-05-09 19:00:23,748 [INFO] [1062/5289] 002557 洽洽食品 - 保存 4 条记录
2026-05-09 19:00:23,783 [INFO] [1063/5289] 002558 巨人网络 - 保存 4 条记录
2026-05-09 19:00:23,794 [INFO] [1064/5289] 002559 亚威股份 - 无盈利预测数据
2026-05-09 19:00:23,834 [INFO] [1065/5289] 002560 通达股份 - 保存 4 条记录
2026-05-09 19:00:23,843 [INFO] [1066/5289] 002561 徐家汇 - 无盈利预测数据
2026-05-09 19:00:23,854 [INFO] [1067/5289] 002562 兄弟科技 - 无盈利预测数据
2026-05-09 19:00:23,886 [INFO] [1068/5289] 002563 森马服饰 - 保存 4 条记录
2026-05-09 19:00:23,896 [INFO] [1069/5289] 002564 天沃科技 - 无盈利预测数据
2026-05-09 19:00:23,906 [INFO] [1070/5289] 002565 顺灏股份 - 无盈利预测数据
2026-05-09 19:00:23,917 [INFO] [1071/5289] 002566 益盛药业 - 无盈利预测数据
2026-05-09 19:00:23,950 [INFO] [1072/5289] 002567 唐人神 - 保存 2 条记录
2026-05-09 19:00:23,986 [INFO] [1073/5289] 002568 百润股份 - 保存 4 条记录
2026-05-09 19:00:23,996 [INFO] [1074/5289] 002569 *ST步森 - 无盈利预测数据
2026-05-09 19:00:24,005 [INFO] [1075/5289] 002570 贝因美 - 无盈利预测数据
2026-05-09 19:00:24,015 [INFO] [1076/5289] 002571 德力股份 - 无盈利预测数据
2026-05-09 19:00:24,049 [INFO] [1077/5289] 002572 索菲亚 - 保存 4 条记录
2026-05-09 19:00:24,059 [INFO] [1078/5289] 002573 清新环境 - 无盈利预测数据
2026-05-09 19:00:24,072 [INFO] [1079/5289] 002574 明牌珠宝 - 无盈利预测数据
2026-05-09 19:00:24,082 [INFO] [1080/5289] 002575 群兴玩具 - 无盈利预测数据
2026-05-09 19:00:24,091 [INFO] [1081/5289] 002576 通达动力 - 无盈利预测数据
2026-05-09 19:00:24,102 [INFO] [1082/5289] 002577 雷柏科技 - 无盈利预测数据
2026-05-09 19:00:24,111 [INFO] [1083/5289] 002578 闽发铝业 - 无盈利预测数据
2026-05-09 19:00:24,120 [INFO] [1084/5289] 002579 中京电子 - 无盈利预测数据
2026-05-09 19:00:24,131 [INFO] [1085/5289] 002580 圣阳股份 - 无盈利预测数据
2026-05-09 19:00:24,142 [INFO] [1086/5289] 002581 *ST未名 - 无盈利预测数据
2026-05-09 19:00:24,152 [INFO] [1087/5289] 002582 好想你 - 无盈利预测数据
2026-05-09 19:00:24,184 [INFO] [1088/5289] 002583 海能达 - 保存 2 条记录
2026-05-09 19:00:24,194 [INFO] [1089/5289] 002584 西陇科学 - 无盈利预测数据
2026-05-09 19:00:24,203 [INFO] [1090/5289] 002585 双星新材 - 无盈利预测数据
2026-05-09 19:00:24,214 [INFO] [1091/5289] 002586 ST围海 - 无盈利预测数据
2026-05-09 19:00:24,248 [INFO] [1092/5289] 002587 奥拓电子 - 保存 4 条记录
2026-05-09 19:00:24,281 [INFO] [1093/5289] 002588 史丹利 - 保存 4 条记录
2026-05-09 19:00:24,292 [INFO] [1094/5289] 002589 瑞康医药 - 无盈利预测数据
2026-05-09 19:00:24,301 [INFO] [1095/5289] 002590 万安科技 - 无盈利预测数据
2026-05-09 19:00:24,312 [INFO] [1096/5289] 002591 恒大高新 - 无盈利预测数据
2026-05-09 19:00:24,323 [INFO] [1097/5289] 002592 ST八菱 - 无盈利预测数据
2026-05-09 19:00:24,338 [INFO] [1098/5289] 002593 日上集团 - 无盈利预测数据
2026-05-09 19:00:24,376 [INFO] [1099/5289] 002594 比亚迪 - 保存 4 条记录
2026-05-09 19:00:24,407 [INFO] [1100/5289] 002595 豪迈科技 - 保存 4 条记录
2026-05-09 19:00:25,407 [INFO] 已完成 1100/5289
2026-05-09 19:00:25,420 [INFO] [1101/5289] 002596 海南瑞泽 - 无盈利预测数据
2026-05-09 19:00:25,456 [INFO] [1102/5289] 002597 金禾实业 - 保存 4 条记录
2026-05-09 19:00:25,468 [INFO] [1103/5289] 002598 ST章鼓 - 无盈利预测数据
2026-05-09 19:00:25,479 [INFO] [1104/5289] 002599 盛通股份 - 无盈利预测数据
2026-05-09 19:00:25,515 [INFO] [1105/5289] 002600 领益智造 - 保存 4 条记录
2026-05-09 19:00:25,549 [INFO] [1106/5289] 002601 龙佰集团 - 保存 4 条记录
2026-05-09 19:00:25,587 [INFO] [1107/5289] 002602 世纪华通 - 保存 4 条记录
2026-05-09 19:00:25,626 [INFO] [1108/5289] 002603 以岭药业 - 保存 4 条记录
2026-05-09 19:00:25,661 [INFO] [1109/5289] 002605 姚记科技 - 保存 4 条记录
2026-05-09 19:00:25,673 [INFO] [1110/5289] 002606 大连电瓷 - 无盈利预测数据
2026-05-09 19:00:25,684 [INFO] [1111/5289] 002607 中公教育 - 无盈利预测数据
2026-05-09 19:00:25,725 [INFO] [1112/5289] 002608 江苏国信 - 保存 4 条记录
2026-05-09 19:00:25,735 [INFO] [1113/5289] 002609 捷顺科技 - 无盈利预测数据
2026-05-09 19:00:25,766 [INFO] [1114/5289] 002611 东方精工 - 保存 3 条记录
2026-05-09 19:00:25,801 [INFO] [1115/5289] 002612 朗姿股份 - 保存 4 条记录
2026-05-09 19:00:25,812 [INFO] [1116/5289] 002613 北玻股份 - 无盈利预测数据
2026-05-09 19:00:25,848 [INFO] [1117/5289] 002614 奥佳华 - 保存 4 条记录
2026-05-09 19:00:25,881 [INFO] [1118/5289] 002615 哈尔斯 - 保存 4 条记录
2026-05-09 19:00:25,915 [INFO] [1119/5289] 002616 长青集团 - 保存 4 条记录
2026-05-09 19:00:25,924 [INFO] [1120/5289] 002617 露笑科技 - 无盈利预测数据
2026-05-09 19:00:25,935 [INFO] [1121/5289] 002620 *ST瑞和 - 无盈利预测数据
2026-05-09 19:00:25,945 [INFO] [1122/5289] 002622 皓宸医疗 - 无盈利预测数据
2026-05-09 19:00:25,955 [INFO] [1123/5289] 002623 亚玛顿 - 无盈利预测数据
2026-05-09 19:00:25,999 [INFO] [1124/5289] 002624 完美世界 - 保存 4 条记录
2026-05-09 19:00:26,035 [INFO] [1125/5289] 002625 光启技术 - 保存 4 条记录
2026-05-09 19:00:26,069 [INFO] [1126/5289] 002626 金达威 - 保存 4 条记录
2026-05-09 19:00:26,078 [INFO] [1127/5289] 002627 三峡旅游 - 无盈利预测数据
2026-05-09 19:00:26,089 [INFO] [1128/5289] 002628 成都路桥 - 无盈利预测数据
2026-05-09 19:00:26,102 [INFO] [1129/5289] 002629 仁智股份 - 无盈利预测数据
2026-05-09 19:00:26,112 [INFO] [1130/5289] 002630 *ST华西 - 无盈利预测数据
2026-05-09 19:00:26,122 [INFO] [1131/5289] 002631 德尔未来 - 无盈利预测数据
2026-05-09 19:00:26,132 [INFO] [1132/5289] 002632 道明光学 - 无盈利预测数据
2026-05-09 19:00:26,142 [INFO] [1133/5289] 002633 申科股份 - 无盈利预测数据
2026-05-09 19:00:26,151 [INFO] [1134/5289] 002634 *ST棒杰 - 无盈利预测数据
2026-05-09 19:00:26,162 [INFO] [1135/5289] 002635 安洁科技 - 无盈利预测数据
2026-05-09 19:00:26,172 [INFO] [1136/5289] 002636 金安国纪 - 无盈利预测数据
2026-05-09 19:00:26,203 [INFO] [1137/5289] 002637 赞宇科技 - 保存 4 条记录
2026-05-09 19:00:26,214 [INFO] [1138/5289] 002638 勤上股份 - 无盈利预测数据
2026-05-09 19:00:26,225 [INFO] [1139/5289] 002639 雪人集团 - 无盈利预测数据
2026-05-09 19:00:26,245 [INFO] [1140/5289] 002640 跨境通 - 无盈利预测数据
2026-05-09 19:00:26,256 [INFO] [1141/5289] 002641 公元股份 - 无盈利预测数据
2026-05-09 19:00:26,267 [INFO] [1142/5289] 002642 荣联科技 - 无盈利预测数据
2026-05-09 19:00:26,302 [INFO] [1143/5289] 002643 万润股份 - 保存 4 条记录
2026-05-09 19:00:26,313 [INFO] [1144/5289] 002644 佛慈制药 - 无盈利预测数据
2026-05-09 19:00:26,323 [INFO] [1145/5289] 002645 华宏科技 - 无盈利预测数据
2026-05-09 19:00:26,361 [INFO] [1146/5289] 002646 天佑德酒 - 保存 4 条记录
2026-05-09 19:00:26,394 [INFO] [1147/5289] 002647 仁东控股 - 保存 4 条记录
2026-05-09 19:00:26,429 [INFO] [1148/5289] 002648 卫星化学 - 保存 4 条记录
2026-05-09 19:00:26,466 [INFO] [1149/5289] 002649 博彦科技 - 保存 4 条记录
2026-05-09 19:00:26,477 [INFO] [1150/5289] 002650 ST加加 - 无盈利预测数据
2026-05-09 19:00:27,478 [INFO] 已完成 1150/5289
2026-05-09 19:00:27,489 [INFO] [1151/5289] 002651 利君股份 - 无盈利预测数据
2026-05-09 19:00:27,500 [INFO] [1152/5289] 002652 扬子新材 - 无盈利预测数据
2026-05-09 19:00:27,531 [INFO] [1153/5289] 002653 海思科 - 保存 4 条记录
2026-05-09 19:00:27,541 [INFO] [1154/5289] 002654 万润科技 - 无盈利预测数据
2026-05-09 19:00:27,552 [INFO] [1155/5289] 002655 共达电声 - 无盈利预测数据
2026-05-09 19:00:27,563 [INFO] [1156/5289] 002656 *ST摩登 - 无盈利预测数据
2026-05-09 19:00:27,574 [INFO] [1157/5289] 002657 中科金财 - 无盈利预测数据
2026-05-09 19:00:27,585 [INFO] [1158/5289] 002658 雪迪龙 - 无盈利预测数据
2026-05-09 19:00:27,617 [INFO] [1159/5289] 002659 凯文教育 - 保存 3 条记录
2026-05-09 19:00:27,629 [INFO] [1160/5289] 002660 茂硕电源 - 无盈利预测数据
2026-05-09 19:00:27,640 [INFO] [1161/5289] 002661 克明食品 - 无盈利预测数据
2026-05-09 19:00:27,652 [INFO] [1162/5289] 002662 峰璟股份 - 无盈利预测数据
2026-05-09 19:00:27,661 [INFO] [1163/5289] 002663 普邦股份 - 无盈利预测数据
2026-05-09 19:00:27,695 [INFO] [1164/5289] 002664 信质集团 - 保存 3 条记录
2026-05-09 19:00:27,706 [INFO] [1165/5289] 002666 德联集团 - 无盈利预测数据
2026-05-09 19:00:27,717 [INFO] [1166/5289] 002667 *ST威领 - 无盈利预测数据
2026-05-09 19:00:27,749 [INFO] [1167/5289] 002668 TCL智家 - 保存 4 条记录
2026-05-09 19:00:27,760 [INFO] [1168/5289] 002669 康达新材 - 无盈利预测数据
2026-05-09 19:00:27,770 [INFO] [1169/5289] 002670 国盛证券 - 无盈利预测数据
2026-05-09 19:00:27,780 [INFO] [1170/5289] 002671 龙泉股份 - 无盈利预测数据
2026-05-09 19:00:27,790 [INFO] [1171/5289] 002672 东江环保 - 无盈利预测数据
2026-05-09 19:00:27,825 [INFO] [1172/5289] 002673 西部证券 - 保存 4 条记录
2026-05-09 19:00:27,861 [INFO] [1173/5289] 002674 兴业科技 - 保存 4 条记录
2026-05-09 19:00:27,894 [INFO] [1174/5289] 002675 东诚药业 - 保存 4 条记录
2026-05-09 19:00:27,904 [INFO] [1175/5289] 002676 顺威股份 - 无盈利预测数据
2026-05-09 19:00:27,947 [INFO] [1176/5289] 002677 浙江美大 - 保存 4 条记录
2026-05-09 19:00:27,957 [INFO] [1177/5289] 002678 珠江钢琴 - 无盈利预测数据
2026-05-09 19:00:27,967 [INFO] [1178/5289] 002679 福建金森 - 无盈利预测数据
2026-05-09 19:00:27,984 [INFO] [1179/5289] 002681 奋达科技 - 无盈利预测数据
2026-05-09 19:00:27,993 [INFO] [1180/5289] 002682 龙洲股份 - 无盈利预测数据
2026-05-09 19:00:28,026 [INFO] [1181/5289] 002683 广东宏大 - 保存 4 条记录
2026-05-09 19:00:28,059 [INFO] [1182/5289] 002685 华东重机 - 保存 3 条记录
2026-05-09 19:00:28,069 [INFO] [1183/5289] 002686 亿利达 - 无盈利预测数据
2026-05-09 19:00:28,080 [INFO] [1184/5289] 002687 乔治白 - 无盈利预测数据
2026-05-09 19:00:28,114 [INFO] [1185/5289] 002688 金河生物 - 保存 4 条记录
2026-05-09 19:00:28,125 [INFO] [1186/5289] 002689 ST远智 - 无盈利预测数据
2026-05-09 19:00:28,158 [INFO] [1187/5289] 002690 美亚光电 - 保存 4 条记录
2026-05-09 19:00:28,170 [INFO] [1188/5289] 002691 *ST冀凯 - 无盈利预测数据
2026-05-09 19:00:28,180 [INFO] [1189/5289] 002692 远程股份 - 无盈利预测数据
2026-05-09 19:00:28,192 [INFO] [1190/5289] 002693 *ST双成 - 无盈利预测数据
2026-05-09 19:00:28,201 [INFO] [1191/5289] 002694 *ST顾地 - 无盈利预测数据
2026-05-09 19:00:28,210 [INFO] [1192/5289] 002695 煌上煌 - 无盈利预测数据
2026-05-09 19:00:28,219 [INFO] [1193/5289] 002696 百洋股份 - 无盈利预测数据
2026-05-09 19:00:28,251 [INFO] [1194/5289] 002697 红旗连锁 - 保存 4 条记录
2026-05-09 19:00:28,287 [INFO] [1195/5289] 002698 博实股份 - 保存 3 条记录
2026-05-09 19:00:28,298 [INFO] [1196/5289] 002700 万憬能源 - 无盈利预测数据
2026-05-09 19:00:28,333 [INFO] [1197/5289] 002701 奥瑞金 - 保存 4 条记录
2026-05-09 19:00:28,344 [INFO] [1198/5289] 002702 海欣食品 - 无盈利预测数据
2026-05-09 19:00:28,356 [INFO] [1199/5289] 002703 浙江世宝 - 无盈利预测数据
2026-05-09 19:00:28,389 [INFO] [1200/5289] 002705 新宝股份 - 保存 4 条记录
2026-05-09 19:00:29,390 [INFO] 已完成 1200/5289
2026-05-09 19:00:29,423 [INFO] [1201/5289] 002706 良信股份 - 保存 4 条记录
2026-05-09 19:00:29,463 [INFO] [1202/5289] 002707 众信旅游 - 保存 4 条记录
2026-05-09 19:00:29,473 [INFO] [1203/5289] 002708 光洋股份 - 无盈利预测数据
2026-05-09 19:00:29,509 [INFO] [1204/5289] 002709 天赐材料 - 保存 4 条记录
2026-05-09 19:00:29,525 [INFO] [1205/5289] 002712 思美传媒 - 无盈利预测数据
2026-05-09 19:00:29,535 [INFO] [1206/5289] 002713 *ST东易 - 无盈利预测数据
2026-05-09 19:00:29,581 [INFO] [1207/5289] 002714 牧原股份 - 保存 4 条记录
2026-05-09 19:00:29,597 [INFO] [1208/5289] 002715 登云股份 - 无盈利预测数据
2026-05-09 19:00:29,608 [INFO] [1209/5289] 002716 湖南白银 - 无盈利预测数据
2026-05-09 19:00:29,620 [INFO] [1210/5289] 002717 *ST岭南 - 无盈利预测数据
2026-05-09 19:00:29,630 [INFO] [1211/5289] 002718 友邦吊顶 - 无盈利预测数据
2026-05-09 19:00:29,641 [INFO] [1212/5289] 002719 ST麦趣 - 无盈利预测数据
2026-05-09 19:00:29,653 [INFO] [1213/5289] 002721 金一文化 - 无盈利预测数据
2026-05-09 19:00:29,664 [INFO] [1214/5289] 002722 物产金轮 - 无盈利预测数据
2026-05-09 19:00:29,674 [INFO] [1215/5289] 002723 小崧股份 - 无盈利预测数据
2026-05-09 19:00:29,687 [INFO] [1216/5289] 002724 海洋王 - 无盈利预测数据
2026-05-09 19:00:29,697 [INFO] [1217/5289] 002725 跃岭股份 - 无盈利预测数据
2026-05-09 19:00:29,708 [INFO] [1218/5289] 002726 ST龙大 - 无盈利预测数据
2026-05-09 19:00:29,742 [INFO] [1219/5289] 002727 一心堂 - 保存 4 条记录
2026-05-09 19:00:29,776 [INFO] [1220/5289] 002728 特一药业 - 保存 4 条记录
2026-05-09 19:00:29,788 [INFO] [1221/5289] 002729 好利科技 - 无盈利预测数据
2026-05-09 19:00:29,800 [INFO] [1222/5289] 002730 电光科技 - 无盈利预测数据
2026-05-09 19:00:29,812 [INFO] [1223/5289] 002731 ST萃华 - 无盈利预测数据
2026-05-09 19:00:29,823 [INFO] [1224/5289] 002732 燕塘乳业 - 无盈利预测数据
2026-05-09 19:00:29,834 [INFO] [1225/5289] 002733 雄韬股份 - 无盈利预测数据
2026-05-09 19:00:29,877 [INFO] [1226/5289] 002734 利民股份 - 保存 4 条记录
2026-05-09 19:00:29,890 [INFO] [1227/5289] 002735 王子新材 - 无盈利预测数据
2026-05-09 19:00:29,925 [INFO] [1228/5289] 002736 国信证券 - 保存 4 条记录
2026-05-09 19:00:29,936 [INFO] [1229/5289] 002737 葵花药业 - 无盈利预测数据
2026-05-09 19:00:29,976 [INFO] [1230/5289] 002738 中矿资源 - 保存 4 条记录
2026-05-09 19:00:30,015 [INFO] [1231/5289] 002739 儒意电影 - 保存 4 条记录
2026-05-09 19:00:30,029 [INFO] [1232/5289] 002741 光华科技 - 无盈利预测数据
2026-05-09 19:00:30,042 [INFO] [1233/5289] 002742 三圣股份 - 无盈利预测数据
2026-05-09 19:00:30,054 [INFO] [1234/5289] 002743 富煌钢构 - 无盈利预测数据
2026-05-09 19:00:30,066 [INFO] [1235/5289] 002745 木林森 - 无盈利预测数据
2026-05-09 19:00:30,113 [INFO] [1236/5289] 002746 仙坛股份 - 保存 4 条记录
2026-05-09 19:00:30,151 [INFO] [1237/5289] 002747 埃斯顿 - 保存 4 条记录
2026-05-09 19:00:30,162 [INFO] [1238/5289] 002748 世龙实业 - 无盈利预测数据
2026-05-09 19:00:30,198 [INFO] [1239/5289] 002749 国光股份 - 保存 4 条记录
2026-05-09 19:00:30,241 [INFO] [1240/5289] 002752 昇兴股份 - 保存 4 条记录
2026-05-09 19:00:30,254 [INFO] [1241/5289] 002753 永东股份 - 无盈利预测数据
2026-05-09 19:00:30,265 [INFO] [1242/5289] 002755 奥赛康 - 无盈利预测数据
2026-05-09 19:00:30,300 [INFO] [1243/5289] 002756 永兴材料 - 保存 4 条记录
2026-05-09 19:00:30,313 [INFO] [1244/5289] 002757 南兴股份 - 无盈利预测数据
2026-05-09 19:00:30,327 [INFO] [1245/5289] 002758 浙农股份 - 无盈利预测数据
2026-05-09 19:00:30,339 [INFO] [1246/5289] 002759 天际股份 - 无盈利预测数据
2026-05-09 19:00:30,353 [INFO] [1247/5289] 002760 凤形股份 - 无盈利预测数据
2026-05-09 19:00:30,364 [INFO] [1248/5289] 002761 浙江建投 - 无盈利预测数据
2026-05-09 19:00:30,375 [INFO] [1249/5289] 002762 *ST金比 - 无盈利预测数据
2026-05-09 19:00:30,386 [INFO] [1250/5289] 002763 汇洁股份 - 无盈利预测数据
2026-05-09 19:00:31,388 [INFO] 已完成 1250/5289
2026-05-09 19:00:31,401 [INFO] [1251/5289] 002765 蓝黛科技 - 无盈利预测数据
2026-05-09 19:00:31,413 [INFO] [1252/5289] 002766 索菱股份 - 无盈利预测数据
2026-05-09 19:00:31,428 [INFO] [1253/5289] 002767 先锋电子 - 无盈利预测数据
2026-05-09 19:00:31,473 [INFO] [1254/5289] 002768 国恩股份 - 保存 4 条记录
2026-05-09 19:00:31,488 [INFO] [1255/5289] 002769 普路通 - 无盈利预测数据
2026-05-09 19:00:31,500 [INFO] [1256/5289] 002771 真视通 - 无盈利预测数据
2026-05-09 19:00:31,548 [INFO] [1257/5289] 002772 众兴菌业 - 保存 4 条记录
2026-05-09 19:00:31,588 [INFO] [1258/5289] 002773 康弘药业 - 保存 4 条记录
2026-05-09 19:00:31,600 [INFO] [1259/5289] 002774 快意电梯 - 无盈利预测数据
2026-05-09 19:00:31,615 [INFO] [1260/5289] 002775 文科股份 - 无盈利预测数据
2026-05-09 19:00:31,654 [INFO] [1261/5289] 002777 久远银海 - 保存 4 条记录
2026-05-09 19:00:31,667 [INFO] [1262/5289] 002778 中晟高科 - 无盈利预测数据
2026-05-09 19:00:31,680 [INFO] [1263/5289] 002779 中坚科技 - 无盈利预测数据
2026-05-09 19:00:31,716 [INFO] [1264/5289] 002780 三夫户外 - 保存 4 条记录
2026-05-09 19:00:31,759 [INFO] [1265/5289] 002782 可立克 - 保存 3 条记录
2026-05-09 19:00:31,775 [INFO] [1266/5289] 002783 凯龙股份 - 无盈利预测数据
2026-05-09 19:00:31,786 [INFO] [1267/5289] 002785 万里石 - 无盈利预测数据
2026-05-09 19:00:31,799 [INFO] [1268/5289] 002786 银宝山新 - 无盈利预测数据
2026-05-09 19:00:31,844 [INFO] [1269/5289] 002787 华源控股 - 保存 3 条记录
2026-05-09 19:00:31,855 [INFO] [1270/5289] 002788 鹭燕医药 - 无盈利预测数据
2026-05-09 19:00:31,874 [INFO] [1271/5289] 002789 *ST建艺 - 无盈利预测数据
2026-05-09 19:00:31,915 [INFO] [1272/5289] 002790 瑞尔特 - 保存 4 条记录
2026-05-09 19:00:31,952 [INFO] [1273/5289] 002791 坚朗五金 - 保存 3 条记录
2026-05-09 19:00:32,004 [INFO] [1274/5289] 002792 通宇通讯 - 保存 4 条记录
2026-05-09 19:00:32,042 [INFO] [1275/5289] 002793 罗欣药业 - 保存 3 条记录
2026-05-09 19:00:32,056 [INFO] [1276/5289] 002795 永和智控 - 无盈利预测数据
2026-05-09 19:00:32,068 [INFO] [1277/5289] 002796 世嘉科技 - 无盈利预测数据
2026-05-09 19:00:32,107 [INFO] [1278/5289] 002797 第一创业 - 保存 4 条记录
2026-05-09 19:00:32,118 [INFO] [1279/5289] 002798 帝欧水华 - 无盈利预测数据
2026-05-09 19:00:32,131 [INFO] [1280/5289] 002799 环球印务 - 无盈利预测数据
2026-05-09 19:00:32,142 [INFO] [1281/5289] 002800 天顺股份 - 无盈利预测数据
2026-05-09 19:00:32,152 [INFO] [1282/5289] 002801 微光股份 - 无盈利预测数据
2026-05-09 19:00:32,164 [INFO] [1283/5289] 002802 洪汇新材 - 无盈利预测数据
2026-05-09 19:00:32,200 [INFO] [1284/5289] 002803 吉宏股份 - 保存 4 条记录
2026-05-09 19:00:32,213 [INFO] [1285/5289] 002805 丰元股份 - 无盈利预测数据
2026-05-09 19:00:32,223 [INFO] [1286/5289] 002806 华锋股份 - 无盈利预测数据
2026-05-09 19:00:32,236 [INFO] [1287/5289] 002807 江阴银行 - 无盈利预测数据
2026-05-09 19:00:32,247 [INFO] [1288/5289] 002808 *ST恒久 - 无盈利预测数据
2026-05-09 19:00:32,259 [INFO] [1289/5289] 002809 红墙股份 - 无盈利预测数据
2026-05-09 19:00:32,271 [INFO] [1290/5289] 002810 山东赫达 - 无盈利预测数据
2026-05-09 19:00:32,288 [INFO] [1291/5289] 002811 郑中设计 - 无盈利预测数据
2026-05-09 19:00:32,334 [INFO] [1292/5289] 002812 恩捷股份 - 保存 4 条记录
2026-05-09 19:00:32,346 [INFO] [1293/5289] 002813 路畅科技 - 无盈利预测数据
2026-05-09 19:00:32,362 [INFO] [1294/5289] 002815 崇达技术 - 无盈利预测数据
2026-05-09 19:00:32,375 [INFO] [1295/5289] 002816 *ST和科 - 无盈利预测数据
2026-05-09 19:00:32,388 [INFO] [1296/5289] 002817 黄山胶囊 - 无盈利预测数据
2026-05-09 19:00:32,399 [INFO] [1297/5289] 002818 富森美 - 无盈利预测数据
2026-05-09 19:00:32,411 [INFO] [1298/5289] 002819 东方中科 - 无盈利预测数据
2026-05-09 19:00:32,424 [INFO] [1299/5289] 002820 桂发祥 - 无盈利预测数据
2026-05-09 19:00:32,459 [INFO] [1300/5289] 002821 凯莱英 - 保存 4 条记录
2026-05-09 19:00:33,460 [INFO] 已完成 1300/5289
2026-05-09 19:00:33,472 [INFO] [1301/5289] 002822 ST中装 - 无盈利预测数据
2026-05-09 19:00:33,485 [INFO] [1302/5289] 002823 凯中精密 - 无盈利预测数据
2026-05-09 19:00:33,521 [INFO] [1303/5289] 002824 和胜股份 - 保存 4 条记录
2026-05-09 19:00:33,533 [INFO] [1304/5289] 002825 纳尔股份 - 无盈利预测数据
2026-05-09 19:00:33,544 [INFO] [1305/5289] 002826 易明医药 - 无盈利预测数据
2026-05-09 19:00:33,579 [INFO] [1306/5289] 002827 高争民爆 - 保存 3 条记录
2026-05-09 19:00:33,597 [INFO] [1307/5289] 002828 贝肯能源 - 无盈利预测数据
2026-05-09 19:00:33,614 [INFO] [1308/5289] 002829 星网宇达 - 无盈利预测数据
2026-05-09 19:00:33,627 [INFO] [1309/5289] 002830 名雕股份 - 无盈利预测数据
2026-05-09 19:00:33,674 [INFO] [1310/5289] 002831 裕同科技 - 保存 4 条记录
2026-05-09 19:00:33,717 [INFO] [1311/5289] 002832 比音勒芬 - 保存 4 条记录
2026-05-09 19:00:33,727 [INFO] [1312/5289] 002833 弘亚数控 - 无盈利预测数据
2026-05-09 19:00:33,738 [INFO] [1313/5289] 002835 同为股份 - 无盈利预测数据
2026-05-09 19:00:33,749 [INFO] [1314/5289] 002836 新宏泽 - 无盈利预测数据
2026-05-09 19:00:33,786 [INFO] [1315/5289] 002837 英维克 - 保存 4 条记录
2026-05-09 19:00:33,825 [INFO] [1316/5289] 002838 道恩股份 - 保存 4 条记录
2026-05-09 19:00:33,860 [INFO] [1317/5289] 002839 张家港行 - 保存 4 条记录
2026-05-09 19:00:33,873 [INFO] [1318/5289] 002840 华统股份 - 无盈利预测数据
2026-05-09 19:00:33,909 [INFO] [1319/5289] 002841 视源股份 - 保存 4 条记录
2026-05-09 19:00:33,921 [INFO] [1320/5289] 002842 翔鹭钨业 - 无盈利预测数据
2026-05-09 19:00:33,931 [INFO] [1321/5289] 002843 泰嘉股份 - 无盈利预测数据
2026-05-09 19:00:33,942 [INFO] [1322/5289] 002845 同兴达 - 无盈利预测数据
2026-05-09 19:00:33,953 [INFO] [1323/5289] 002846 英联股份 - 无盈利预测数据
2026-05-09 19:00:33,998 [INFO] [1324/5289] 002847 盐津铺子 - 保存 4 条记录
2026-05-09 19:00:34,009 [INFO] [1325/5289] 002848 *ST高斯 - 无盈利预测数据
2026-05-09 19:00:34,020 [INFO] [1326/5289] 002849 威星智能 - 无盈利预测数据
2026-05-09 19:00:34,053 [INFO] [1327/5289] 002850 科达利 - 保存 4 条记录
2026-05-09 19:00:34,086 [INFO] [1328/5289] 002851 麦格米特 - 保存 4 条记录
2026-05-09 19:00:34,097 [INFO] [1329/5289] 002852 道道全 - 无盈利预测数据
2026-05-09 19:00:34,133 [INFO] [1330/5289] 002853 皮阿诺 - 保存 2 条记录
2026-05-09 19:00:34,143 [INFO] [1331/5289] 002855 捷荣技术 - 无盈利预测数据
2026-05-09 19:00:34,153 [INFO] [1332/5289] 002856 *ST美芝 - 无盈利预测数据
2026-05-09 19:00:34,189 [INFO] [1333/5289] 002857 三晖电气 - 保存 2 条记录
2026-05-09 19:00:34,224 [INFO] [1334/5289] 002858 力盛体育 - 保存 3 条记录
2026-05-09 19:00:34,263 [INFO] [1335/5289] 002859 洁美科技 - 保存 4 条记录
2026-05-09 19:00:34,273 [INFO] [1336/5289] 002860 星帅尔 - 无盈利预测数据
2026-05-09 19:00:34,283 [INFO] [1337/5289] 002861 瀛通通讯 - 无盈利预测数据
2026-05-09 19:00:34,316 [INFO] [1338/5289] 002862 实丰文化 - 保存 2 条记录
2026-05-09 19:00:34,330 [INFO] [1339/5289] 002863 今飞凯达 - 无盈利预测数据
2026-05-09 19:00:34,342 [INFO] [1340/5289] 002864 盘龙药业 - 无盈利预测数据
2026-05-09 19:00:34,379 [INFO] [1341/5289] 002865 钧达股份 - 保存 3 条记录
2026-05-09 19:00:34,394 [INFO] [1342/5289] 002866 传艺科技 - 无盈利预测数据
2026-05-09 19:00:34,432 [INFO] [1343/5289] 002867 周大生 - 保存 4 条记录
2026-05-09 19:00:34,442 [INFO] [1344/5289] 002868 *ST绿康 - 无盈利预测数据
2026-05-09 19:00:34,452 [INFO] [1345/5289] 002869 金溢科技 - 无盈利预测数据
2026-05-09 19:00:34,462 [INFO] [1346/5289] 002870 香山股份 - 无盈利预测数据
2026-05-09 19:00:34,473 [INFO] [1347/5289] 002871 伟隆股份 - 无盈利预测数据
2026-05-09 19:00:34,483 [INFO] [1348/5289] 002872 ST天圣 - 无盈利预测数据
2026-05-09 19:00:34,493 [INFO] [1349/5289] 002873 新天药业 - 无盈利预测数据
2026-05-09 19:00:34,502 [INFO] [1350/5289] 002875 安奈儿 - 无盈利预测数据
2026-05-09 19:00:35,503 [INFO] 已完成 1350/5289
2026-05-09 19:00:35,534 [INFO] [1351/5289] 002876 三利谱 - 保存 4 条记录
2026-05-09 19:00:35,544 [INFO] [1352/5289] 002877 智能自控 - 无盈利预测数据
2026-05-09 19:00:35,565 [INFO] [1353/5289] 002878 元隆雅图 - 无盈利预测数据
2026-05-09 19:00:35,599 [INFO] [1354/5289] 002879 长缆科技 - 保存 4 条记录
2026-05-09 19:00:35,609 [INFO] [1355/5289] 002880 卫光生物 - 无盈利预测数据
2026-05-09 19:00:35,655 [INFO] [1356/5289] 002881 美格智能 - 保存 4 条记录
2026-05-09 19:00:35,665 [INFO] [1357/5289] 002882 金龙羽 - 无盈利预测数据
2026-05-09 19:00:35,676 [INFO] [1358/5289] 002883 *ST中设 - 无盈利预测数据
2026-05-09 19:00:35,686 [INFO] [1359/5289] 002884 凌霄泵业 - 无盈利预测数据
2026-05-09 19:00:35,695 [INFO] [1360/5289] 002885 京泉华 - 无盈利预测数据
2026-05-09 19:00:35,728 [INFO] [1361/5289] 002886 沃特股份 - 保存 4 条记录
2026-05-09 19:00:35,740 [INFO] [1362/5289] 002887 绿茵生态 - 无盈利预测数据
2026-05-09 19:00:35,750 [INFO] [1363/5289] 002888 惠威科技 - 无盈利预测数据
2026-05-09 19:00:35,761 [INFO] [1364/5289] 002889 东方嘉盛 - 无盈利预测数据
2026-05-09 19:00:35,777 [INFO] [1365/5289] 002890 弘宇股份 - 无盈利预测数据
2026-05-09 19:00:35,812 [INFO] [1366/5289] 002891 中宠股份 - 保存 4 条记录
2026-05-09 19:00:35,825 [INFO] [1367/5289] 002892 科力尔 - 无盈利预测数据
2026-05-09 19:00:35,834 [INFO] [1368/5289] 002893 京能热力 - 无盈利预测数据
2026-05-09 19:00:35,867 [INFO] [1369/5289] 002895 川恒股份 - 保存 4 条记录
2026-05-09 19:00:35,902 [INFO] [1370/5289] 002896 中大力德 - 保存 4 条记录
2026-05-09 19:00:35,911 [INFO] [1371/5289] 002897 意华股份 - 无盈利预测数据
2026-05-09 19:00:35,922 [INFO] [1372/5289] 002898 *ST赛隆 - 无盈利预测数据
2026-05-09 19:00:35,953 [INFO] [1373/5289] 002899 英派斯 - 保存 4 条记录
2026-05-09 19:00:35,962 [INFO] [1374/5289] 002900 哈三联 - 无盈利预测数据
2026-05-09 19:00:35,999 [INFO] [1375/5289] 002901 大博医疗 - 保存 3 条记录
2026-05-09 19:00:36,010 [INFO] [1376/5289] 002902 铭普光磁 - 无盈利预测数据
2026-05-09 19:00:36,045 [INFO] [1377/5289] 002903 宇环数控 - 保存 3 条记录
2026-05-09 19:00:36,055 [INFO] [1378/5289] 002905 金逸影视 - 无盈利预测数据
2026-05-09 19:00:36,089 [INFO] [1379/5289] 002906 华阳集团 - 保存 4 条记录
2026-05-09 19:00:36,099 [INFO] [1380/5289] 002907 华森制药 - 无盈利预测数据
2026-05-09 19:00:36,114 [INFO] [1381/5289] 002908 德生科技 - 无盈利预测数据
2026-05-09 19:00:36,127 [INFO] [1382/5289] 002909 集泰股份 - 无盈利预测数据
2026-05-09 19:00:36,138 [INFO] [1383/5289] 002910 庄园牧场 - 无盈利预测数据
2026-05-09 19:00:36,170 [INFO] [1384/5289] 002911 佛燃能源 - 保存 4 条记录
2026-05-09 19:00:36,182 [INFO] [1385/5289] 002912 中新赛克 - 无盈利预测数据
2026-05-09 19:00:36,219 [INFO] [1386/5289] 002913 奥士康 - 保存 4 条记录
2026-05-09 19:00:36,254 [INFO] [1387/5289] 002915 中欣氟材 - 保存 3 条记录
2026-05-09 19:00:36,286 [INFO] [1388/5289] 002916 深南电路 - 保存 4 条记录
2026-05-09 19:00:36,296 [INFO] [1389/5289] 002917 金奥博 - 无盈利预测数据
2026-05-09 19:00:36,329 [INFO] [1390/5289] 002918 蒙娜丽莎 - 保存 4 条记录
2026-05-09 19:00:36,340 [INFO] [1391/5289] 002919 名臣健康 - 无盈利预测数据
2026-05-09 19:00:36,374 [INFO] [1392/5289] 002920 德赛西威 - 保存 4 条记录
2026-05-09 19:00:36,384 [INFO] [1393/5289] 002921 联诚精密 - 无盈利预测数据
2026-05-09 19:00:36,421 [INFO] [1394/5289] 002922 伊戈尔 - 保存 4 条记录
2026-05-09 19:00:36,431 [INFO] [1395/5289] 002923 润都股份 - 无盈利预测数据
2026-05-09 19:00:36,471 [INFO] [1396/5289] 002925 盈趣科技 - 保存 4 条记录
2026-05-09 19:00:36,509 [INFO] [1397/5289] 002926 华西证券 - 保存 4 条记录
2026-05-09 19:00:36,519 [INFO] [1398/5289] 002927 泰永长征 - 无盈利预测数据
2026-05-09 19:00:36,593 [INFO] [1399/5289] 002928 华夏航空 - 保存 4 条记录
2026-05-09 19:00:36,633 [INFO] [1400/5289] 002929 润建股份 - 保存 3 条记录
2026-05-09 19:00:37,633 [INFO] 已完成 1400/5289
2026-05-09 19:00:37,666 [INFO] [1401/5289] 002930 宏川智慧 - 保存 3 条记录
2026-05-09 19:00:37,675 [INFO] [1402/5289] 002931 锋龙股份 - 无盈利预测数据
2026-05-09 19:00:37,688 [INFO] [1403/5289] 002932 *ST明德 - 无盈利预测数据
2026-05-09 19:00:37,700 [INFO] [1404/5289] 002933 新兴装备 - 无盈利预测数据
2026-05-09 19:00:37,708 [INFO] [1405/5289] 002935 天奥电子 - 无盈利预测数据
2026-05-09 19:00:37,719 [INFO] [1406/5289] 002936 郑州银行 - 无盈利预测数据
2026-05-09 19:00:37,751 [INFO] [1407/5289] 002937 兴瑞科技 - 保存 4 条记录
2026-05-09 19:00:37,785 [INFO] [1408/5289] 002938 鹏鼎控股 - 保存 4 条记录
2026-05-09 19:00:37,800 [INFO] [1409/5289] 002939 长城证券 - 无盈利预测数据
2026-05-09 19:00:37,812 [INFO] [1410/5289] 002940 昂利康 - 无盈利预测数据
2026-05-09 19:00:37,824 [INFO] [1411/5289] 002941 新疆交建 - 无盈利预测数据
2026-05-09 19:00:37,837 [INFO] [1412/5289] 002942 新农股份 - 无盈利预测数据
2026-05-09 19:00:37,871 [INFO] [1413/5289] 002943 宇晶股份 - 保存 3 条记录
2026-05-09 19:00:37,903 [INFO] [1414/5289] 002945 华林证券 - 保存 3 条记录
2026-05-09 19:00:37,933 [INFO] [1415/5289] 002946 新乳业 - 保存 4 条记录
2026-05-09 19:00:37,966 [INFO] [1416/5289] 002947 恒铭达 - 保存 4 条记录
2026-05-09 19:00:38,005 [INFO] [1417/5289] 002948 青岛银行 - 保存 4 条记录
2026-05-09 19:00:38,041 [INFO] [1418/5289] 002949 华阳国际 - 保存 4 条记录
2026-05-09 19:00:38,050 [INFO] [1419/5289] 002950 奥美医疗 - 无盈利预测数据
2026-05-09 19:00:38,060 [INFO] [1420/5289] 002951 金时科技 - 无盈利预测数据
2026-05-09 19:00:38,070 [INFO] [1421/5289] 002952 亚世光电 - 无盈利预测数据
2026-05-09 19:00:38,080 [INFO] [1422/5289] 002953 日丰股份 - 无盈利预测数据
2026-05-09 19:00:38,117 [INFO] [1423/5289] 002955 鸿合科技 - 保存 4 条记录
2026-05-09 19:00:38,150 [INFO] [1424/5289] 002956 西麦食品 - 保存 4 条记录
2026-05-09 19:00:38,161 [INFO] [1425/5289] 002957 科瑞技术 - 无盈利预测数据
2026-05-09 19:00:38,170 [INFO] [1426/5289] 002958 青农商行 - 无盈利预测数据
2026-05-09 19:00:38,201 [INFO] [1427/5289] 002959 小熊电器 - 保存 4 条记录
2026-05-09 19:00:38,236 [INFO] [1428/5289] 002960 青鸟智控 - 保存 4 条记录
2026-05-09 19:00:38,267 [INFO] [1429/5289] 002961 瑞达期货 - 保存 4 条记录
2026-05-09 19:00:38,278 [INFO] [1430/5289] 002962 五方光电 - 无盈利预测数据
2026-05-09 19:00:38,288 [INFO] [1431/5289] 002963 豪尔赛 - 无盈利预测数据
2026-05-09 19:00:38,321 [INFO] [1432/5289] 002965 祥鑫科技 - 保存 3 条记录
2026-05-09 19:00:38,355 [INFO] [1433/5289] 002966 苏州银行 - 保存 4 条记录
2026-05-09 19:00:38,386 [INFO] [1434/5289] 002967 广电计量 - 保存 4 条记录
2026-05-09 19:00:38,429 [INFO] [1435/5289] 002968 新大正 - 保存 4 条记录
2026-05-09 19:00:38,461 [INFO] [1436/5289] 002969 嘉美包装 - 保存 3 条记录
2026-05-09 19:00:38,496 [INFO] [1437/5289] 002970 锐明技术 - 保存 4 条记录
2026-05-09 19:00:38,533 [INFO] [1438/5289] 002971 和远气体 - 保存 3 条记录
2026-05-09 19:00:38,542 [INFO] [1439/5289] 002972 科安达 - 无盈利预测数据
2026-05-09 19:00:38,555 [INFO] [1440/5289] 002973 侨银股份 - 无盈利预测数据
2026-05-09 19:00:38,565 [INFO] [1441/5289] 002975 博杰股份 - 无盈利预测数据
2026-05-09 19:00:38,576 [INFO] [1442/5289] 002976 瑞玛精密 - 无盈利预测数据
2026-05-09 19:00:38,586 [INFO] [1443/5289] 002977 *ST天箭 - 无盈利预测数据
2026-05-09 19:00:38,620 [INFO] [1444/5289] 002978 安宁股份 - 保存 4 条记录
2026-05-09 19:00:38,659 [INFO] [1445/5289] 002979 雷赛智能 - 保存 4 条记录
2026-05-09 19:00:38,692 [INFO] [1446/5289] 002980 华盛昌 - 保存 4 条记录
2026-05-09 19:00:38,704 [INFO] [1447/5289] 002981 朝阳科技 - 无盈利预测数据
2026-05-09 19:00:38,738 [INFO] [1448/5289] 002982 湘佳股份 - 保存 4 条记录
2026-05-09 19:00:38,749 [INFO] [1449/5289] 002983 芯瑞达 - 无盈利预测数据
2026-05-09 19:00:38,784 [INFO] [1450/5289] 002984 森麒麟 - 保存 4 条记录
2026-05-09 19:00:39,785 [INFO] 已完成 1450/5289
2026-05-09 19:00:39,904 [INFO] [1451/5289] 002985 北摩高科 - 保存 4 条记录
2026-05-09 19:00:39,980 [INFO] [1452/5289] 002986 宇新股份 - 保存 3 条记录
2026-05-09 19:00:40,011 [INFO] [1453/5289] 002987 京北方 - 保存 4 条记录
2026-05-09 19:00:40,095 [INFO] [1454/5289] 002988 豪美新材 - 保存 4 条记录
2026-05-09 19:00:40,105 [INFO] [1455/5289] 002989 中天精装 - 无盈利预测数据
2026-05-09 19:00:40,115 [INFO] [1456/5289] 002990 盛视科技 - 无盈利预测数据
2026-05-09 19:00:40,217 [INFO] [1457/5289] 002991 甘源食品 - 保存 4 条记录
2026-05-09 19:00:40,228 [INFO] [1458/5289] 002992 宝明科技 - 无盈利预测数据
2026-05-09 19:00:40,316 [INFO] [1459/5289] 002993 奥海科技 - 保存 4 条记录
2026-05-09 19:00:40,326 [INFO] [1460/5289] 002995 天地在线 - 无盈利预测数据
2026-05-09 19:00:40,339 [INFO] [1461/5289] 002996 顺博合金 - 无盈利预测数据
2026-05-09 19:00:40,451 [INFO] [1462/5289] 002997 瑞鹄模具 - 保存 4 条记录
2026-05-09 19:00:40,551 [INFO] [1463/5289] 002998 优彩资源 - 保存 4 条记录
2026-05-09 19:00:40,562 [INFO] [1464/5289] 002999 天禾股份 - 无盈利预测数据
2026-05-09 19:00:40,594 [INFO] [1465/5289] 003000 劲仔食品 - 保存 4 条记录
2026-05-09 19:00:40,663 [INFO] [1466/5289] 003001 中岩大地 - 保存 4 条记录
2026-05-09 19:00:40,697 [INFO] [1467/5289] 003002 壶化股份 - 保存 3 条记录
2026-05-09 19:00:40,791 [INFO] [1468/5289] 003003 天元股份 - 无盈利预测数据
2026-05-09 19:00:40,800 [INFO] [1469/5289] 003004 *ST声迅 - 无盈利预测数据
2026-05-09 19:00:40,810 [INFO] [1470/5289] 003005 竞业达 - 无盈利预测数据
2026-05-09 19:00:40,916 [INFO] [1471/5289] 003006 百亚股份 - 保存 4 条记录
2026-05-09 19:00:40,927 [INFO] [1472/5289] 003007 直真科技 - 无盈利预测数据
2026-05-09 19:00:40,959 [INFO] [1473/5289] 003008 开普检测 - 保存 4 条记录
2026-05-09 19:00:40,969 [INFO] [1474/5289] 003009 中天火箭 - 无盈利预测数据
2026-05-09 19:00:41,089 [INFO] [1475/5289] 003010 若羽臣 - 保存 4 条记录
2026-05-09 19:00:41,099 [INFO] [1476/5289] 003011 海象新材 - 无盈利预测数据
2026-05-09 19:00:41,202 [INFO] [1477/5289] 003012 东鹏控股 - 保存 4 条记录
2026-05-09 19:00:41,238 [INFO] [1478/5289] 003013 地铁设计 - 保存 4 条记录
2026-05-09 19:00:41,339 [INFO] [1479/5289] 003015 日久光电 - 无盈利预测数据
2026-05-09 19:00:41,350 [INFO] [1480/5289] 003016 欣贺股份 - 无盈利预测数据
2026-05-09 19:00:41,359 [INFO] [1481/5289] 003017 大洋生物 - 无盈利预测数据
2026-05-09 19:00:41,481 [INFO] [1482/5289] 003018 金富科技 - 保存 4 条记录
2026-05-09 19:00:41,493 [INFO] [1483/5289] 003019 宸展光电 - 无盈利预测数据
2026-05-09 19:00:41,502 [INFO] [1484/5289] 003020 立方制药 - 无盈利预测数据
2026-05-09 19:00:41,512 [INFO] [1485/5289] 003021 兆威机电 - 无盈利预测数据
2026-05-09 19:00:41,620 [INFO] [1486/5289] 003022 联泓新科 - 保存 4 条记录
2026-05-09 19:00:41,631 [INFO] [1487/5289] 003023 彩虹集团 - 无盈利预测数据
2026-05-09 19:00:41,641 [INFO] [1488/5289] 003025 思进智能 - 无盈利预测数据
2026-05-09 19:00:41,651 [INFO] [1489/5289] 003026 中晶科技 - 无盈利预测数据
2026-05-09 19:00:41,660 [INFO] [1490/5289] 003027 同兴科技 - 无盈利预测数据
2026-05-09 19:00:41,671 [INFO] [1491/5289] 003028 振邦智能 - 无盈利预测数据
2026-05-09 19:00:41,760 [INFO] [1492/5289] 003029 吉大正元 - 无盈利预测数据
2026-05-09 19:00:41,793 [INFO] [1493/5289] 003030 祖名股份 - 保存 4 条记录
2026-05-09 19:00:41,803 [INFO] [1494/5289] 003031 中瓷电子 - 无盈利预测数据
2026-05-09 19:00:41,813 [INFO] [1495/5289] 003032 *ST传智 - 无盈利预测数据
2026-05-09 19:00:41,899 [INFO] [1496/5289] 003033 征和工业 - 无盈利预测数据
2026-05-09 19:00:41,912 [INFO] [1497/5289] 003035 南网能源 - 无盈利预测数据
2026-05-09 19:00:41,923 [INFO] [1498/5289] 003036 泰坦股份 - 无盈利预测数据
2026-05-09 19:00:41,937 [INFO] [1499/5289] 003037 三和管桩 - 无盈利预测数据
2026-05-09 19:00:42,056 [INFO] [1500/5289] 003038 鑫铂股份 - 保存 2 条记录
2026-05-09 19:00:43,057 [INFO] 已完成 1500/5289
2026-05-09 19:00:43,067 [INFO] [1501/5289] 003039 顺控发展 - 无盈利预测数据
2026-05-09 19:00:43,076 [INFO] [1502/5289] 003040 楚天龙 - 无盈利预测数据
2026-05-09 19:00:43,089 [INFO] [1503/5289] 003041 真爱美家 - 无盈利预测数据
2026-05-09 19:00:43,101 [INFO] [1504/5289] 003042 中农联合 - 无盈利预测数据
2026-05-09 19:00:43,133 [INFO] [1505/5289] 003043 华亚智能 - 保存 3 条记录
2026-05-09 19:00:43,166 [INFO] [1506/5289] 003816 中国广核 - 保存 4 条记录
2026-05-09 19:00:43,200 [INFO] [1507/5289] 300001 特锐德 - 保存 4 条记录
2026-05-09 19:00:43,234 [INFO] [1508/5289] 300002 神州泰岳 - 保存 4 条记录
2026-05-09 19:00:43,266 [INFO] [1509/5289] 300003 乐普医疗 - 保存 4 条记录
2026-05-09 19:00:43,297 [INFO] [1510/5289] 300004 南风股份 - 保存 4 条记录
2026-05-09 19:00:43,334 [INFO] [1511/5289] 300005 探路者 - 保存 4 条记录
2026-05-09 19:00:43,344 [INFO] [1512/5289] 300006 莱美药业 - 无盈利预测数据
2026-05-09 19:00:43,382 [INFO] [1513/5289] 300007 汉威科技 - 保存 3 条记录
2026-05-09 19:00:43,393 [INFO] [1514/5289] 300008 天海防务 - 无盈利预测数据
2026-05-09 19:00:43,426 [INFO] [1515/5289] 300009 安科生物 - 保存 4 条记录
2026-05-09 19:00:43,460 [INFO] [1516/5289] 300010 ST豆神 - 保存 3 条记录
2026-05-09 19:00:43,470 [INFO] [1517/5289] 300011 鼎汉技术 - 无盈利预测数据
2026-05-09 19:00:43,505 [INFO] [1518/5289] 300012 华测检测 - 保存 4 条记录
2026-05-09 19:00:43,516 [INFO] [1519/5289] 300013 新宁物流 - 无盈利预测数据
2026-05-09 19:00:43,552 [INFO] [1520/5289] 300014 亿纬锂能 - 保存 4 条记录
2026-05-09 19:00:43,585 [INFO] [1521/5289] 300015 爱尔眼科 - 保存 4 条记录
2026-05-09 19:00:43,595 [INFO] [1522/5289] 300016 北陆药业 - 无盈利预测数据
2026-05-09 19:00:43,626 [INFO] [1523/5289] 300017 网宿科技 - 保存 4 条记录
2026-05-09 19:00:43,640 [INFO] [1524/5289] 300018 中元股份 - 无盈利预测数据
2026-05-09 19:00:43,674 [INFO] [1525/5289] 300019 硅宝科技 - 保存 4 条记录
2026-05-09 19:00:43,683 [INFO] [1526/5289] 300020 ST银江 - 无盈利预测数据
2026-05-09 19:00:43,695 [INFO] [1527/5289] 300021 大禹节水 - 无盈利预测数据
2026-05-09 19:00:43,707 [INFO] [1528/5289] 300022 吉峰科技 - 无盈利预测数据
2026-05-09 19:00:43,718 [INFO] [1529/5289] 300024 机器人 - 无盈利预测数据
2026-05-09 19:00:43,729 [INFO] [1530/5289] 300025 华星创业 - 无盈利预测数据
2026-05-09 19:00:43,745 [INFO] [1531/5289] 300026 红日药业 - 无盈利预测数据
2026-05-09 19:00:43,755 [INFO] [1532/5289] 300027 ST华谊 - 无盈利预测数据
2026-05-09 19:00:43,766 [INFO] [1533/5289] 300029 *ST天龙 - 无盈利预测数据
2026-05-09 19:00:43,777 [INFO] [1534/5289] 300030 阳普医疗 - 无盈利预测数据
2026-05-09 19:00:43,785 [INFO] [1535/5289] 300031 宝通科技 - 无盈利预测数据
2026-05-09 19:00:43,796 [INFO] [1536/5289] 300032 金龙机电 - 无盈利预测数据
2026-05-09 19:00:43,831 [INFO] [1537/5289] 300033 同花顺 - 保存 4 条记录
2026-05-09 19:00:43,864 [INFO] [1538/5289] 300034 钢研高纳 - 保存 4 条记录
2026-05-09 19:00:43,902 [INFO] [1539/5289] 300035 中科电气 - 保存 4 条记录
2026-05-09 19:00:43,935 [INFO] [1540/5289] 300036 超图软件 - 保存 4 条记录
2026-05-09 19:00:43,969 [INFO] [1541/5289] 300037 新宙邦 - 保存 4 条记录
2026-05-09 19:00:43,985 [INFO] [1542/5289] 300039 上海凯宝 - 无盈利预测数据
2026-05-09 19:00:44,024 [INFO] [1543/5289] 300040 九洲集团 - 保存 4 条记录
2026-05-09 19:00:44,065 [INFO] [1544/5289] 300041 回天新材 - 保存 4 条记录
2026-05-09 19:00:44,076 [INFO] [1545/5289] 300042 朗科科技 - 无盈利预测数据
2026-05-09 19:00:44,089 [INFO] [1546/5289] 300043 星辉娱乐 - 无盈利预测数据
2026-05-09 19:00:44,102 [INFO] [1547/5289] 300044 *ST赛为 - 无盈利预测数据
2026-05-09 19:00:44,112 [INFO] [1548/5289] 300045 华力创通 - 无盈利预测数据
2026-05-09 19:00:44,121 [INFO] [1549/5289] 300046 台基股份 - 无盈利预测数据
2026-05-09 19:00:44,134 [INFO] [1550/5289] 300047 天源迪科 - 无盈利预测数据
2026-05-09 19:00:45,135 [INFO] 已完成 1550/5289
2026-05-09 19:00:45,147 [INFO] [1551/5289] 300048 合康新能 - 无盈利预测数据
2026-05-09 19:00:45,182 [INFO] [1552/5289] 300049 福瑞医科 - 保存 4 条记录
2026-05-09 19:00:45,192 [INFO] [1553/5289] 300050 世纪鼎利 - 无盈利预测数据
2026-05-09 19:00:45,203 [INFO] [1554/5289] 300051 琏升科技 - 无盈利预测数据
2026-05-09 19:00:45,212 [INFO] [1555/5289] 300052 中青宝 - 无盈利预测数据
2026-05-09 19:00:45,223 [INFO] [1556/5289] 300053 航宇微 - 无盈利预测数据
2026-05-09 19:00:45,254 [INFO] [1557/5289] 300054 鼎龙股份 - 保存 4 条记录
2026-05-09 19:00:45,289 [INFO] [1558/5289] 300055 万邦达 - 保存 2 条记录
2026-05-09 19:00:45,300 [INFO] [1559/5289] 300056 中创环保 - 无盈利预测数据
2026-05-09 19:00:45,310 [INFO] [1560/5289] 300057 万顺新材 - 无盈利预测数据
2026-05-09 19:00:45,342 [INFO] [1561/5289] 300058 蓝色光标 - 保存 4 条记录
2026-05-09 19:00:45,379 [INFO] [1562/5289] 300059 东方财富 - 保存 4 条记录
2026-05-09 19:00:45,389 [INFO] [1563/5289] 300061 旗天科技 - 无盈利预测数据
2026-05-09 19:00:45,399 [INFO] [1564/5289] 300062 中能电气 - 无盈利预测数据
2026-05-09 19:00:45,409 [INFO] [1565/5289] 300063 天龙集团 - 无盈利预测数据
2026-05-09 19:00:45,418 [INFO] [1566/5289] 300065 海兰信 - 无盈利预测数据
2026-05-09 19:00:45,429 [INFO] [1567/5289] 300066 三川智慧 - 无盈利预测数据
2026-05-09 19:00:45,440 [INFO] [1568/5289] 300067 安诺其 - 无盈利预测数据
2026-05-09 19:00:45,452 [INFO] [1569/5289] 300068 ST南都 - 无盈利预测数据
2026-05-09 19:00:45,462 [INFO] [1570/5289] 300069 金利华电 - 无盈利预测数据
2026-05-09 19:00:45,473 [INFO] [1571/5289] 300070 碧水源 - 无盈利预测数据
2026-05-09 19:00:45,483 [INFO] [1572/5289] 300071 福石控股 - 无盈利预测数据
2026-05-09 19:00:45,524 [INFO] [1573/5289] 300072 海新能科 - 保存 3 条记录
2026-05-09 19:00:45,566 [INFO] [1574/5289] 300073 当升科技 - 保存 4 条记录
2026-05-09 19:00:45,578 [INFO] [1575/5289] 300074 华平股份 - 无盈利预测数据
2026-05-09 19:00:45,587 [INFO] [1576/5289] 300075 数字政通 - 无盈利预测数据
2026-05-09 19:00:45,600 [INFO] [1577/5289] 300076 *ST宁视 - 无盈利预测数据
2026-05-09 19:00:45,611 [INFO] [1578/5289] 300077 国民技术 - 无盈利预测数据
2026-05-09 19:00:45,621 [INFO] [1579/5289] 300078 思创智联 - 无盈利预测数据
2026-05-09 19:00:45,662 [INFO] [1580/5289] 300079 数码视讯 - 保存 4 条记录
2026-05-09 19:00:45,676 [INFO] [1581/5289] 300080 易成新能 - 无盈利预测数据
2026-05-09 19:00:45,687 [INFO] [1582/5289] 300081 ST恒信 - 无盈利预测数据
2026-05-09 19:00:45,697 [INFO] [1583/5289] 300082 奥克股份 - 无盈利预测数据
2026-05-09 19:00:45,734 [INFO] [1584/5289] 300083 创世纪 - 保存 3 条记录
2026-05-09 19:00:45,749 [INFO] [1585/5289] 300084 海默科技 - 无盈利预测数据
2026-05-09 19:00:45,760 [INFO] [1586/5289] 300085 银之杰 - 无盈利预测数据
2026-05-09 19:00:45,769 [INFO] [1587/5289] 300086 康芝药业 - 无盈利预测数据
2026-05-09 19:00:45,779 [INFO] [1588/5289] 300087 荃银高科 - 无盈利预测数据
2026-05-09 19:00:45,813 [INFO] [1589/5289] 300088 长信科技 - 保存 4 条记录
2026-05-09 19:00:45,831 [INFO] [1590/5289] 300091 *ST金灵 - 无盈利预测数据
2026-05-09 19:00:45,871 [INFO] [1591/5289] 300092 科新机电 - 保存 3 条记录
2026-05-09 19:00:45,880 [INFO] [1592/5289] 300093 *ST金刚 - 无盈利预测数据
2026-05-09 19:00:45,896 [INFO] [1593/5289] 300094 国联水产 - 无盈利预测数据
2026-05-09 19:00:45,907 [INFO] [1594/5289] 300095 华伍股份 - 无盈利预测数据
2026-05-09 19:00:45,917 [INFO] [1595/5289] 300096 ST易联众 - 无盈利预测数据
2026-05-09 19:00:45,931 [INFO] [1596/5289] 300097 智云股份 - 无盈利预测数据
2026-05-09 19:00:45,946 [INFO] [1597/5289] 300098 高新兴 - 无盈利预测数据
2026-05-09 19:00:45,985 [INFO] [1598/5289] 300099 尤洛卡 - 保存 4 条记录
2026-05-09 19:00:46,018 [INFO] [1599/5289] 300100 双林股份 - 保存 4 条记录
2026-05-09 19:00:46,029 [INFO] [1600/5289] 300101 振芯科技 - 无盈利预测数据
2026-05-09 19:00:47,030 [INFO] 已完成 1600/5289
2026-05-09 19:00:47,040 [INFO] [1601/5289] 300102 乾照光电 - 无盈利预测数据
2026-05-09 19:00:47,050 [INFO] [1602/5289] 300103 达刚控股 - 无盈利预测数据
2026-05-09 19:00:47,060 [INFO] [1603/5289] 300105 龙源技术 - 无盈利预测数据
2026-05-09 19:00:47,072 [INFO] [1604/5289] 300106 西部牧业 - 无盈利预测数据
2026-05-09 19:00:47,080 [INFO] [1605/5289] 300107 建新股份 - 无盈利预测数据
2026-05-09 19:00:47,091 [INFO] [1606/5289] 300109 新开源 - 无盈利预测数据
2026-05-09 19:00:47,100 [INFO] [1607/5289] 300110 华仁药业 - 无盈利预测数据
2026-05-09 19:00:47,110 [INFO] [1608/5289] 300111 向日葵 - 无盈利预测数据
2026-05-09 19:00:47,121 [INFO] [1609/5289] 300112 万讯自控 - 无盈利预测数据
2026-05-09 19:00:47,156 [INFO] [1610/5289] 300113 顺网科技 - 保存 4 条记录
2026-05-09 19:00:47,192 [INFO] [1611/5289] 300115 长盈精密 - 保存 4 条记录
2026-05-09 19:00:47,228 [INFO] [1612/5289] 300118 东方日升 - 保存 2 条记录
2026-05-09 19:00:47,260 [INFO] [1613/5289] 300119 瑞普生物 - 保存 4 条记录
2026-05-09 19:00:47,272 [INFO] [1614/5289] 300120 经纬辉开 - 无盈利预测数据
2026-05-09 19:00:47,309 [INFO] [1615/5289] 300121 阳谷华泰 - 保存 4 条记录
2026-05-09 19:00:47,320 [INFO] [1616/5289] 300122 智飞生物 - 无盈利预测数据
2026-05-09 19:00:47,329 [INFO] [1617/5289] 300123 ST亚光 - 无盈利预测数据
2026-05-09 19:00:47,360 [INFO] [1618/5289] 300124 汇川技术 - 保存 4 条记录
2026-05-09 19:00:47,371 [INFO] [1619/5289] 300125 *ST聆达 - 无盈利预测数据
2026-05-09 19:00:47,381 [INFO] [1620/5289] 300126 锐奇股份 - 无盈利预测数据
2026-05-09 19:00:47,391 [INFO] [1621/5289] 300127 银河磁体 - 无盈利预测数据
2026-05-09 19:00:47,400 [INFO] [1622/5289] 300128 锦富技术 - 无盈利预测数据
2026-05-09 19:00:47,433 [INFO] [1623/5289] 300129 泰胜风能 - 保存 4 条记录
2026-05-09 19:00:47,466 [INFO] [1624/5289] 300130 新国都 - 保存 4 条记录
2026-05-09 19:00:47,501 [INFO] [1625/5289] 300131 英唐智控 - 保存 3 条记录
2026-05-09 19:00:47,541 [INFO] [1626/5289] 300132 青松股份 - 保存 4 条记录
2026-05-09 19:00:47,579 [INFO] [1627/5289] 300133 华策影视 - 保存 4 条记录
2026-05-09 19:00:47,589 [INFO] [1628/5289] 300134 大富科技 - 无盈利预测数据
2026-05-09 19:00:47,599 [INFO] [1629/5289] 300135 宝利国际 - 无盈利预测数据
2026-05-09 19:00:47,634 [INFO] [1630/5289] 300136 信维通信 - 保存 4 条记录
2026-05-09 19:00:47,666 [INFO] [1631/5289] 300137 先河环保 - 保存 3 条记录
2026-05-09 19:00:47,701 [INFO] [1632/5289] 300138 晨光生物 - 保存 4 条记录
2026-05-09 19:00:47,711 [INFO] [1633/5289] 300139 晓程科技 - 无盈利预测数据
2026-05-09 19:00:47,744 [INFO] [1634/5289] 300140 节能环境 - 保存 3 条记录
2026-05-09 19:00:47,754 [INFO] [1635/5289] 300141 和顺电气 - 无盈利预测数据
2026-05-09 19:00:47,764 [INFO] [1636/5289] 300142 沃森生物 - 无盈利预测数据
2026-05-09 19:00:47,795 [INFO] [1637/5289] 300143 盈康生命 - 保存 4 条记录
2026-05-09 19:00:47,836 [INFO] [1638/5289] 300144 宋城演艺 - 保存 4 条记录
2026-05-09 19:00:47,870 [INFO] [1639/5289] 300145 南方泵业 - 保存 4 条记录
2026-05-09 19:00:47,881 [INFO] [1640/5289] 300146 汤臣倍健 - 无盈利预测数据
2026-05-09 19:00:47,891 [INFO] [1641/5289] 300147 *ST香雪 - 无盈利预测数据
2026-05-09 19:00:47,901 [INFO] [1642/5289] 300148 天舟文化 - 无盈利预测数据
2026-05-09 19:00:47,912 [INFO] [1643/5289] 300149 睿智医药 - 无盈利预测数据
2026-05-09 19:00:47,921 [INFO] [1644/5289] 300150 世纪瑞尔 - 无盈利预测数据
2026-05-09 19:00:47,954 [INFO] [1645/5289] 300151 昌红科技 - 保存 3 条记录
2026-05-09 19:00:47,968 [INFO] [1646/5289] 300152 *ST动力 - 无盈利预测数据
2026-05-09 19:00:47,985 [INFO] [1647/5289] 300153 科泰电源 - 无盈利预测数据
2026-05-09 19:00:47,997 [INFO] [1648/5289] 300154 瑞凌股份 - 无盈利预测数据
2026-05-09 19:00:48,005 [INFO] [1649/5289] 300155 安居宝 - 无盈利预测数据
2026-05-09 19:00:48,018 [INFO] [1650/5289] 300157 新锦动力 - 无盈利预测数据
2026-05-09 19:00:49,019 [INFO] 已完成 1650/5289
2026-05-09 19:00:49,031 [INFO] [1651/5289] 300158 振东制药 - 无盈利预测数据
2026-05-09 19:00:49,041 [INFO] [1652/5289] 300159 *ST新研 - 无盈利预测数据
2026-05-09 19:00:49,054 [INFO] [1653/5289] 300160 秀强股份 - 无盈利预测数据
2026-05-09 19:00:49,091 [INFO] [1654/5289] 300161 华中数控 - 保存 4 条记录
2026-05-09 19:00:49,100 [INFO] [1655/5289] 300162 雷曼光电 - 无盈利预测数据
2026-05-09 19:00:49,110 [INFO] [1656/5289] 300163 先锋新材 - 无盈利预测数据
2026-05-09 19:00:49,121 [INFO] [1657/5289] 300164 通源石油 - 无盈利预测数据
2026-05-09 19:00:49,130 [INFO] [1658/5289] 300165 天瑞仪器 - 无盈利预测数据
2026-05-09 19:00:49,170 [INFO] [1659/5289] 300166 东方国信 - 保存 2 条记录
2026-05-09 19:00:49,181 [INFO] [1660/5289] 300167 ST迪威迅 - 无盈利预测数据
2026-05-09 19:00:49,192 [INFO] [1661/5289] 300168 万达信息 - 无盈利预测数据
2026-05-09 19:00:49,204 [INFO] [1662/5289] 300169 天晟新材 - 无盈利预测数据
2026-05-09 19:00:49,240 [INFO] [1663/5289] 300170 汉得信息 - 保存 4 条记录
2026-05-09 19:00:49,252 [INFO] [1664/5289] 300171 东富龙 - 无盈利预测数据
2026-05-09 19:00:49,262 [INFO] [1665/5289] 300172 中电环保 - 无盈利预测数据
2026-05-09 19:00:49,272 [INFO] [1666/5289] 300173 ST福能 - 无盈利预测数据
2026-05-09 19:00:49,311 [INFO] [1667/5289] 300174 元力股份 - 保存 3 条记录
2026-05-09 19:00:49,325 [INFO] [1668/5289] 300175 ST朗源 - 无盈利预测数据
2026-05-09 19:00:49,339 [INFO] [1669/5289] 300176 鸿特科技 - 无盈利预测数据
2026-05-09 19:00:49,353 [INFO] [1670/5289] 300177 中海达 - 无盈利预测数据
2026-05-09 19:00:49,367 [INFO] [1671/5289] 300179 四方达 - 无盈利预测数据
2026-05-09 19:00:49,378 [INFO] [1672/5289] 300180 华峰超纤 - 无盈利预测数据
2026-05-09 19:00:49,413 [INFO] [1673/5289] 300181 佐力药业 - 保存 4 条记录
2026-05-09 19:00:49,449 [INFO] [1674/5289] 300182 捷成股份 - 保存 4 条记录
2026-05-09 19:00:49,457 [INFO] [1675/5289] 300183 东软载波 - 无盈利预测数据
2026-05-09 19:00:49,466 [INFO] [1676/5289] 300184 力源信息 - 无盈利预测数据
2026-05-09 19:00:49,497 [INFO] [1677/5289] 300185 通裕重工 - 保存 3 条记录
2026-05-09 19:00:49,508 [INFO] [1678/5289] 300187 永清环保 - 无盈利预测数据
2026-05-09 19:00:49,519 [INFO] [1679/5289] 300188 国投智能 - 无盈利预测数据
2026-05-09 19:00:49,529 [INFO] [1680/5289] 300189 神农种业 - 无盈利预测数据
2026-05-09 19:00:49,539 [INFO] [1681/5289] 300190 维尔利 - 无盈利预测数据
2026-05-09 19:00:49,551 [INFO] [1682/5289] 300191 潜能恒信 - 无盈利预测数据
2026-05-09 19:00:49,560 [INFO] [1683/5289] 300192 科德教育 - 无盈利预测数据
2026-05-09 19:00:49,573 [INFO] [1684/5289] 300193 佳士科技 - 无盈利预测数据
2026-05-09 19:00:49,582 [INFO] [1685/5289] 300194 福安药业 - 无盈利预测数据
2026-05-09 19:00:49,594 [INFO] [1686/5289] 300195 长荣股份 - 无盈利预测数据
2026-05-09 19:00:49,635 [INFO] [1687/5289] 300196 长海股份 - 保存 4 条记录
2026-05-09 19:00:49,645 [INFO] [1688/5289] 300197 节能铁汉 - 无盈利预测数据
2026-05-09 19:00:49,654 [INFO] [1689/5289] 300198 *ST纳川 - 无盈利预测数据
2026-05-09 19:00:49,665 [INFO] [1690/5289] 300199 翰宇药业 - 无盈利预测数据
2026-05-09 19:00:49,702 [INFO] [1691/5289] 300200 高盟新材 - 保存 4 条记录
2026-05-09 19:00:49,737 [INFO] [1692/5289] 300201 海伦哲 - 保存 4 条记录
2026-05-09 19:00:49,769 [INFO] [1693/5289] 300203 聚光科技 - 保存 2 条记录
2026-05-09 19:00:49,782 [INFO] [1694/5289] 300204 舒泰神 - 无盈利预测数据
2026-05-09 19:00:49,792 [INFO] [1695/5289] 300205 *ST天喻 - 无盈利预测数据
2026-05-09 19:00:49,827 [INFO] [1696/5289] 300206 理邦仪器 - 保存 4 条记录
2026-05-09 19:00:49,837 [INFO] [1697/5289] 300207 欣旺达 - 无盈利预测数据
2026-05-09 19:00:49,848 [INFO] [1698/5289] 300209 行云科技 - 无盈利预测数据
2026-05-09 19:00:49,858 [INFO] [1699/5289] 300210 森远股份 - 无盈利预测数据
2026-05-09 19:00:49,869 [INFO] [1700/5289] 300211 *ST亿通 - 无盈利预测数据
2026-05-09 19:00:50,869 [INFO] 已完成 1700/5289
2026-05-09 19:00:50,879 [INFO] [1701/5289] 300212 *ST易录 - 无盈利预测数据
2026-05-09 19:00:50,914 [INFO] [1702/5289] 300213 佳讯飞鸿 - 保存 2 条记录
2026-05-09 19:00:50,929 [INFO] [1703/5289] 300214 日科化学 - 无盈利预测数据
2026-05-09 19:00:50,942 [INFO] [1704/5289] 300215 电科院 - 无盈利预测数据
2026-05-09 19:00:50,973 [INFO] [1705/5289] 300217 东方电热 - 保存 4 条记录
2026-05-09 19:00:51,006 [INFO] [1706/5289] 300218 安利股份 - 保存 4 条记录
2026-05-09 19:00:51,017 [INFO] [1707/5289] 300219 鸿利智汇 - 无盈利预测数据
2026-05-09 19:00:51,028 [INFO] [1708/5289] 300220 金运激光 - 无盈利预测数据
2026-05-09 19:00:51,038 [INFO] [1709/5289] 300221 银禧科技 - 无盈利预测数据
2026-05-09 19:00:51,071 [INFO] [1710/5289] 300222 科大智能 - 保存 4 条记录
2026-05-09 19:00:51,102 [INFO] [1711/5289] 300223 北京君正 - 保存 4 条记录
2026-05-09 19:00:51,140 [INFO] [1712/5289] 300224 正海磁材 - 保存 4 条记录
2026-05-09 19:00:51,151 [INFO] [1713/5289] 300225 *ST金泰 - 无盈利预测数据
2026-05-09 19:00:51,161 [INFO] [1714/5289] 300226 上海钢联 - 无盈利预测数据
2026-05-09 19:00:51,173 [INFO] [1715/5289] 300227 光韵达 - 无盈利预测数据
2026-05-09 19:00:51,183 [INFO] [1716/5289] 300228 富瑞特装 - 无盈利预测数据
2026-05-09 19:00:51,193 [INFO] [1717/5289] 300229 拓尔思 - 无盈利预测数据
2026-05-09 19:00:51,203 [INFO] [1718/5289] 300230 永利股份 - 无盈利预测数据
2026-05-09 19:00:51,212 [INFO] [1719/5289] 300231 银信科技 - 无盈利预测数据
2026-05-09 19:00:51,255 [INFO] [1720/5289] 300232 洲明科技 - 保存 3 条记录
2026-05-09 19:00:51,265 [INFO] [1721/5289] 300233 金城医药 - 无盈利预测数据
2026-05-09 19:00:51,274 [INFO] [1722/5289] 300234 开尔新材 - 无盈利预测数据
2026-05-09 19:00:51,284 [INFO] [1723/5289] 300235 方直科技 - 无盈利预测数据
2026-05-09 19:00:51,314 [INFO] [1724/5289] 300236 上海新阳 - 保存 4 条记录
2026-05-09 19:00:51,324 [INFO] [1725/5289] 300237 ST美晨 - 无盈利预测数据
2026-05-09 19:00:51,341 [INFO] [1726/5289] 300238 冠昊生物 - 无盈利预测数据
2026-05-09 19:00:51,351 [INFO] [1727/5289] 300239 东宝生物 - 无盈利预测数据
2026-05-09 19:00:51,363 [INFO] [1728/5289] 300240 飞力达 - 无盈利预测数据
2026-05-09 19:00:51,376 [INFO] [1729/5289] 300241 瑞丰光电 - 无盈利预测数据
2026-05-09 19:00:51,385 [INFO] [1730/5289] 300242 佳云科技 - 无盈利预测数据
2026-05-09 19:00:51,394 [INFO] [1731/5289] 300243 瑞丰高材 - 无盈利预测数据
2026-05-09 19:00:51,427 [INFO] [1732/5289] 300244 迪安诊断 - 保存 4 条记录
2026-05-09 19:00:51,438 [INFO] [1733/5289] 300245 ST天玑 - 无盈利预测数据
2026-05-09 19:00:51,448 [INFO] [1734/5289] 300246 宝莱特 - 无盈利预测数据
2026-05-09 19:00:51,458 [INFO] [1735/5289] 300247 融捷健康 - 无盈利预测数据
2026-05-09 19:00:51,494 [INFO] [1736/5289] 300248 新开普 - 保存 4 条记录
2026-05-09 19:00:51,503 [INFO] [1737/5289] 300249 依米康 - 无盈利预测数据
2026-05-09 19:00:51,513 [INFO] [1738/5289] 300250 初灵信息 - 无盈利预测数据
2026-05-09 19:00:51,545 [INFO] [1739/5289] 300251 光线传媒 - 保存 4 条记录
2026-05-09 19:00:51,556 [INFO] [1740/5289] 300252 金信诺 - 无盈利预测数据
2026-05-09 19:00:51,591 [INFO] [1741/5289] 300253 卫宁健康 - 保存 3 条记录
2026-05-09 19:00:51,603 [INFO] [1742/5289] 300254 仟源医药 - 无盈利预测数据
2026-05-09 19:00:51,612 [INFO] [1743/5289] 300255 常山药业 - 无盈利预测数据
2026-05-09 19:00:51,621 [INFO] [1744/5289] 300256 星星科技 - 无盈利预测数据
2026-05-09 19:00:51,654 [INFO] [1745/5289] 300257 开山股份 - 保存 4 条记录
2026-05-09 19:00:51,688 [INFO] [1746/5289] 300258 精锻科技 - 保存 4 条记录
2026-05-09 19:00:51,699 [INFO] [1747/5289] 300259 新天科技 - 无盈利预测数据
2026-05-09 19:00:51,734 [INFO] [1748/5289] 300260 新莱应材 - 保存 4 条记录
2026-05-09 19:00:51,743 [INFO] [1749/5289] 300261 雅本化学 - 无盈利预测数据
2026-05-09 19:00:51,775 [INFO] [1750/5289] 300263 隆华科技 - 保存 4 条记录
2026-05-09 19:00:52,776 [INFO] 已完成 1750/5289
2026-05-09 19:00:52,791 [INFO] [1751/5289] 300264 佳创视讯 - 无盈利预测数据
2026-05-09 19:00:52,804 [INFO] [1752/5289] 300265 通光线缆 - 无盈利预测数据
2026-05-09 19:00:52,818 [INFO] [1753/5289] 300266 兴源环境 - 无盈利预测数据
2026-05-09 19:00:52,842 [INFO] [1754/5289] 300267 尔康制药 - 无盈利预测数据
2026-05-09 19:00:52,858 [INFO] [1755/5289] 300268 *ST佳沃 - 无盈利预测数据
2026-05-09 19:00:52,873 [INFO] [1756/5289] 300269 联建光电 - 无盈利预测数据
2026-05-09 19:00:52,888 [INFO] [1757/5289] 300270 中威电子 - 无盈利预测数据
2026-05-09 19:00:52,898 [INFO] [1758/5289] 300271 华宇软件 - 无盈利预测数据
2026-05-09 19:00:52,935 [INFO] [1759/5289] 300272 开能健康 - 保存 4 条记录
2026-05-09 19:00:53,000 [INFO] [1760/5289] 300274 阳光电源 - 保存 4 条记录
2026-05-09 19:00:53,009 [INFO] [1761/5289] 300275 梅安森 - 无盈利预测数据
2026-05-09 19:00:53,019 [INFO] [1762/5289] 300276 三丰智能 - 无盈利预测数据
2026-05-09 19:00:53,029 [INFO] [1763/5289] 300277 汽轮科技 - 无盈利预测数据
2026-05-09 19:00:53,040 [INFO] [1764/5289] 300278 华昌达 - 无盈利预测数据
2026-05-09 19:00:53,051 [INFO] [1765/5289] 300279 和晶科技 - 无盈利预测数据
2026-05-09 19:00:53,068 [INFO] [1766/5289] 300281 金明精机 - 无盈利预测数据
2026-05-09 19:00:53,085 [INFO] [1767/5289] 300283 温州宏丰 - 无盈利预测数据
2026-05-09 19:00:53,124 [INFO] [1768/5289] 300284 苏交科 - 保存 4 条记录
2026-05-09 19:00:53,160 [INFO] [1769/5289] 300285 国瓷材料 - 保存 4 条记录
2026-05-09 19:00:53,193 [INFO] [1770/5289] 300286 安科瑞 - 保存 4 条记录
2026-05-09 19:00:53,203 [INFO] [1771/5289] 300287 飞利信 - 无盈利预测数据
2026-05-09 19:00:53,212 [INFO] [1772/5289] 300288 朗玛信息 - 无盈利预测数据
2026-05-09 19:00:53,222 [INFO] [1773/5289] 300289 利德曼 - 无盈利预测数据
2026-05-09 19:00:53,233 [INFO] [1774/5289] 300290 荣科科技 - 无盈利预测数据
2026-05-09 19:00:53,245 [INFO] [1775/5289] 300291 百纳千成 - 无盈利预测数据
2026-05-09 19:00:53,255 [INFO] [1776/5289] 300292 吴通控股 - 无盈利预测数据
2026-05-09 19:00:53,265 [INFO] [1777/5289] 300293 蓝英装备 - 无盈利预测数据
2026-05-09 19:00:53,301 [INFO] [1778/5289] 300294 博雅生物 - 保存 4 条记录
2026-05-09 19:00:53,313 [INFO] [1779/5289] 300295 *ST三六五 - 无盈利预测数据
2026-05-09 19:00:53,322 [INFO] [1780/5289] 300296 利亚德 - 无盈利预测数据
2026-05-09 19:00:53,358 [INFO] [1781/5289] 300298 三诺生物 - 保存 4 条记录
2026-05-09 19:00:53,369 [INFO] [1782/5289] 300299 富春股份 - 无盈利预测数据
2026-05-09 19:00:53,381 [INFO] [1783/5289] 300300 海峡创新 - 无盈利预测数据
2026-05-09 19:00:53,390 [INFO] [1784/5289] 300301 ST长方 - 无盈利预测数据
2026-05-09 19:00:53,401 [INFO] [1785/5289] 300302 同有科技 - 无盈利预测数据
2026-05-09 19:00:53,432 [INFO] [1786/5289] 300303 聚飞光电 - 保存 4 条记录
2026-05-09 19:00:53,443 [INFO] [1787/5289] 300304 云意电气 - 无盈利预测数据
2026-05-09 19:00:53,453 [INFO] [1788/5289] 300305 裕兴股份 - 无盈利预测数据
2026-05-09 19:00:53,464 [INFO] [1789/5289] 300306 远方信息 - 无盈利预测数据
2026-05-09 19:00:53,473 [INFO] [1790/5289] 300307 慈星股份 - 无盈利预测数据
2026-05-09 19:00:53,509 [INFO] [1791/5289] 300308 中际旭创 - 保存 4 条记录
2026-05-09 19:00:53,520 [INFO] [1792/5289] 300310 宜通世纪 - 无盈利预测数据
2026-05-09 19:00:53,530 [INFO] [1793/5289] 300311 ST任子行 - 无盈利预测数据
2026-05-09 19:00:53,542 [INFO] [1794/5289] 300313 *ST天山 - 无盈利预测数据
2026-05-09 19:00:53,553 [INFO] [1795/5289] 300314 戴维医疗 - 无盈利预测数据
2026-05-09 19:00:53,564 [INFO] [1796/5289] 300315 掌趣科技 - 无盈利预测数据
2026-05-09 19:00:53,597 [INFO] [1797/5289] 300316 晶盛机电 - 保存 4 条记录
2026-05-09 19:00:53,607 [INFO] [1798/5289] 300317 珈伟新能 - 无盈利预测数据
2026-05-09 19:00:53,616 [INFO] [1799/5289] 300318 博晖创新 - 无盈利预测数据
2026-05-09 19:00:53,650 [INFO] [1800/5289] 300319 麦捷科技 - 保存 4 条记录
2026-05-09 19:00:54,651 [INFO] 已完成 1800/5289
2026-05-09 19:00:54,664 [INFO] [1801/5289] 300320 海达股份 - 无盈利预测数据
2026-05-09 19:00:54,674 [INFO] [1802/5289] 300321 同大股份 - 无盈利预测数据
2026-05-09 19:00:54,712 [INFO] [1803/5289] 300322 硕贝德 - 保存 4 条记录
2026-05-09 19:00:54,726 [INFO] [1804/5289] 300323 华灿光电 - 无盈利预测数据
2026-05-09 19:00:54,738 [INFO] [1805/5289] 300324 旋极信息 - 无盈利预测数据
2026-05-09 19:00:54,749 [INFO] [1806/5289] 300326 ST凯利 - 无盈利预测数据
2026-05-09 19:00:54,764 [INFO] [1807/5289] 300327 中颖电子 - 无盈利预测数据
2026-05-09 19:00:54,775 [INFO] [1808/5289] 300328 宜安科技 - 无盈利预测数据
2026-05-09 19:00:54,785 [INFO] [1809/5289] 300329 海伦钢琴 - 无盈利预测数据
2026-05-09 19:00:54,797 [INFO] [1810/5289] 300331 苏大维格 - 无盈利预测数据
2026-05-09 19:00:54,833 [INFO] [1811/5289] 300332 天壕能源 - 保存 2 条记录
2026-05-09 19:00:54,845 [INFO] [1812/5289] 300333 兆日科技 - 无盈利预测数据
2026-05-09 19:00:54,857 [INFO] [1813/5289] 300334 津膜科技 - 无盈利预测数据
2026-05-09 19:00:54,867 [INFO] [1814/5289] 300335 迪森股份 - 无盈利预测数据
2026-05-09 19:00:54,879 [INFO] [1815/5289] 300337 银邦股份 - 无盈利预测数据
2026-05-09 19:00:54,895 [INFO] [1816/5289] 300338 *ST开元 - 无盈利预测数据
2026-05-09 19:00:54,928 [INFO] [1817/5289] 300339 润和软件 - 保存 4 条记录
2026-05-09 19:00:54,939 [INFO] [1818/5289] 300340 科恒股份 - 无盈利预测数据
2026-05-09 19:00:54,949 [INFO] [1819/5289] 300341 麦克奥迪 - 无盈利预测数据
2026-05-09 19:00:54,964 [INFO] [1820/5289] 300342 天银机电 - 无盈利预测数据
2026-05-09 19:00:54,975 [INFO] [1821/5289] 300343 ST联创 - 无盈利预测数据
2026-05-09 19:00:54,990 [INFO] [1822/5289] 300344 股票300344 - 无盈利预测数据
2026-05-09 19:00:55,000 [INFO] [1823/5289] 300345 华民股份 - 无盈利预测数据
2026-05-09 19:00:55,014 [INFO] [1824/5289] 300346 南大光电 - 无盈利预测数据
2026-05-09 19:00:55,048 [INFO] [1825/5289] 300347 泰格医药 - 保存 4 条记录
2026-05-09 19:00:55,082 [INFO] [1826/5289] 300348 长亮科技 - 保存 4 条记录
2026-05-09 19:00:55,118 [INFO] [1827/5289] 300349 金卡智能 - 保存 4 条记录
2026-05-09 19:00:55,131 [INFO] [1828/5289] 300350 华鹏飞 - 无盈利预测数据
2026-05-09 19:00:55,143 [INFO] [1829/5289] 300351 永贵电器 - 无盈利预测数据
2026-05-09 19:00:55,155 [INFO] [1830/5289] 300352 ST信源 - 无盈利预测数据
2026-05-09 19:00:55,167 [INFO] [1831/5289] 300353 东土科技 - 无盈利预测数据
2026-05-09 19:00:55,205 [INFO] [1832/5289] 300354 东华测试 - 保存 4 条记录
2026-05-09 19:00:55,219 [INFO] [1833/5289] 300355 蒙草生态 - 无盈利预测数据
2026-05-09 19:00:55,254 [INFO] [1834/5289] 300357 我武生物 - 保存 4 条记录
2026-05-09 19:00:55,266 [INFO] [1835/5289] 300358 楚天科技 - 无盈利预测数据
2026-05-09 19:00:55,280 [INFO] [1836/5289] 300359 全通教育 - 无盈利预测数据
2026-05-09 19:00:55,315 [INFO] [1837/5289] 300360 炬华科技 - 保存 4 条记录
2026-05-09 19:00:55,356 [INFO] [1838/5289] 300363 博腾股份 - 保存 4 条记录
2026-05-09 19:00:55,367 [INFO] [1839/5289] 300364 中文在线 - 无盈利预测数据
2026-05-09 19:00:55,378 [INFO] [1840/5289] 300365 恒华科技 - 无盈利预测数据
2026-05-09 19:00:55,390 [INFO] [1841/5289] 300366 ST创意 - 无盈利预测数据
2026-05-09 19:00:55,400 [INFO] [1842/5289] 300368 汇金股份 - 无盈利预测数据
2026-05-09 19:00:55,412 [INFO] [1843/5289] 300369 绿盟科技 - 无盈利预测数据
2026-05-09 19:00:55,423 [INFO] [1844/5289] 300370 安控科技 - 无盈利预测数据
2026-05-09 19:00:55,434 [INFO] [1845/5289] 300371 汇中股份 - 无盈利预测数据
2026-05-09 19:00:55,472 [INFO] [1846/5289] 300373 扬杰科技 - 保存 4 条记录
2026-05-09 19:00:55,483 [INFO] [1847/5289] 300374 中铁装配 - 无盈利预测数据
2026-05-09 19:00:55,502 [INFO] [1848/5289] 300375 鹏翎股份 - 无盈利预测数据
2026-05-09 19:00:55,514 [INFO] [1849/5289] 300376 易事特 - 无盈利预测数据
2026-05-09 19:00:55,524 [INFO] [1850/5289] 300377 赢时胜 - 无盈利预测数据
2026-05-09 19:00:56,525 [INFO] 已完成 1850/5289
2026-05-09 19:00:56,562 [INFO] [1851/5289] 300378 鼎捷数智 - 保存 4 条记录
2026-05-09 19:00:56,575 [INFO] [1852/5289] 300379 股票300379 - 无盈利预测数据
2026-05-09 19:00:56,587 [INFO] [1853/5289] 300380 安硕信息 - 无盈利预测数据
2026-05-09 19:00:56,598 [INFO] [1854/5289] 300381 溢多利 - 无盈利预测数据
2026-05-09 19:00:56,608 [INFO] [1855/5289] 300382 斯莱克 - 无盈利预测数据
2026-05-09 19:00:56,643 [INFO] [1856/5289] 300383 光环新网 - 保存 3 条记录
2026-05-09 19:00:56,674 [INFO] [1857/5289] 300384 三联虹普 - 保存 3 条记录
2026-05-09 19:00:56,684 [INFO] [1858/5289] 300385 ST雪浪 - 无盈利预测数据
2026-05-09 19:00:56,694 [INFO] [1859/5289] 300386 飞天诚信 - 无盈利预测数据
2026-05-09 19:00:56,734 [INFO] [1860/5289] 300387 富邦科技 - 保存 4 条记录
2026-05-09 19:00:56,744 [INFO] [1861/5289] 300388 节能国祯 - 无盈利预测数据
2026-05-09 19:00:56,776 [INFO] [1862/5289] 300389 艾比森 - 保存 4 条记录
2026-05-09 19:00:56,810 [INFO] [1863/5289] 300390 天华新能 - 保存 4 条记录
2026-05-09 19:00:56,821 [INFO] [1864/5289] 300391 股票300391 - 无盈利预测数据
2026-05-09 19:00:56,831 [INFO] [1865/5289] 300393 中来股份 - 无盈利预测数据
2026-05-09 19:00:56,861 [INFO] [1866/5289] 300394 天孚通信 - 保存 4 条记录
2026-05-09 19:00:56,900 [INFO] [1867/5289] 300395 菲利华 - 保存 4 条记录
2026-05-09 19:00:56,915 [INFO] [1868/5289] 300396 ST迪瑞 - 无盈利预测数据
2026-05-09 19:00:56,925 [INFO] [1869/5289] 300397 天和防务 - 无盈利预测数据
2026-05-09 19:00:56,935 [INFO] [1870/5289] 300398 飞凯材料 - 无盈利预测数据
2026-05-09 19:00:56,946 [INFO] [1871/5289] 300399 天利科技 - 无盈利预测数据
2026-05-09 19:00:56,955 [INFO] [1872/5289] 300400 劲拓股份 - 无盈利预测数据
2026-05-09 19:00:56,996 [INFO] [1873/5289] 300401 花园生物 - 保存 3 条记录
2026-05-09 19:00:57,005 [INFO] [1874/5289] 300402 宝色股份 - 无盈利预测数据
2026-05-09 19:00:57,015 [INFO] [1875/5289] 300403 汉宇集团 - 无盈利预测数据
2026-05-09 19:00:57,026 [INFO] [1876/5289] 300404 博济医药 - 无盈利预测数据
2026-05-09 19:00:57,040 [INFO] [1877/5289] 300405 科隆股份 - 无盈利预测数据
2026-05-09 19:00:57,080 [INFO] [1878/5289] 300406 九强生物 - 保存 4 条记录
2026-05-09 19:00:57,091 [INFO] [1879/5289] 300407 凯发电气 - 无盈利预测数据
2026-05-09 19:00:57,125 [INFO] [1880/5289] 300408 三环集团 - 保存 4 条记录
2026-05-09 19:00:57,135 [INFO] [1881/5289] 300409 道氏技术 - 无盈利预测数据
2026-05-09 19:00:57,149 [INFO] [1882/5289] 300410 正业科技 - 无盈利预测数据
2026-05-09 19:00:57,160 [INFO] [1883/5289] 300411 金盾股份 - 无盈利预测数据
2026-05-09 19:00:57,169 [INFO] [1884/5289] 300412 迦南科技 - 无盈利预测数据
2026-05-09 19:00:57,206 [INFO] [1885/5289] 300413 芒果超媒 - 保存 4 条记录
2026-05-09 19:00:57,215 [INFO] [1886/5289] 300414 中光防雷 - 无盈利预测数据
2026-05-09 19:00:57,225 [INFO] [1887/5289] 300415 伊之密 - 无盈利预测数据
2026-05-09 19:00:57,258 [INFO] [1888/5289] 300416 苏试试验 - 保存 4 条记录
2026-05-09 19:00:57,268 [INFO] [1889/5289] 300417 南华仪器 - 无盈利预测数据
2026-05-09 19:00:57,302 [INFO] [1890/5289] 300418 昆仑万维 - 保存 2 条记录
2026-05-09 19:00:57,311 [INFO] [1891/5289] 300419 ST浩丰 - 无盈利预测数据
2026-05-09 19:00:57,326 [INFO] [1892/5289] 300420 五洋自控 - 无盈利预测数据
2026-05-09 19:00:57,339 [INFO] [1893/5289] 300421 力星股份 - 无盈利预测数据
2026-05-09 19:00:57,350 [INFO] [1894/5289] 300422 博世科 - 无盈利预测数据
2026-05-09 19:00:57,367 [INFO] [1895/5289] 300423 昇辉科技 - 无盈利预测数据
2026-05-09 19:00:57,380 [INFO] [1896/5289] 300424 航新科技 - 无盈利预测数据
2026-05-09 19:00:57,390 [INFO] [1897/5289] 300425 中建环能 - 无盈利预测数据
2026-05-09 19:00:57,402 [INFO] [1898/5289] 300426 华智数媒 - 无盈利预测数据
2026-05-09 19:00:57,413 [INFO] [1899/5289] 300427 红相股份 - 无盈利预测数据
2026-05-09 19:00:57,447 [INFO] [1900/5289] 300428 立中集团 - 保存 4 条记录
2026-05-09 19:00:58,448 [INFO] 已完成 1900/5289
2026-05-09 19:00:58,458 [INFO] [1901/5289] 300429 强力新材 - 无盈利预测数据
2026-05-09 19:00:58,468 [INFO] [1902/5289] 300430 *ST益通 - 无盈利预测数据
2026-05-09 19:00:58,502 [INFO] [1903/5289] 300432 富临精工 - 保存 4 条记录
2026-05-09 19:00:58,540 [INFO] [1904/5289] 300433 蓝思科技 - 保存 4 条记录
2026-05-09 19:00:58,551 [INFO] [1905/5289] 300434 金石亚药 - 无盈利预测数据
2026-05-09 19:00:58,590 [INFO] [1906/5289] 300435 中泰股份 - 保存 4 条记录
2026-05-09 19:00:58,605 [INFO] [1907/5289] 300436 广生堂 - 无盈利预测数据
2026-05-09 19:00:58,616 [INFO] [1908/5289] 300437 清水源 - 无盈利预测数据
2026-05-09 19:00:58,649 [INFO] [1909/5289] 300438 鹏辉能源 - 保存 4 条记录
2026-05-09 19:00:58,660 [INFO] [1910/5289] 300439 美康生物 - 无盈利预测数据
2026-05-09 19:00:58,670 [INFO] [1911/5289] 300440 运达科技 - 无盈利预测数据
2026-05-09 19:00:58,679 [INFO] [1912/5289] 300441 鲍斯股份 - 无盈利预测数据
2026-05-09 19:00:58,714 [INFO] [1913/5289] 300442 润泽科技 - 保存 4 条记录
2026-05-09 19:00:58,754 [INFO] [1914/5289] 300443 金雷股份 - 保存 4 条记录
2026-05-09 19:00:58,790 [INFO] [1915/5289] 300444 双杰电气 - 保存 3 条记录
2026-05-09 19:00:58,801 [INFO] [1916/5289] 300445 康斯特 - 无盈利预测数据
2026-05-09 19:00:58,813 [INFO] [1917/5289] 300446 航天智造 - 无盈利预测数据
2026-05-09 19:00:58,823 [INFO] [1918/5289] 300447 全信股份 - 无盈利预测数据
2026-05-09 19:00:58,833 [INFO] [1919/5289] 300448 浩云科技 - 无盈利预测数据
2026-05-09 19:00:58,844 [INFO] [1920/5289] 300449 汉邦高科 - 无盈利预测数据
2026-05-09 19:00:58,878 [INFO] [1921/5289] 300450 先导智能 - 保存 4 条记录
2026-05-09 19:00:58,912 [INFO] [1922/5289] 300451 创业慧康 - 保存 2 条记录
2026-05-09 19:00:58,922 [INFO] [1923/5289] 300452 山河药辅 - 无盈利预测数据
2026-05-09 19:00:58,933 [INFO] [1924/5289] 300453 三鑫医疗 - 无盈利预测数据
2026-05-09 19:00:58,965 [INFO] [1925/5289] 300454 深信服 - 保存 4 条记录
2026-05-09 19:00:58,984 [INFO] [1926/5289] 300455 航天智装 - 无盈利预测数据
2026-05-09 19:00:59,003 [INFO] [1927/5289] 300456 赛微电子 - 无盈利预测数据
2026-05-09 19:00:59,018 [INFO] [1928/5289] 300457 赢合科技 - 无盈利预测数据
2026-05-09 19:00:59,030 [INFO] [1929/5289] 300458 全志科技 - 无盈利预测数据
2026-05-09 19:00:59,040 [INFO] [1930/5289] 300459 汤姆猫 - 无盈利预测数据
2026-05-09 19:00:59,050 [INFO] [1931/5289] 300460 ST惠伦 - 无盈利预测数据
2026-05-09 19:00:59,060 [INFO] [1932/5289] 300461 田中精机 - 无盈利预测数据
2026-05-09 19:00:59,074 [INFO] [1933/5289] 300462 ST华铭 - 无盈利预测数据
2026-05-09 19:00:59,105 [INFO] [1934/5289] 300463 迈克生物 - 保存 3 条记录
2026-05-09 19:00:59,114 [INFO] [1935/5289] 300464 星徽股份 - 无盈利预测数据
2026-05-09 19:00:59,123 [INFO] [1936/5289] 300465 高伟达 - 无盈利预测数据
2026-05-09 19:00:59,132 [INFO] [1937/5289] 300466 赛摩智能 - 无盈利预测数据
2026-05-09 19:00:59,143 [INFO] [1938/5289] 300467 迅游科技 - 无盈利预测数据
2026-05-09 19:00:59,160 [INFO] [1939/5289] 300468 四方精创 - 无盈利预测数据
2026-05-09 19:00:59,171 [INFO] [1940/5289] 300469 信息发展 - 无盈利预测数据
2026-05-09 19:00:59,206 [INFO] [1941/5289] 300470 中密控股 - 保存 4 条记录
2026-05-09 19:00:59,216 [INFO] [1942/5289] 300471 厚普股份 - 无盈利预测数据
2026-05-09 19:00:59,250 [INFO] [1943/5289] 300472 *ST新元 - 无盈利预测数据
2026-05-09 19:00:59,360 [INFO] [1944/5289] 300473 德尔股份 - 保存 3 条记录
2026-05-09 19:00:59,395 [INFO] [1945/5289] 300474 景嘉微 - 保存 3 条记录
2026-05-09 19:00:59,431 [INFO] [1946/5289] 300475 香农芯创 - 保存 4 条记录
2026-05-09 19:00:59,489 [INFO] [1947/5289] 300476 胜宏科技 - 保存 4 条记录
2026-05-09 19:00:59,500 [INFO] [1948/5289] 300477 ST合纵 - 无盈利预测数据
2026-05-09 19:00:59,525 [INFO] [1949/5289] 300478 杭州高新 - 无盈利预测数据
2026-05-09 19:00:59,541 [INFO] [1950/5289] 300479 神思电子 - 无盈利预测数据
2026-05-09 19:01:00,542 [INFO] 已完成 1950/5289
2026-05-09 19:01:00,650 [INFO] [1951/5289] 300480 光力科技 - 保存 4 条记录
2026-05-09 19:01:00,679 [INFO] [1952/5289] 300481 濮阳惠成 - 无盈利预测数据
2026-05-09 19:01:00,722 [INFO] [1953/5289] 300482 万孚生物 - 保存 3 条记录
2026-05-09 19:01:00,755 [INFO] [1954/5289] 300483 首华燃气 - 保存 4 条记录
2026-05-09 19:01:00,765 [INFO] [1955/5289] 300484 蓝海华腾 - 无盈利预测数据
2026-05-09 19:01:00,780 [INFO] [1956/5289] 300485 赛升药业 - 无盈利预测数据
2026-05-09 19:01:00,789 [INFO] [1957/5289] 300486 东杰智能 - 无盈利预测数据
2026-05-09 19:01:00,822 [INFO] [1958/5289] 300487 蓝晓科技 - 保存 4 条记录
2026-05-09 19:01:00,832 [INFO] [1959/5289] 300488 恒锋工具 - 无盈利预测数据
2026-05-09 19:01:00,843 [INFO] [1960/5289] 300489 光智科技 - 无盈利预测数据
2026-05-09 19:01:00,857 [INFO] [1961/5289] 300490 华自科技 - 无盈利预测数据
2026-05-09 19:01:00,877 [INFO] [1962/5289] 300491 通合科技 - 无盈利预测数据
2026-05-09 19:01:00,951 [INFO] [1963/5289] 300492 华图山鼎 - 保存 4 条记录
2026-05-09 19:01:00,982 [INFO] [1964/5289] 300493 润欣科技 - 无盈利预测数据
2026-05-09 19:01:01,069 [INFO] [1965/5289] 300494 盛天网络 - 保存 4 条记录
2026-05-09 19:01:01,196 [INFO] [1966/5289] 300496 中科创达 - 保存 4 条记录
2026-05-09 19:01:01,214 [INFO] [1967/5289] 300497 富祥药业 - 无盈利预测数据
2026-05-09 19:01:01,323 [INFO] [1968/5289] 300498 温氏股份 - 保存 4 条记录
2026-05-09 19:01:01,345 [INFO] [1969/5289] 300499 高澜股份 - 无盈利预测数据
2026-05-09 19:01:01,373 [INFO] [1970/5289] 300500 启迪设计 - 无盈利预测数据
2026-05-09 19:01:01,395 [INFO] [1971/5289] 300501 海顺新材 - 无盈利预测数据
2026-05-09 19:01:01,468 [INFO] [1972/5289] 300502 新易盛 - 保存 4 条记录
2026-05-09 19:01:01,620 [INFO] [1973/5289] 300503 昊志机电 - 保存 4 条记录
2026-05-09 19:01:01,638 [INFO] [1974/5289] 300504 天邑股份 - 无盈利预测数据
2026-05-09 19:01:01,691 [INFO] [1975/5289] 300505 川金诺 - 保存 4 条记录
2026-05-09 19:01:01,705 [INFO] [1976/5289] 300506 ST名家汇 - 无盈利预测数据
2026-05-09 19:01:01,720 [INFO] [1977/5289] 300507 苏奥传感 - 无盈利预测数据
2026-05-09 19:01:01,770 [INFO] [1978/5289] 300508 维宏股份 - 保存 4 条记录
2026-05-09 19:01:01,782 [INFO] [1979/5289] 300509 新美星 - 无盈利预测数据
2026-05-09 19:01:01,802 [INFO] [1980/5289] 300510 金冠股份 - 无盈利预测数据
2026-05-09 19:01:01,819 [INFO] [1981/5289] 300511 雪榕生物 - 无盈利预测数据
2026-05-09 19:01:01,838 [INFO] [1982/5289] 300512 中亚股份 - 无盈利预测数据
2026-05-09 19:01:01,856 [INFO] [1983/5289] 300513 恒实科技 - 无盈利预测数据
2026-05-09 19:01:01,872 [INFO] [1984/5289] 300514 友讯达 - 无盈利预测数据
2026-05-09 19:01:01,893 [INFO] [1985/5289] 300515 三德科技 - 无盈利预测数据
2026-05-09 19:01:01,916 [INFO] [1986/5289] 300516 久之洋 - 无盈利预测数据
2026-05-09 19:01:01,944 [INFO] [1987/5289] 300517 海波重科 - 无盈利预测数据
2026-05-09 19:01:01,974 [INFO] [1988/5289] 300518 新迅达 - 无盈利预测数据
2026-05-09 19:01:02,027 [INFO] [1989/5289] 300519 新光药业 - 无盈利预测数据
2026-05-09 19:01:02,047 [INFO] [1990/5289] 300520 科大国创 - 无盈利预测数据
2026-05-09 19:01:02,064 [INFO] [1991/5289] 300521 爱司凯 - 无盈利预测数据
2026-05-09 19:01:02,095 [INFO] [1992/5289] 300522 世名科技 - 无盈利预测数据
2026-05-09 19:01:02,112 [INFO] [1993/5289] 300523 辰安科技 - 无盈利预测数据
2026-05-09 19:01:02,228 [INFO] [1994/5289] 300525 博思软件 - 保存 3 条记录
2026-05-09 19:01:02,260 [INFO] [1995/5289] 300527 ST应急 - 无盈利预测数据
2026-05-09 19:01:02,347 [INFO] [1996/5289] 300528 幸福蓝海 - 无盈利预测数据
2026-05-09 19:01:02,359 [INFO] [1997/5289] 300529 健帆生物 - 无盈利预测数据
2026-05-09 19:01:02,370 [INFO] [1998/5289] 300530 领湃科技 - 无盈利预测数据
2026-05-09 19:01:02,381 [INFO] [1999/5289] 300531 优博讯 - 无盈利预测数据
2026-05-09 19:01:02,393 [INFO] [2000/5289] 300532 今天国际 - 无盈利预测数据
2026-05-09 19:01:03,394 [INFO] 已完成 2000/5289
2026-05-09 19:01:03,420 [INFO] [2001/5289] 300533 冰川网络 - 无盈利预测数据
2026-05-09 19:01:03,443 [INFO] [2002/5289] 300534 陇神戎发 - 无盈利预测数据
2026-05-09 19:01:03,464 [INFO] [2003/5289] 300535 达威股份 - 无盈利预测数据
2026-05-09 19:01:03,479 [INFO] [2004/5289] 300536 农尚环境 - 无盈利预测数据
2026-05-09 19:01:03,503 [INFO] [2005/5289] 300537 广信材料 - 无盈利预测数据
2026-05-09 19:01:03,526 [INFO] [2006/5289] 300538 同益股份 - 无盈利预测数据
2026-05-09 19:01:03,567 [INFO] [2007/5289] 300539 横河精密 - 无盈利预测数据
2026-05-09 19:01:03,591 [INFO] [2008/5289] 300540 蜀道装备 - 无盈利预测数据
2026-05-09 19:01:03,614 [INFO] [2009/5289] 300541 先进数通 - 无盈利预测数据
2026-05-09 19:01:03,695 [INFO] [2010/5289] 300542 新晨科技 - 无盈利预测数据
2026-05-09 19:01:03,719 [INFO] [2011/5289] 300543 朗科智能 - 无盈利预测数据
2026-05-09 19:01:03,772 [INFO] [2012/5289] 300545 联得装备 - 无盈利预测数据
2026-05-09 19:01:03,867 [INFO] [2013/5289] 300546 雄帝科技 - 无盈利预测数据
2026-05-09 19:01:03,889 [INFO] [2014/5289] 300547 川环科技 - 无盈利预测数据
2026-05-09 19:01:03,915 [INFO] [2015/5289] 300548 长芯博创 - 无盈利预测数据
2026-05-09 19:01:03,940 [INFO] [2016/5289] 300549 优德精密 - 无盈利预测数据
2026-05-09 19:01:03,952 [INFO] [2017/5289] 300550 和仁科技 - 无盈利预测数据
2026-05-09 19:01:03,964 [INFO] [2018/5289] 300551 古鳌科技 - 无盈利预测数据
2026-05-09 19:01:03,976 [INFO] [2019/5289] 300552 万集科技 - 无盈利预测数据
2026-05-09 19:01:04,052 [INFO] [2020/5289] 300553 集智股份 - 保存 3 条记录
2026-05-09 19:01:04,071 [INFO] [2021/5289] 300554 三超新材 - 无盈利预测数据
2026-05-09 19:01:04,097 [INFO] [2022/5289] 300555 ST路通 - 无盈利预测数据
2026-05-09 19:01:04,120 [INFO] [2023/5289] 300556 丝路视觉 - 无盈利预测数据
2026-05-09 19:01:04,139 [INFO] [2024/5289] 300557 理工光科 - 无盈利预测数据
2026-05-09 19:01:04,210 [INFO] [2025/5289] 300558 贝达药业 - 保存 4 条记录
2026-05-09 19:01:04,281 [INFO] [2026/5289] 300559 佳发教育 - 保存 3 条记录
2026-05-09 19:01:04,312 [INFO] [2027/5289] 300560 中富通 - 无盈利预测数据
2026-05-09 19:01:04,392 [INFO] [2028/5289] 300561 *ST汇科 - 无盈利预测数据
2026-05-09 19:01:04,474 [INFO] [2029/5289] 300562 乐心医疗 - 无盈利预测数据
2026-05-09 19:01:04,494 [INFO] [2030/5289] 300563 神宇股份 - 无盈利预测数据
2026-05-09 19:01:04,522 [INFO] [2031/5289] 300564 筑博设计 - 无盈利预测数据
2026-05-09 19:01:04,542 [INFO] [2032/5289] 300565 科信技术 - 无盈利预测数据
2026-05-09 19:01:04,559 [INFO] [2033/5289] 300566 激智科技 - 无盈利预测数据
2026-05-09 19:01:04,621 [INFO] [2034/5289] 300567 精测电子 - 保存 4 条记录
2026-05-09 19:01:04,716 [INFO] [2035/5289] 300568 星源材质 - 保存 4 条记录
2026-05-09 19:01:04,867 [INFO] [2036/5289] 300569 天能重工 - 无盈利预测数据
2026-05-09 19:01:04,942 [INFO] [2037/5289] 300570 太辰光 - 保存 4 条记录
2026-05-09 19:01:04,961 [INFO] [2038/5289] 300571 平治信息 - 无盈利预测数据
2026-05-09 19:01:04,999 [INFO] [2039/5289] 300572 安车检测 - 无盈利预测数据
2026-05-09 19:01:05,069 [INFO] [2040/5289] 300573 兴齐眼药 - 保存 4 条记录
2026-05-09 19:01:05,089 [INFO] [2041/5289] 300575 中旗股份 - 无盈利预测数据
2026-05-09 19:01:05,110 [INFO] [2042/5289] 300576 容大感光 - 无盈利预测数据
2026-05-09 19:01:05,177 [INFO] [2043/5289] 300577 开润股份 - 保存 4 条记录
2026-05-09 19:01:05,198 [INFO] [2044/5289] 300578 会畅科技 - 无盈利预测数据
2026-05-09 19:01:05,221 [INFO] [2045/5289] 300579 数字认证 - 无盈利预测数据
2026-05-09 19:01:05,336 [INFO] [2046/5289] 300580 贝斯特 - 保存 4 条记录
2026-05-09 19:01:05,351 [INFO] [2047/5289] 300581 晨曦航空 - 无盈利预测数据
2026-05-09 19:01:05,365 [INFO] [2048/5289] 300582 英飞特 - 无盈利预测数据
2026-05-09 19:01:05,385 [INFO] [2049/5289] 300583 赛托生物 - 无盈利预测数据
2026-05-09 19:01:05,403 [INFO] [2050/5289] 300584 海辰药业 - 无盈利预测数据
2026-05-09 19:01:06,405 [INFO] 已完成 2050/5289
2026-05-09 19:01:06,415 [INFO] [2051/5289] 300585 奥联电子 - 无盈利预测数据
2026-05-09 19:01:06,424 [INFO] [2052/5289] 300586 美联新材 - 无盈利预测数据
2026-05-09 19:01:06,432 [INFO] [2053/5289] 300587 天铁科技 - 无盈利预测数据
2026-05-09 19:01:06,442 [INFO] [2054/5289] 300588 熙菱信息 - 无盈利预测数据
2026-05-09 19:01:06,459 [INFO] [2055/5289] 300589 江龙船艇 - 无盈利预测数据
2026-05-09 19:01:06,498 [INFO] [2056/5289] 300590 移为通信 - 保存 4 条记录
2026-05-09 19:01:06,507 [INFO] [2057/5289] 300591 万里马 - 无盈利预测数据
2026-05-09 19:01:06,541 [INFO] [2058/5289] 300592 华凯易佰 - 保存 4 条记录
2026-05-09 19:01:06,572 [INFO] [2059/5289] 300593 新雷能 - 保存 3 条记录
2026-05-09 19:01:06,582 [INFO] [2060/5289] 300594 ST朗进 - 无盈利预测数据
2026-05-09 19:01:06,617 [INFO] [2061/5289] 300595 欧普康视 - 保存 4 条记录
2026-05-09 19:01:06,651 [INFO] [2062/5289] 300596 利安隆 - 保存 4 条记录
2026-05-09 19:01:06,660 [INFO] [2063/5289] 300597 吉大通信 - 无盈利预测数据
2026-05-09 19:01:06,671 [INFO] [2064/5289] 300598 诚迈科技 - 无盈利预测数据
2026-05-09 19:01:06,680 [INFO] [2065/5289] 300599 雄塑科技 - 无盈利预测数据
2026-05-09 19:01:06,690 [INFO] [2066/5289] 300600 国瑞科技 - 无盈利预测数据
2026-05-09 19:01:06,721 [INFO] [2067/5289] 300601 康泰生物 - 保存 4 条记录
2026-05-09 19:01:06,762 [INFO] [2068/5289] 300602 飞荣达 - 保存 3 条记录
2026-05-09 19:01:06,777 [INFO] [2069/5289] 300603 立昂技术 - 无盈利预测数据
2026-05-09 19:01:06,787 [INFO] [2070/5289] 300604 长川科技 - 无盈利预测数据
2026-05-09 19:01:06,796 [INFO] [2071/5289] 300605 恒锋信息 - 无盈利预测数据
2026-05-09 19:01:06,839 [INFO] [2072/5289] 300606 金太阳 - 保存 3 条记录
2026-05-09 19:01:06,852 [INFO] [2073/5289] 300607 拓斯达 - 无盈利预测数据
2026-05-09 19:01:06,862 [INFO] [2074/5289] 300608 思特奇 - 无盈利预测数据
2026-05-09 19:01:06,873 [INFO] [2075/5289] 300609 汇纳科技 - 无盈利预测数据
2026-05-09 19:01:06,906 [INFO] [2076/5289] 300610 晨化股份 - 保存 4 条记录
2026-05-09 19:01:06,938 [INFO] [2077/5289] 300611 美力科技 - 保存 4 条记录
2026-05-09 19:01:06,951 [INFO] [2078/5289] 300612 宣亚国际 - 无盈利预测数据
2026-05-09 19:01:06,961 [INFO] [2079/5289] 300613 富瀚微 - 无盈利预测数据
2026-05-09 19:01:06,972 [INFO] [2080/5289] 300614 百川畅银 - 无盈利预测数据
2026-05-09 19:01:06,986 [INFO] [2081/5289] 300615 欣天科技 - 无盈利预测数据
2026-05-09 19:01:07,025 [INFO] [2082/5289] 300616 尚品宅配 - 保存 3 条记录
2026-05-09 19:01:07,065 [INFO] [2083/5289] 300617 安靠智电 - 保存 3 条记录
2026-05-09 19:01:07,089 [INFO] [2084/5289] 300618 寒锐钴业 - 无盈利预测数据
2026-05-09 19:01:07,103 [INFO] [2085/5289] 300619 金银河 - 无盈利预测数据
2026-05-09 19:01:07,390 [INFO] [2086/5289] 300620 光库科技 - 保存 3 条记录
2026-05-09 19:01:07,429 [INFO] [2087/5289] 300621 维业股份 - 无盈利预测数据
2026-05-09 19:01:07,635 [INFO] [2088/5289] 300622 博士眼镜 - 保存 4 条记录
2026-05-09 19:01:07,724 [INFO] [2089/5289] 300623 捷捷微电 - 保存 4 条记录
2026-05-09 19:01:07,825 [INFO] [2090/5289] 300624 万兴科技 - 保存 3 条记录
2026-05-09 19:01:07,846 [INFO] [2091/5289] 300625 三雄极光 - 无盈利预测数据
2026-05-09 19:01:07,866 [INFO] [2092/5289] 300626 华瑞股份 - 无盈利预测数据
2026-05-09 19:01:07,999 [INFO] [2093/5289] 300627 华测导航 - 保存 4 条记录
2026-05-09 19:01:08,117 [INFO] [2094/5289] 300628 亿联网络 - 保存 4 条记录
2026-05-09 19:01:08,153 [INFO] [2095/5289] 300629 新劲刚 - 无盈利预测数据
2026-05-09 19:01:08,175 [INFO] [2096/5289] 300631 久吾高科 - 无盈利预测数据
2026-05-09 19:01:08,199 [INFO] [2097/5289] 300632 光莆股份 - 无盈利预测数据
2026-05-09 19:01:08,384 [INFO] [2098/5289] 300633 开立医疗 - 保存 4 条记录
2026-05-09 19:01:08,464 [INFO] [2099/5289] 300634 彩讯股份 - 保存 4 条记录
2026-05-09 19:01:08,487 [INFO] [2100/5289] 300635 中达安 - 无盈利预测数据
2026-05-09 19:01:09,488 [INFO] 已完成 2100/5289
2026-05-09 19:01:09,608 [INFO] [2101/5289] 300636 同和药业 - 无盈利预测数据
2026-05-09 19:01:09,625 [INFO] [2102/5289] 300637 扬帆新材 - 无盈利预测数据
2026-05-09 19:01:09,636 [INFO] [2103/5289] 300638 广和通 - 无盈利预测数据
2026-05-09 19:01:09,652 [INFO] [2104/5289] 300639 凯普生物 - 无盈利预测数据
2026-05-09 19:01:09,665 [INFO] [2105/5289] 300640 德艺文创 - 无盈利预测数据
2026-05-09 19:01:09,679 [INFO] [2106/5289] 300641 正丹股份 - 无盈利预测数据
2026-05-09 19:01:09,723 [INFO] [2107/5289] 300642 透景生命 - 保存 3 条记录
2026-05-09 19:01:09,738 [INFO] [2108/5289] 300643 万通智控 - 无盈利预测数据
2026-05-09 19:01:09,752 [INFO] [2109/5289] 300644 南京聚隆 - 无盈利预测数据
2026-05-09 19:01:09,767 [INFO] [2110/5289] 300645 正元智慧 - 无盈利预测数据
2026-05-09 19:01:09,781 [INFO] [2111/5289] 300647 超频三 - 无盈利预测数据
2026-05-09 19:01:09,872 [INFO] [2112/5289] 300648 星云股份 - 保存 2 条记录
2026-05-09 19:01:09,898 [INFO] [2113/5289] 300649 杭州园林 - 无盈利预测数据
2026-05-09 19:01:09,923 [INFO] [2114/5289] 300650 太龙股份 - 无盈利预测数据
2026-05-09 19:01:09,948 [INFO] [2115/5289] 300651 金陵体育 - 无盈利预测数据
2026-05-09 19:01:10,022 [INFO] [2116/5289] 300652 雷迪克 - 保存 3 条记录
2026-05-09 19:01:10,098 [INFO] [2117/5289] 300653 正海生物 - 保存 4 条记录
2026-05-09 19:01:10,117 [INFO] [2118/5289] 300654 世纪天鸿 - 无盈利预测数据
2026-05-09 19:01:10,149 [INFO] [2119/5289] 300655 晶瑞电材 - 无盈利预测数据
2026-05-09 19:01:10,169 [INFO] [2120/5289] 300656 民德电子 - 无盈利预测数据
2026-05-09 19:01:10,189 [INFO] [2121/5289] 300657 弘信电子 - 无盈利预测数据
2026-05-09 19:01:10,261 [INFO] [2122/5289] 300658 延江股份 - 保存 3 条记录
2026-05-09 19:01:10,288 [INFO] [2123/5289] 300659 中孚信息 - 无盈利预测数据
2026-05-09 19:01:10,350 [INFO] [2124/5289] 300660 江苏雷利 - 保存 4 条记录
2026-05-09 19:01:10,649 [INFO] [2125/5289] 300661 圣邦股份 - 保存 4 条记录
2026-05-09 19:01:10,729 [INFO] [2126/5289] 300662 科锐国际 - 保存 4 条记录
2026-05-09 19:01:10,749 [INFO] [2127/5289] 300663 科蓝软件 - 无盈利预测数据
2026-05-09 19:01:10,771 [INFO] [2128/5289] 300664 鹏鹞环保 - 无盈利预测数据
2026-05-09 19:01:10,840 [INFO] [2129/5289] 300665 飞鹿股份 - 无盈利预测数据
2026-05-09 19:01:10,921 [INFO] [2130/5289] 300666 江丰电子 - 保存 4 条记录
2026-05-09 19:01:10,936 [INFO] [2131/5289] 300667 必创科技 - 无盈利预测数据
2026-05-09 19:01:10,960 [INFO] [2132/5289] 300668 杰恩股份 - 无盈利预测数据
2026-05-09 19:01:10,982 [INFO] [2133/5289] 300669 沪宁股份 - 无盈利预测数据
2026-05-09 19:01:11,110 [INFO] [2134/5289] 300670 大烨智能 - 无盈利预测数据
2026-05-09 19:01:11,136 [INFO] [2135/5289] 300671 富满微 - 无盈利预测数据
2026-05-09 19:01:11,154 [INFO] [2136/5289] 300672 国科微 - 无盈利预测数据
2026-05-09 19:01:11,244 [INFO] [2137/5289] 300673 佩蒂股份 - 保存 4 条记录
2026-05-09 19:01:11,322 [INFO] [2138/5289] 300674 宇信科技 - 保存 4 条记录
2026-05-09 19:01:11,349 [INFO] [2139/5289] 300675 建科院 - 无盈利预测数据
2026-05-09 19:01:11,437 [INFO] [2140/5289] 300676 华大基因 - 保存 2 条记录
2026-05-09 19:01:11,485 [INFO] [2141/5289] 300677 英科医疗 - 已有数据，跳过
2026-05-09 19:01:11,495 [INFO] [2142/5289] 300678 中科信息 - 无盈利预测数据
2026-05-09 19:01:11,526 [INFO] [2143/5289] 300679 电连技术 - 保存 4 条记录
2026-05-09 19:01:11,563 [INFO] [2144/5289] 300680 隆盛科技 - 保存 4 条记录
2026-05-09 19:01:11,596 [INFO] [2145/5289] 300681 英搏尔 - 保存 4 条记录
2026-05-09 19:01:11,632 [INFO] [2146/5289] 300682 朗新科技 - 保存 4 条记录
2026-05-09 19:01:11,645 [INFO] [2147/5289] 300683 海特生物 - 无盈利预测数据
2026-05-09 19:01:11,704 [INFO] [2148/5289] 300684 中石科技 - 保存 3 条记录
2026-05-09 19:01:11,798 [INFO] [2149/5289] 300685 艾德生物 - 保存 4 条记录
2026-05-09 19:01:11,826 [INFO] [2150/5289] 300686 智动力 - 无盈利预测数据
2026-05-09 19:01:12,827 [INFO] 已完成 2150/5289
2026-05-09 19:01:12,950 [INFO] [2151/5289] 300687 赛意信息 - 保存 3 条记录
2026-05-09 19:01:13,099 [INFO] [2152/5289] 300688 创业黑马 - 无盈利预测数据
2026-05-09 19:01:13,123 [INFO] [2153/5289] 300689 澄天伟业 - 无盈利预测数据
2026-05-09 19:01:13,148 [INFO] [2154/5289] 300690 双一科技 - 无盈利预测数据
2026-05-09 19:01:13,172 [INFO] [2155/5289] 300691 联合光电 - 无盈利预测数据
2026-05-09 19:01:13,270 [INFO] [2156/5289] 300692 中赋科技 - 无盈利预测数据
2026-05-09 19:01:13,358 [INFO] [2157/5289] 300693 盛弘股份 - 保存 4 条记录
2026-05-09 19:01:13,376 [INFO] [2158/5289] 300694 蠡湖股份 - 无盈利预测数据
2026-05-09 19:01:13,433 [INFO] [2159/5289] 300695 兆丰股份 - 保存 4 条记录
2026-05-09 19:01:13,450 [INFO] [2160/5289] 300696 爱乐达 - 无盈利预测数据
2026-05-09 19:01:13,469 [INFO] [2161/5289] 300697 电工合金 - 无盈利预测数据
2026-05-09 19:01:13,494 [INFO] [2162/5289] 300698 万马科技 - 无盈利预测数据
2026-05-09 19:01:13,558 [INFO] [2163/5289] 300699 光威复材 - 保存 4 条记录
2026-05-09 19:01:13,578 [INFO] [2164/5289] 300700 岱勒新材 - 无盈利预测数据
2026-05-09 19:01:13,599 [INFO] [2165/5289] 300701 森霸传感 - 无盈利预测数据
2026-05-09 19:01:13,674 [INFO] [2166/5289] 300702 天宇股份 - 保存 4 条记录
2026-05-09 19:01:13,734 [INFO] [2167/5289] 300703 创源股份 - 保存 4 条记录
2026-05-09 19:01:13,746 [INFO] [2168/5289] 300705 九典制药 - 无盈利预测数据
2026-05-09 19:01:13,787 [INFO] [2169/5289] 300706 阿石创 - 保存 2 条记录
2026-05-09 19:01:13,798 [INFO] [2170/5289] 300707 威唐工业 - 无盈利预测数据
2026-05-09 19:01:13,810 [INFO] [2171/5289] 300708 聚灿光电 - 无盈利预测数据
2026-05-09 19:01:13,822 [INFO] [2172/5289] 300709 精研科技 - 无盈利预测数据
2026-05-09 19:01:13,834 [INFO] [2173/5289] 300710 万隆光电 - 无盈利预测数据
2026-05-09 19:01:13,847 [INFO] [2174/5289] 300711 广哈通信 - 无盈利预测数据
2026-05-09 19:01:13,888 [INFO] [2175/5289] 300712 永福股份 - 保存 3 条记录
2026-05-09 19:01:13,902 [INFO] [2176/5289] 300713 英可瑞 - 无盈利预测数据
2026-05-09 19:01:13,932 [INFO] [2177/5289] 300715 凯伦股份 - 无盈利预测数据
2026-05-09 19:01:13,943 [INFO] [2178/5289] 300716 *ST泉为 - 无盈利预测数据
2026-05-09 19:01:13,988 [INFO] [2179/5289] 300717 华信新材 - 保存 4 条记录
2026-05-09 19:01:14,030 [INFO] [2180/5289] 300718 长盛轴承 - 保存 3 条记录
2026-05-09 19:01:14,040 [INFO] [2181/5289] 300719 安达维尔 - 无盈利预测数据
2026-05-09 19:01:14,053 [INFO] [2182/5289] 300720 海川智能 - 无盈利预测数据
2026-05-09 19:01:14,064 [INFO] [2183/5289] 300721 怡达股份 - 无盈利预测数据
2026-05-09 19:01:14,075 [INFO] [2184/5289] 300722 新余国科 - 无盈利预测数据
2026-05-09 19:01:14,088 [INFO] [2185/5289] 300723 一品红 - 无盈利预测数据
2026-05-09 19:01:14,121 [INFO] [2186/5289] 300724 捷佳伟创 - 保存 4 条记录
2026-05-09 19:01:14,155 [INFO] [2187/5289] 300725 药石科技 - 保存 3 条记录
2026-05-09 19:01:14,190 [INFO] [2188/5289] 300726 宏达电子 - 保存 4 条记录
2026-05-09 19:01:14,199 [INFO] [2189/5289] 300727 润禾材料 - 无盈利预测数据
2026-05-09 19:01:14,232 [INFO] [2190/5289] 300729 乐歌股份 - 保存 4 条记录
2026-05-09 19:01:14,247 [INFO] [2191/5289] 300730 科创信息 - 无盈利预测数据
2026-05-09 19:01:14,259 [INFO] [2192/5289] 300731 科创新源 - 无盈利预测数据
2026-05-09 19:01:14,269 [INFO] [2193/5289] 300732 设研院 - 无盈利预测数据
2026-05-09 19:01:14,279 [INFO] [2194/5289] 300733 西菱动力 - 无盈利预测数据
2026-05-09 19:01:14,310 [INFO] [2195/5289] 300735 光弘科技 - 保存 4 条记录
2026-05-09 19:01:14,320 [INFO] [2196/5289] 300736 百邦科技 - 无盈利预测数据
2026-05-09 19:01:14,355 [INFO] [2197/5289] 300737 科顺股份 - 保存 3 条记录
2026-05-09 19:01:14,368 [INFO] [2198/5289] 300738 奥飞数据 - 无盈利预测数据
2026-05-09 19:01:14,387 [INFO] [2199/5289] 300739 明阳电路 - 无盈利预测数据
2026-05-09 19:01:14,424 [INFO] [2200/5289] 300740 水羊股份 - 保存 4 条记录
2026-05-09 19:01:15,424 [INFO] 已完成 2200/5289
2026-05-09 19:01:15,435 [INFO] [2201/5289] 300741 华宝股份 - 无盈利预测数据
2026-05-09 19:01:15,446 [INFO] [2202/5289] 300743 天地数码 - 无盈利预测数据
2026-05-09 19:01:15,457 [INFO] [2203/5289] 300745 欣锐科技 - 无盈利预测数据
2026-05-09 19:01:15,489 [INFO] [2204/5289] 300746 汉嘉数智 - 保存 3 条记录
2026-05-09 19:01:15,498 [INFO] [2205/5289] 300747 锐科激光 - 无盈利预测数据
2026-05-09 19:01:15,535 [INFO] [2206/5289] 300748 金力永磁 - 保存 4 条记录
2026-05-09 19:01:15,546 [INFO] [2207/5289] 300749 顶固集创 - 无盈利预测数据
2026-05-09 19:01:15,586 [INFO] [2208/5289] 300750 宁德时代 - 保存 4 条记录
2026-05-09 19:01:15,621 [INFO] [2209/5289] 300751 迈为股份 - 保存 4 条记录
2026-05-09 19:01:15,641 [INFO] [2210/5289] 300752 隆利科技 - 无盈利预测数据
2026-05-09 19:01:15,652 [INFO] [2211/5289] 300753 爱朋医疗 - 无盈利预测数据
2026-05-09 19:01:15,689 [INFO] [2212/5289] 300755 华致酒行 - 保存 3 条记录
2026-05-09 19:01:15,722 [INFO] [2213/5289] 300756 金马游乐 - 保存 4 条记录
2026-05-09 19:01:15,732 [INFO] [2214/5289] 300757 罗博特科 - 无盈利预测数据
2026-05-09 19:01:15,764 [INFO] [2215/5289] 300758 七彩化学 - 保存 4 条记录
2026-05-09 19:01:15,797 [INFO] [2216/5289] 300759 康龙化成 - 保存 4 条记录
2026-05-09 19:01:15,830 [INFO] [2217/5289] 300760 迈瑞医疗 - 保存 4 条记录
2026-05-09 19:01:15,862 [INFO] [2218/5289] 300761 立华股份 - 保存 4 条记录
2026-05-09 19:01:15,895 [INFO] [2219/5289] 300762 上海瀚讯 - 保存 3 条记录
2026-05-09 19:01:15,929 [INFO] [2220/5289] 300763 锦浪科技 - 保存 4 条记录
2026-05-09 19:01:15,939 [INFO] [2221/5289] 300765 新诺威 - 无盈利预测数据
2026-05-09 19:01:15,948 [INFO] [2222/5289] 300766 每日互动 - 无盈利预测数据
2026-05-09 19:01:15,985 [INFO] [2223/5289] 300767 震安科技 - 保存 2 条记录
2026-05-09 19:01:16,024 [INFO] [2224/5289] 300768 迪普科技 - 保存 4 条记录
2026-05-09 19:01:16,059 [INFO] [2225/5289] 300769 德方纳米 - 保存 3 条记录
2026-05-09 19:01:16,068 [INFO] [2226/5289] 300770 新媒股份 - 无盈利预测数据
2026-05-09 19:01:16,079 [INFO] [2227/5289] 300771 智莱科技 - 无盈利预测数据
2026-05-09 19:01:16,111 [INFO] [2228/5289] 300772 运达股份 - 保存 4 条记录
2026-05-09 19:01:16,144 [INFO] [2229/5289] 300773 拉卡拉 - 保存 4 条记录
2026-05-09 19:01:16,154 [INFO] [2230/5289] 300774 倍杰特 - 无盈利预测数据
2026-05-09 19:01:16,163 [INFO] [2231/5289] 300775 三角防务 - 无盈利预测数据
2026-05-09 19:01:16,173 [INFO] [2232/5289] 300776 帝尔激光 - 无盈利预测数据
2026-05-09 19:01:16,182 [INFO] [2233/5289] 300777 中简科技 - 无盈利预测数据
2026-05-09 19:01:16,192 [INFO] [2234/5289] 300778 新城市 - 无盈利预测数据
2026-05-09 19:01:16,201 [INFO] [2235/5289] 300779 惠城环保 - 无盈利预测数据
2026-05-09 19:01:16,211 [INFO] [2236/5289] 300780 德恩精工 - 无盈利预测数据
2026-05-09 19:01:16,222 [INFO] [2237/5289] 300781 因赛集团 - 无盈利预测数据
2026-05-09 19:01:16,256 [INFO] [2238/5289] 300782 卓胜微 - 保存 3 条记录
2026-05-09 19:01:16,286 [INFO] [2239/5289] 300783 三只松鼠 - 保存 4 条记录
2026-05-09 19:01:16,297 [INFO] [2240/5289] 300784 利安科技 - 无盈利预测数据
2026-05-09 19:01:16,306 [INFO] [2241/5289] 300785 值得买 - 无盈利预测数据
2026-05-09 19:01:16,316 [INFO] [2242/5289] 300786 国林科技 - 无盈利预测数据
2026-05-09 19:01:16,326 [INFO] [2243/5289] 300787 海能实业 - 无盈利预测数据
2026-05-09 19:01:16,361 [INFO] [2244/5289] 300788 中信出版 - 保存 4 条记录
2026-05-09 19:01:16,373 [INFO] [2245/5289] 300789 唐源电气 - 无盈利预测数据
2026-05-09 19:01:16,405 [INFO] [2246/5289] 300790 宇瞳光学 - 保存 3 条记录
2026-05-09 19:01:16,436 [INFO] [2247/5289] 300791 仙乐健康 - 保存 4 条记录
2026-05-09 19:01:16,474 [INFO] [2248/5289] 300792 壹网壹创 - 保存 4 条记录
2026-05-09 19:01:16,483 [INFO] [2249/5289] 300793 佳禾智能 - 无盈利预测数据
2026-05-09 19:01:16,516 [INFO] [2250/5289] 300795 米奥会展 - 保存 4 条记录
2026-05-09 19:01:17,517 [INFO] 已完成 2250/5289
2026-05-09 19:01:17,530 [INFO] [2251/5289] 300796 贝斯美 - 无盈利预测数据
2026-05-09 19:01:17,540 [INFO] [2252/5289] 300797 钢研纳克 - 无盈利预测数据
2026-05-09 19:01:17,550 [INFO] [2253/5289] 300798 锦鸡股份 - 无盈利预测数据
2026-05-09 19:01:17,560 [INFO] [2254/5289] 300800 力合科技 - 无盈利预测数据
2026-05-09 19:01:17,576 [INFO] [2255/5289] 300801 泰和科技 - 无盈利预测数据
2026-05-09 19:01:17,587 [INFO] [2256/5289] 300802 矩子科技 - 无盈利预测数据
2026-05-09 19:01:17,620 [INFO] [2257/5289] 300803 指南针 - 保存 4 条记录
2026-05-09 19:01:17,630 [INFO] [2258/5289] 300804 广康生化 - 无盈利预测数据
2026-05-09 19:01:17,640 [INFO] [2259/5289] 300805 电声股份 - 无盈利预测数据
2026-05-09 19:01:17,649 [INFO] [2260/5289] 300806 斯迪克 - 无盈利预测数据
2026-05-09 19:01:17,660 [INFO] [2261/5289] 300807 天迈科技 - 无盈利预测数据
2026-05-09 19:01:17,669 [INFO] [2262/5289] 300808 久量股份 - 无盈利预测数据
2026-05-09 19:01:17,679 [INFO] [2263/5289] 300809 华辰装备 - 无盈利预测数据
2026-05-09 19:01:17,689 [INFO] [2264/5289] 300810 中科海讯 - 无盈利预测数据
2026-05-09 19:01:17,719 [INFO] [2265/5289] 300811 铂科新材 - 保存 4 条记录
2026-05-09 19:01:17,730 [INFO] [2266/5289] 300812 易天股份 - 无盈利预测数据
2026-05-09 19:01:17,740 [INFO] [2267/5289] 300813 泰林生物 - 无盈利预测数据
2026-05-09 19:01:17,751 [INFO] [2268/5289] 300814 中富电路 - 无盈利预测数据
2026-05-09 19:01:17,785 [INFO] [2269/5289] 300815 玉禾田 - 保存 4 条记录
2026-05-09 19:01:17,821 [INFO] [2270/5289] 300816 艾可蓝 - 保存 4 条记录
2026-05-09 19:01:17,838 [INFO] [2271/5289] 300817 双飞集团 - 无盈利预测数据
2026-05-09 19:01:17,888 [INFO] [2272/5289] 300818 耐普矿机 - 保存 4 条记录
2026-05-09 19:01:17,921 [INFO] [2273/5289] 300819 聚杰微纤 - 保存 4 条记录
2026-05-09 19:01:17,953 [INFO] [2274/5289] 300820 英杰电气 - 保存 4 条记录
2026-05-09 19:01:17,962 [INFO] [2275/5289] 300821 东岳硅材 - 无盈利预测数据
2026-05-09 19:01:17,972 [INFO] [2276/5289] 300822 贝仕达克 - 无盈利预测数据
2026-05-09 19:01:17,986 [INFO] [2277/5289] 300823 建科智能 - 无盈利预测数据
2026-05-09 19:01:18,019 [INFO] [2278/5289] 300824 北鼎股份 - 保存 4 条记录
2026-05-09 19:01:18,030 [INFO] [2279/5289] 300825 阿尔特 - 无盈利预测数据
2026-05-09 19:01:18,042 [INFO] [2280/5289] 300826 测绘股份 - 无盈利预测数据
2026-05-09 19:01:18,075 [INFO] [2281/5289] 300827 上能电气 - 保存 4 条记录
2026-05-09 19:01:18,085 [INFO] [2282/5289] 300828 锐新科技 - 无盈利预测数据
2026-05-09 19:01:18,096 [INFO] [2283/5289] 300829 金丹科技 - 无盈利预测数据
2026-05-09 19:01:18,105 [INFO] [2284/5289] 300830 金现代 - 无盈利预测数据
2026-05-09 19:01:18,116 [INFO] [2285/5289] 300831 派瑞股份 - 无盈利预测数据
2026-05-09 19:01:18,150 [INFO] [2286/5289] 300832 新产业 - 保存 4 条记录
2026-05-09 19:01:18,159 [INFO] [2287/5289] 300833 浩洋股份 - 无盈利预测数据
2026-05-09 19:01:18,169 [INFO] [2288/5289] 300834 星辉环材 - 无盈利预测数据
2026-05-09 19:01:18,209 [INFO] [2289/5289] 300835 龙磁科技 - 保存 4 条记录
2026-05-09 19:01:18,244 [INFO] [2290/5289] 300836 佰奥智能 - 保存 4 条记录
2026-05-09 19:01:18,276 [INFO] [2291/5289] 300837 浙矿股份 - 保存 3 条记录
2026-05-09 19:01:18,286 [INFO] [2292/5289] 300838 浙江力诺 - 无盈利预测数据
2026-05-09 19:01:18,296 [INFO] [2293/5289] 300839 博汇股份 - 无盈利预测数据
2026-05-09 19:01:18,335 [INFO] [2294/5289] 300840 酷特智能 - 保存 4 条记录
2026-05-09 19:01:18,371 [INFO] [2295/5289] 300841 康华生物 - 保存 4 条记录
2026-05-09 19:01:18,403 [INFO] [2296/5289] 300842 帝科股份 - 保存 3 条记录
2026-05-09 19:01:18,413 [INFO] [2297/5289] 300843 胜蓝股份 - 无盈利预测数据
2026-05-09 19:01:18,424 [INFO] [2298/5289] 300844 山水比德 - 无盈利预测数据
2026-05-09 19:01:18,436 [INFO] [2299/5289] 300845 捷安高科 - 无盈利预测数据
2026-05-09 19:01:18,469 [INFO] [2300/5289] 300846 首都在线 - 保存 2 条记录
2026-05-09 19:01:19,470 [INFO] 已完成 2300/5289
2026-05-09 19:01:19,481 [INFO] [2301/5289] 300847 中船汉光 - 无盈利预测数据
2026-05-09 19:01:19,491 [INFO] [2302/5289] 300848 美瑞新材 - 无盈利预测数据
2026-05-09 19:01:19,500 [INFO] [2303/5289] 300849 锦盛新材 - 无盈利预测数据
2026-05-09 19:01:19,532 [INFO] [2304/5289] 300850 新强联 - 保存 4 条记录
2026-05-09 19:01:19,541 [INFO] [2305/5289] 300851 交大思诺 - 无盈利预测数据
2026-05-09 19:01:19,550 [INFO] [2306/5289] 300852 四会富仕 - 无盈利预测数据
2026-05-09 19:01:19,559 [INFO] [2307/5289] 300853 申昊科技 - 无盈利预测数据
2026-05-09 19:01:19,569 [INFO] [2308/5289] 300854 中兰环保 - 无盈利预测数据
2026-05-09 19:01:19,603 [INFO] [2309/5289] 300855 图南股份 - 保存 4 条记录
2026-05-09 19:01:19,635 [INFO] [2310/5289] 300856 科思股份 - 保存 4 条记录
2026-05-09 19:01:19,668 [INFO] [2311/5289] 300857 协创数据 - 保存 4 条记录
2026-05-09 19:01:19,704 [INFO] [2312/5289] 300858 科拓生物 - 保存 4 条记录
2026-05-09 19:01:19,738 [INFO] [2313/5289] 300859 西域旅游 - 保存 4 条记录
2026-05-09 19:01:19,748 [INFO] [2314/5289] 300860 锋尚文化 - 无盈利预测数据
2026-05-09 19:01:19,782 [INFO] [2315/5289] 300861 美畅股份 - 保存 4 条记录
2026-05-09 19:01:19,792 [INFO] [2316/5289] 300862 蓝盾光电 - 无盈利预测数据
2026-05-09 19:01:19,830 [INFO] [2317/5289] 300863 卡倍亿 - 保存 3 条记录
2026-05-09 19:01:19,843 [INFO] [2318/5289] 300864 南大环境 - 无盈利预测数据
2026-05-09 19:01:19,852 [INFO] [2319/5289] 300865 大宏立 - 无盈利预测数据
2026-05-09 19:01:19,886 [INFO] [2320/5289] 300866 安克创新 - 保存 4 条记录
2026-05-09 19:01:19,926 [INFO] [2321/5289] 300867 圣元环保 - 保存 4 条记录
2026-05-09 19:01:19,936 [INFO] [2322/5289] 300868 杰美特 - 无盈利预测数据
2026-05-09 19:01:19,947 [INFO] [2323/5289] 300869 康泰医学 - 无盈利预测数据
2026-05-09 19:01:19,985 [INFO] [2324/5289] 300870 欧陆通 - 保存 4 条记录
2026-05-09 19:01:20,000 [INFO] [2325/5289] 300871 回盛生物 - 无盈利预测数据
2026-05-09 19:01:20,036 [INFO] [2326/5289] 300872 天阳科技 - 保存 2 条记录
2026-05-09 19:01:20,070 [INFO] [2327/5289] 300873 海晨股份 - 保存 4 条记录
2026-05-09 19:01:20,079 [INFO] [2328/5289] 300875 捷强装备 - 无盈利预测数据
2026-05-09 19:01:20,088 [INFO] [2329/5289] 300876 蒙泰高新 - 无盈利预测数据
2026-05-09 19:01:20,099 [INFO] [2330/5289] 300877 金春股份 - 无盈利预测数据
2026-05-09 19:01:20,109 [INFO] [2331/5289] 300878 维康药业 - 无盈利预测数据
2026-05-09 19:01:20,119 [INFO] [2332/5289] 300879 大叶股份 - 无盈利预测数据
2026-05-09 19:01:20,130 [INFO] [2333/5289] 300880 迦南智能 - 无盈利预测数据
2026-05-09 19:01:20,166 [INFO] [2334/5289] 300881 盛德鑫泰 - 保存 4 条记录
2026-05-09 19:01:20,175 [INFO] [2335/5289] 300882 万胜智能 - 无盈利预测数据
2026-05-09 19:01:20,189 [INFO] [2336/5289] 300883 龙利得 - 无盈利预测数据
2026-05-09 19:01:20,200 [INFO] [2337/5289] 300884 狄耐克 - 无盈利预测数据
2026-05-09 19:01:20,210 [INFO] [2338/5289] 300885 海昌新材 - 无盈利预测数据
2026-05-09 19:01:20,221 [INFO] [2339/5289] 300886 华业香料 - 无盈利预测数据
2026-05-09 19:01:20,254 [INFO] [2340/5289] 300887 谱尼测试 - 保存 3 条记录
2026-05-09 19:01:20,285 [INFO] [2341/5289] 300888 稳健医疗 - 保存 4 条记录
2026-05-09 19:01:20,296 [INFO] [2342/5289] 300889 爱克股份 - 无盈利预测数据
2026-05-09 19:01:20,306 [INFO] [2343/5289] 300890 翔丰华 - 无盈利预测数据
2026-05-09 19:01:20,317 [INFO] [2344/5289] 300891 惠云钛业 - 无盈利预测数据
2026-05-09 19:01:20,326 [INFO] [2345/5289] 300892 品渥食品 - 无盈利预测数据
2026-05-09 19:01:20,370 [INFO] [2346/5289] 300893 松原安全 - 保存 4 条记录
2026-05-09 19:01:20,406 [INFO] [2347/5289] 300894 火星人 - 保存 3 条记录
2026-05-09 19:01:20,416 [INFO] [2348/5289] 300895 铜牛信息 - 无盈利预测数据
2026-05-09 19:01:20,452 [INFO] [2349/5289] 300896 爱美客 - 保存 4 条记录
2026-05-09 19:01:20,464 [INFO] [2350/5289] 300897 山科智能 - 无盈利预测数据
2026-05-09 19:01:21,465 [INFO] 已完成 2350/5289
2026-05-09 19:01:21,509 [INFO] [2351/5289] 300898 熊猫乳品 - 保存 4 条记录
2026-05-09 19:01:21,520 [INFO] [2352/5289] 300899 *ST凯鑫 - 无盈利预测数据
2026-05-09 19:01:21,553 [INFO] [2353/5289] 300900 广联航空 - 保存 2 条记录
2026-05-09 19:01:21,563 [INFO] [2354/5289] 300901 中胤时尚 - 无盈利预测数据
2026-05-09 19:01:21,572 [INFO] [2355/5289] 300902 国安达 - 无盈利预测数据
2026-05-09 19:01:21,606 [INFO] [2356/5289] 300903 科翔股份 - 保存 2 条记录
2026-05-09 19:01:21,615 [INFO] [2357/5289] 300904 威力传动 - 无盈利预测数据
2026-05-09 19:01:21,625 [INFO] [2358/5289] 300905 宝丽迪 - 无盈利预测数据
2026-05-09 19:01:21,634 [INFO] [2359/5289] 300906 日月明 - 无盈利预测数据
2026-05-09 19:01:21,644 [INFO] [2360/5289] 300907 康平科技 - 无盈利预测数据
2026-05-09 19:01:21,676 [INFO] [2361/5289] 300908 仲景食品 - 保存 4 条记录
2026-05-09 19:01:21,693 [INFO] [2362/5289] 300909 汇创达 - 无盈利预测数据
2026-05-09 19:01:21,725 [INFO] [2363/5289] 300910 瑞丰新材 - 保存 4 条记录
2026-05-09 19:01:21,759 [INFO] [2364/5289] 300911 亿田智能 - 保存 2 条记录
2026-05-09 19:01:21,768 [INFO] [2365/5289] 300912 凯龙高科 - 无盈利预测数据
2026-05-09 19:01:21,779 [INFO] [2366/5289] 300913 兆龙互连 - 无盈利预测数据
2026-05-09 19:01:21,789 [INFO] [2367/5289] 300915 海融科技 - 无盈利预测数据
2026-05-09 19:01:21,799 [INFO] [2368/5289] 300916 朗特智能 - 无盈利预测数据
2026-05-09 19:01:21,833 [INFO] [2369/5289] 300917 特发服务 - 保存 4 条记录
2026-05-09 19:01:21,866 [INFO] [2370/5289] 300918 南山智尚 - 保存 4 条记录
2026-05-09 19:01:21,904 [INFO] [2371/5289] 300919 中伟新材 - 保存 4 条记录
2026-05-09 19:01:21,918 [INFO] [2372/5289] 300920 润阳科技 - 无盈利预测数据
2026-05-09 19:01:21,929 [INFO] [2373/5289] 300921 南凌科技 - 无盈利预测数据
2026-05-09 19:01:21,938 [INFO] [2374/5289] 300922 天秦装备 - 无盈利预测数据
2026-05-09 19:01:21,949 [INFO] [2375/5289] 300923 研奥股份 - 无盈利预测数据
2026-05-09 19:01:21,986 [INFO] [2376/5289] 300925 法本信息 - 保存 3 条记录
2026-05-09 19:01:22,018 [INFO] [2377/5289] 300926 博俊科技 - 保存 4 条记录
2026-05-09 19:01:22,029 [INFO] [2378/5289] 300927 江天化学 - 无盈利预测数据
2026-05-09 19:01:22,039 [INFO] [2379/5289] 300928 华安鑫创 - 无盈利预测数据
2026-05-09 19:01:22,049 [INFO] [2380/5289] 300929 华骐环保 - 无盈利预测数据
2026-05-09 19:01:22,057 [INFO] [2381/5289] 300930 屹通新材 - 无盈利预测数据
2026-05-09 19:01:22,068 [INFO] [2382/5289] 300931 通用电梯 - 无盈利预测数据
2026-05-09 19:01:22,078 [INFO] [2383/5289] 300932 三友联众 - 无盈利预测数据
2026-05-09 19:01:22,087 [INFO] [2384/5289] 300933 中辰股份 - 无盈利预测数据
2026-05-09 19:01:22,098 [INFO] [2385/5289] 300935 盈建科 - 无盈利预测数据
2026-05-09 19:01:22,107 [INFO] [2386/5289] 300936 中英科技 - 无盈利预测数据
2026-05-09 19:01:22,118 [INFO] [2387/5289] 300937 药易购 - 无盈利预测数据
2026-05-09 19:01:22,150 [INFO] [2388/5289] 300938 信测标准 - 保存 4 条记录
2026-05-09 19:01:22,161 [INFO] [2389/5289] 300939 秋田微 - 无盈利预测数据
2026-05-09 19:01:22,191 [INFO] [2390/5289] 300940 南极光 - 保存 3 条记录
2026-05-09 19:01:22,201 [INFO] [2391/5289] 300941 创识科技 - 无盈利预测数据
2026-05-09 19:01:22,211 [INFO] [2392/5289] 300942 易瑞生物 - 无盈利预测数据
2026-05-09 19:01:22,245 [INFO] [2393/5289] 300943 春晖智控 - 保存 3 条记录
2026-05-09 19:01:22,255 [INFO] [2394/5289] 300945 曼卡龙 - 无盈利预测数据
2026-05-09 19:01:22,266 [INFO] [2395/5289] 300946 恒而达 - 无盈利预测数据
2026-05-09 19:01:22,276 [INFO] [2396/5289] 300947 德必集团 - 无盈利预测数据
2026-05-09 19:01:22,285 [INFO] [2397/5289] 300948 冠中生态 - 无盈利预测数据
2026-05-09 19:01:22,297 [INFO] [2398/5289] 300949 奥雅股份 - 无盈利预测数据
2026-05-09 19:01:22,309 [INFO] [2399/5289] 300950 德固特 - 无盈利预测数据
2026-05-09 19:01:22,319 [INFO] [2400/5289] 300951 博硕科技 - 无盈利预测数据
2026-05-09 19:01:23,319 [INFO] 已完成 2400/5289
2026-05-09 19:01:23,354 [INFO] [2401/5289] 300952 恒辉安防 - 保存 4 条记录
2026-05-09 19:01:23,386 [INFO] [2402/5289] 300953 震裕科技 - 保存 4 条记录
2026-05-09 19:01:23,418 [INFO] [2403/5289] 300955 嘉亨家化 - 保存 2 条记录
2026-05-09 19:01:23,428 [INFO] [2404/5289] 300956 英力股份 - 无盈利预测数据
2026-05-09 19:01:23,460 [INFO] [2405/5289] 300957 贝泰妮 - 保存 4 条记录
2026-05-09 19:01:23,470 [INFO] [2406/5289] 300958 建工修复 - 无盈利预测数据
2026-05-09 19:01:23,480 [INFO] [2407/5289] 300959 线上线下 - 无盈利预测数据
2026-05-09 19:01:23,491 [INFO] [2408/5289] 300960 通业科技 - 无盈利预测数据
2026-05-09 19:01:23,502 [INFO] [2409/5289] 300961 深水海纳 - 无盈利预测数据
2026-05-09 19:01:23,523 [INFO] [2410/5289] 300962 中金辐照 - 无盈利预测数据
2026-05-09 19:01:23,532 [INFO] [2411/5289] 300963 中洲特材 - 无盈利预测数据
2026-05-09 19:01:23,543 [INFO] [2412/5289] 300964 本川智能 - 无盈利预测数据
2026-05-09 19:01:23,553 [INFO] [2413/5289] 300965 恒宇信通 - 无盈利预测数据
2026-05-09 19:01:23,564 [INFO] [2414/5289] 300966 共同药业 - 无盈利预测数据
2026-05-09 19:01:23,574 [INFO] [2415/5289] 300967 晓鸣股份 - 无盈利预测数据
2026-05-09 19:01:23,583 [INFO] [2416/5289] 300968 格林精密 - 无盈利预测数据
2026-05-09 19:01:23,618 [INFO] [2417/5289] 300969 恒帅股份 - 保存 4 条记录
2026-05-09 19:01:23,629 [INFO] [2418/5289] 300970 华绿生物 - 无盈利预测数据
2026-05-09 19:01:23,639 [INFO] [2419/5289] 300971 博亚精工 - 无盈利预测数据
2026-05-09 19:01:23,672 [INFO] [2420/5289] 300972 万辰集团 - 保存 4 条记录
2026-05-09 19:01:23,702 [INFO] [2421/5289] 300973 立高食品 - 保存 4 条记录
2026-05-09 19:01:23,713 [INFO] [2422/5289] 300975 商络电子 - 无盈利预测数据
2026-05-09 19:01:23,745 [INFO] [2423/5289] 300976 达瑞电子 - 保存 4 条记录
2026-05-09 19:01:23,754 [INFO] [2424/5289] 300977 深圳瑞捷 - 无盈利预测数据
2026-05-09 19:01:23,764 [INFO] [2425/5289] 300978 东箭科技 - 无盈利预测数据
2026-05-09 19:01:23,794 [INFO] [2426/5289] 300979 华利集团 - 保存 4 条记录
2026-05-09 19:01:23,829 [INFO] [2427/5289] 300980 祥源新材 - 保存 3 条记录
2026-05-09 19:01:23,839 [INFO] [2428/5289] 300981 中红医疗 - 无盈利预测数据
2026-05-09 19:01:23,848 [INFO] [2429/5289] 300982 苏文电能 - 无盈利预测数据
2026-05-09 19:01:23,857 [INFO] [2430/5289] 300983 尤安设计 - 无盈利预测数据
2026-05-09 19:01:23,889 [INFO] [2431/5289] 300984 金沃股份 - 保存 4 条记录
2026-05-09 19:01:23,899 [INFO] [2432/5289] 300985 致远新能 - 无盈利预测数据
2026-05-09 19:01:23,933 [INFO] [2433/5289] 300986 志特新材 - 保存 4 条记录
2026-05-09 19:01:23,943 [INFO] [2434/5289] 300987 川网传媒 - 无盈利预测数据
2026-05-09 19:01:23,954 [INFO] [2435/5289] 300988 津荣天宇 - 无盈利预测数据
2026-05-09 19:01:23,963 [INFO] [2436/5289] 300989 蕾奥规划 - 无盈利预测数据
2026-05-09 19:01:23,997 [INFO] [2437/5289] 300990 同飞股份 - 保存 4 条记录
2026-05-09 19:01:24,010 [INFO] [2438/5289] 300991 创益通 - 无盈利预测数据
2026-05-09 19:01:24,021 [INFO] [2439/5289] 300992 泰福泵业 - 无盈利预测数据
2026-05-09 19:01:24,054 [INFO] [2440/5289] 300993 玉马科技 - 保存 3 条记录
2026-05-09 19:01:24,088 [INFO] [2441/5289] 300994 久祺股份 - 保存 3 条记录
2026-05-09 19:01:24,098 [INFO] [2442/5289] 300995 奇德新材 - 无盈利预测数据
2026-05-09 19:01:24,143 [INFO] [2443/5289] 300996 普联软件 - 保存 4 条记录
2026-05-09 19:01:24,182 [INFO] [2444/5289] 300997 欢乐家 - 保存 4 条记录
2026-05-09 19:01:24,192 [INFO] [2445/5289] 300998 宁波方正 - 无盈利预测数据
2026-05-09 19:01:24,226 [INFO] [2446/5289] 300999 金龙鱼 - 保存 4 条记录
2026-05-09 19:01:24,258 [INFO] [2447/5289] 301000 肇民科技 - 保存 4 条记录
2026-05-09 19:01:24,274 [INFO] [2448/5289] 301001 凯淳股份 - 无盈利预测数据
2026-05-09 19:01:24,310 [INFO] [2449/5289] 301002 崧盛股份 - 保存 2 条记录
2026-05-09 19:01:24,319 [INFO] [2450/5289] 301003 江苏博云 - 无盈利预测数据
2026-05-09 19:01:25,320 [INFO] 已完成 2450/5289
2026-05-09 19:01:25,330 [INFO] [2451/5289] 301004 嘉益股份 - 无盈利预测数据
2026-05-09 19:01:25,340 [INFO] [2452/5289] 301005 超捷股份 - 无盈利预测数据
2026-05-09 19:01:25,354 [INFO] [2453/5289] 301006 迈拓股份 - 无盈利预测数据
2026-05-09 19:01:25,370 [INFO] [2454/5289] 301007 德迈仕 - 无盈利预测数据
2026-05-09 19:01:25,401 [INFO] [2455/5289] 301008 宏昌科技 - 保存 4 条记录
2026-05-09 19:01:25,412 [INFO] [2456/5289] 301009 可靠股份 - 无盈利预测数据
2026-05-09 19:01:25,421 [INFO] [2457/5289] 301010 晶雪节能 - 无盈利预测数据
2026-05-09 19:01:25,451 [INFO] [2458/5289] 301011 华立科技 - 保存 4 条记录
2026-05-09 19:01:25,463 [INFO] [2459/5289] 301012 扬电科技 - 无盈利预测数据
2026-05-09 19:01:25,474 [INFO] [2460/5289] 301013 利和兴 - 无盈利预测数据
2026-05-09 19:01:25,510 [INFO] [2461/5289] 301015 百洋医药 - 保存 4 条记录
2026-05-09 19:01:25,518 [INFO] [2462/5289] 301016 雷尔伟 - 无盈利预测数据
2026-05-09 19:01:25,529 [INFO] [2463/5289] 301017 漱玉平民 - 无盈利预测数据
2026-05-09 19:01:25,539 [INFO] [2464/5289] 301018 申菱环境 - 无盈利预测数据
2026-05-09 19:01:25,550 [INFO] [2465/5289] 301019 宁波色母 - 无盈利预测数据
2026-05-09 19:01:25,561 [INFO] [2466/5289] 301020 密封科技 - 无盈利预测数据
2026-05-09 19:01:25,570 [INFO] [2467/5289] 301021 英诺激光 - 无盈利预测数据
2026-05-09 19:01:25,582 [INFO] [2468/5289] 301022 海泰科 - 无盈利预测数据
2026-05-09 19:01:25,592 [INFO] [2469/5289] 301023 奕帆传动 - 无盈利预测数据
2026-05-09 19:01:25,601 [INFO] [2470/5289] 301024 霍普股份 - 无盈利预测数据
2026-05-09 19:01:25,610 [INFO] [2471/5289] 301025 读客文化 - 无盈利预测数据
2026-05-09 19:01:25,620 [INFO] [2472/5289] 301026 浩通科技 - 无盈利预测数据
2026-05-09 19:01:25,630 [INFO] [2473/5289] 301027 华蓝集团 - 无盈利预测数据
2026-05-09 19:01:25,639 [INFO] [2474/5289] 301028 鼎熔岩 - 无盈利预测数据
2026-05-09 19:01:25,672 [INFO] [2475/5289] 301029 怡合达 - 保存 4 条记录
2026-05-09 19:01:25,683 [INFO] [2476/5289] 301030 *ST仕净 - 无盈利预测数据
2026-05-09 19:01:25,715 [INFO] [2477/5289] 301031 中熔电气 - 保存 4 条记录
2026-05-09 19:01:25,726 [INFO] [2478/5289] 301032 新柴股份 - 无盈利预测数据
2026-05-09 19:01:25,761 [INFO] [2479/5289] 301033 迈普医学 - 保存 4 条记录
2026-05-09 19:01:25,794 [INFO] [2480/5289] 301035 润丰股份 - 保存 4 条记录
2026-05-09 19:01:25,804 [INFO] [2481/5289] 301036 双乐股份 - 无盈利预测数据
2026-05-09 19:01:25,815 [INFO] [2482/5289] 301037 保立佳 - 无盈利预测数据
2026-05-09 19:01:25,824 [INFO] [2483/5289] 301038 深水规院 - 无盈利预测数据
2026-05-09 19:01:25,855 [INFO] [2484/5289] 301039 中集车辆 - 保存 4 条记录
2026-05-09 19:01:25,868 [INFO] [2485/5289] 301040 中环海陆 - 无盈利预测数据
2026-05-09 19:01:25,882 [INFO] [2486/5289] 301041 金百泽 - 无盈利预测数据
2026-05-09 19:01:25,919 [INFO] [2487/5289] 301042 安联锐视 - 保存 4 条记录
2026-05-09 19:01:25,932 [INFO] [2488/5289] 301043 绿岛风 - 无盈利预测数据
2026-05-09 19:01:25,945 [INFO] [2489/5289] 301045 天禄科技 - 无盈利预测数据
2026-05-09 19:01:25,956 [INFO] [2490/5289] 301046 能辉科技 - 无盈利预测数据
2026-05-09 19:01:25,967 [INFO] [2491/5289] 301047 义翘神州 - 无盈利预测数据
2026-05-09 19:01:25,987 [INFO] [2492/5289] 301048 金鹰重工 - 无盈利预测数据
2026-05-09 19:01:25,998 [INFO] [2493/5289] 301049 超越科技 - 无盈利预测数据
2026-05-09 19:01:26,009 [INFO] [2494/5289] 301050 雷电微力 - 无盈利预测数据
2026-05-09 19:01:26,020 [INFO] [2495/5289] 301051 信濠光电 - 无盈利预测数据
2026-05-09 19:01:26,055 [INFO] [2496/5289] 301052 果麦文化 - 保存 3 条记录
2026-05-09 19:01:26,066 [INFO] [2497/5289] 301053 远信工业 - 无盈利预测数据
2026-05-09 19:01:26,076 [INFO] [2498/5289] 301055 张小泉 - 无盈利预测数据
2026-05-09 19:01:26,086 [INFO] [2499/5289] 301056 森赫股份 - 无盈利预测数据
2026-05-09 19:01:26,097 [INFO] [2500/5289] 301057 汇隆新材 - 无盈利预测数据
2026-05-09 19:01:27,098 [INFO] 已完成 2500/5289
2026-05-09 19:01:27,131 [INFO] [2501/5289] 301058 中粮科工 - 保存 4 条记录
2026-05-09 19:01:27,140 [INFO] [2502/5289] 301059 金三江 - 无盈利预测数据
2026-05-09 19:01:27,150 [INFO] [2503/5289] 301060 兰卫医学 - 无盈利预测数据
2026-05-09 19:01:27,194 [INFO] [2504/5289] 301061 匠心家居 - 保存 4 条记录
2026-05-09 19:01:27,205 [INFO] [2505/5289] 301062 上海艾录 - 无盈利预测数据
2026-05-09 19:01:27,215 [INFO] [2506/5289] 301063 海锅股份 - 无盈利预测数据
2026-05-09 19:01:27,226 [INFO] [2507/5289] 301065 本立科技 - 无盈利预测数据
2026-05-09 19:01:27,237 [INFO] [2508/5289] 301066 万事利 - 无盈利预测数据
2026-05-09 19:01:27,248 [INFO] [2509/5289] 301067 显盈科技 - 无盈利预测数据
2026-05-09 19:01:27,285 [INFO] [2510/5289] 301068 大地海洋 - 保存 3 条记录
2026-05-09 19:01:27,297 [INFO] [2511/5289] 301069 凯盛新材 - 无盈利预测数据
2026-05-09 19:01:27,330 [INFO] [2512/5289] 301070 开勒股份 - 保存 3 条记录
2026-05-09 19:01:27,341 [INFO] [2513/5289] 301071 力量钻石 - 无盈利预测数据
2026-05-09 19:01:27,351 [INFO] [2514/5289] 301072 中捷精工 - 无盈利预测数据
2026-05-09 19:01:27,384 [INFO] [2515/5289] 301073 君亭酒店 - 保存 4 条记录
2026-05-09 19:01:27,394 [INFO] [2516/5289] 301075 多瑞医药 - 无盈利预测数据
2026-05-09 19:01:27,430 [INFO] [2517/5289] 301076 新瀚新材 - 保存 3 条记录
2026-05-09 19:01:27,440 [INFO] [2518/5289] 301077 星华新材 - 无盈利预测数据
2026-05-09 19:01:27,474 [INFO] [2519/5289] 301078 孩子王 - 保存 4 条记录
2026-05-09 19:01:27,484 [INFO] [2520/5289] 301079 邵阳液压 - 无盈利预测数据
2026-05-09 19:01:27,531 [INFO] [2521/5289] 301080 百普赛斯 - 保存 4 条记录
2026-05-09 19:01:27,542 [INFO] [2522/5289] 301081 严牌股份 - 无盈利预测数据
2026-05-09 19:01:27,553 [INFO] [2523/5289] 301082 久盛电气 - 无盈利预测数据
2026-05-09 19:01:27,564 [INFO] [2524/5289] 301083 百胜智能 - 无盈利预测数据
2026-05-09 19:01:27,573 [INFO] [2525/5289] 301085 亚康股份 - 无盈利预测数据
2026-05-09 19:01:27,609 [INFO] [2526/5289] 301086 鸿富瀚 - 保存 4 条记录
2026-05-09 19:01:27,620 [INFO] [2527/5289] 301087 可孚医疗 - 无盈利预测数据
2026-05-09 19:01:27,631 [INFO] [2528/5289] 301088 戎美股份 - 无盈利预测数据
2026-05-09 19:01:27,642 [INFO] [2529/5289] 301089 拓新药业 - 无盈利预测数据
2026-05-09 19:01:27,677 [INFO] [2530/5289] 301090 华润材料 - 保存 3 条记录
2026-05-09 19:01:27,712 [INFO] [2531/5289] 301091 深城交 - 保存 4 条记录
2026-05-09 19:01:27,747 [INFO] [2532/5289] 301092 争光股份 - 保存 4 条记录
2026-05-09 19:01:27,780 [INFO] [2533/5289] 301093 华兰股份 - 保存 4 条记录
2026-05-09 19:01:27,814 [INFO] [2534/5289] 301095 广立微 - 保存 4 条记录
2026-05-09 19:01:27,849 [INFO] [2535/5289] 301096 百诚医药 - 保存 3 条记录
2026-05-09 19:01:27,860 [INFO] [2536/5289] 301097 天益医疗 - 无盈利预测数据
2026-05-09 19:01:27,870 [INFO] [2537/5289] 301098 金埔园林 - 无盈利预测数据
2026-05-09 19:01:27,905 [INFO] [2538/5289] 301099 雅创电子 - 保存 4 条记录
2026-05-09 19:01:27,915 [INFO] [2539/5289] 301100 风光股份 - 无盈利预测数据
2026-05-09 19:01:27,955 [INFO] [2540/5289] 301101 明月镜片 - 保存 4 条记录
2026-05-09 19:01:27,999 [INFO] [2541/5289] 301102 兆讯传媒 - 保存 4 条记录
2026-05-09 19:01:28,014 [INFO] [2542/5289] 301103 何氏眼科 - 无盈利预测数据
2026-05-09 19:01:28,024 [INFO] [2543/5289] 301105 鸿铭股份 - 无盈利预测数据
2026-05-09 19:01:28,036 [INFO] [2544/5289] 301106 骏成科技 - 无盈利预测数据
2026-05-09 19:01:28,048 [INFO] [2545/5289] 301107 瑜欣电子 - 无盈利预测数据
2026-05-09 19:01:28,084 [INFO] [2546/5289] 301108 洁雅股份 - 保存 4 条记录
2026-05-09 19:01:28,121 [INFO] [2547/5289] 301109 军信股份 - 保存 4 条记录
2026-05-09 19:01:28,157 [INFO] [2548/5289] 301110 青木科技 - 保存 4 条记录
2026-05-09 19:01:28,168 [INFO] [2549/5289] 301111 粤万年青 - 无盈利预测数据
2026-05-09 19:01:28,179 [INFO] [2550/5289] 301112 信邦智能 - 无盈利预测数据
2026-05-09 19:01:29,180 [INFO] 已完成 2550/5289
2026-05-09 19:01:29,192 [INFO] [2551/5289] 301113 雅艺科技 - 无盈利预测数据
2026-05-09 19:01:29,239 [INFO] [2552/5289] 301115 联检科技 - 保存 3 条记录
2026-05-09 19:01:29,250 [INFO] [2553/5289] 301116 益客食品 - 无盈利预测数据
2026-05-09 19:01:29,287 [INFO] [2554/5289] 301117 佳缘科技 - 保存 2 条记录
2026-05-09 19:01:29,303 [INFO] [2555/5289] 301118 恒光股份 - 无盈利预测数据
2026-05-09 19:01:29,318 [INFO] [2556/5289] 301119 正强股份 - 无盈利预测数据
2026-05-09 19:01:29,356 [INFO] [2557/5289] 301120 新特电气 - 保存 4 条记录
2026-05-09 19:01:29,368 [INFO] [2558/5289] 301121 紫建电子 - 无盈利预测数据
2026-05-09 19:01:29,406 [INFO] [2559/5289] 301122 采纳股份 - 保存 4 条记录
2026-05-09 19:01:29,417 [INFO] [2560/5289] 301123 奕东电子 - 无盈利预测数据
2026-05-09 19:01:29,431 [INFO] [2561/5289] 301125 腾亚精工 - 无盈利预测数据
2026-05-09 19:01:29,444 [INFO] [2562/5289] 301126 达嘉维康 - 无盈利预测数据
2026-05-09 19:01:29,456 [INFO] [2563/5289] 301127 武汉天源 - 无盈利预测数据
2026-05-09 19:01:29,471 [INFO] [2564/5289] 301128 强瑞技术 - 无盈利预测数据
2026-05-09 19:01:29,481 [INFO] [2565/5289] 301129 瑞纳智能 - 无盈利预测数据
2026-05-09 19:01:29,491 [INFO] [2566/5289] 301130 西点药业 - 无盈利预测数据
2026-05-09 19:01:29,502 [INFO] [2567/5289] 301131 聚赛龙 - 无盈利预测数据
2026-05-09 19:01:29,513 [INFO] [2568/5289] 301132 满坤科技 - 无盈利预测数据
2026-05-09 19:01:29,523 [INFO] [2569/5289] 301133 金钟股份 - 无盈利预测数据
2026-05-09 19:01:29,534 [INFO] [2570/5289] 301135 瑞德智能 - 无盈利预测数据
2026-05-09 19:01:29,545 [INFO] [2571/5289] 301136 招标股份 - 无盈利预测数据
2026-05-09 19:01:29,555 [INFO] [2572/5289] 301137 哈焊华通 - 无盈利预测数据
2026-05-09 19:01:29,566 [INFO] [2573/5289] 301138 华研精机 - 无盈利预测数据
2026-05-09 19:01:29,576 [INFO] [2574/5289] 301139 元道通信 - 无盈利预测数据
2026-05-09 19:01:29,586 [INFO] [2575/5289] 301141 中科磁业 - 无盈利预测数据
2026-05-09 19:01:29,598 [INFO] [2576/5289] 301148 嘉戎技术 - 无盈利预测数据
2026-05-09 19:01:29,609 [INFO] [2577/5289] 301149 隆华新材 - 无盈利预测数据
2026-05-09 19:01:29,644 [INFO] [2578/5289] 301150 中一科技 - 保存 4 条记录
2026-05-09 19:01:29,654 [INFO] [2579/5289] 301151 冠龙节能 - 无盈利预测数据
2026-05-09 19:01:29,664 [INFO] [2580/5289] 301152 天力锂能 - 无盈利预测数据
2026-05-09 19:01:29,699 [INFO] [2581/5289] 301153 中科江南 - 保存 4 条记录
2026-05-09 19:01:29,733 [INFO] [2582/5289] 301155 海力风电 - 保存 4 条记录
2026-05-09 19:01:29,743 [INFO] [2583/5289] 301156 美农生物 - 无盈利预测数据
2026-05-09 19:01:29,753 [INFO] [2584/5289] 301157 华塑科技 - 无盈利预测数据
2026-05-09 19:01:29,785 [INFO] [2585/5289] 301158 德石股份 - 保存 4 条记录
2026-05-09 19:01:29,795 [INFO] [2586/5289] 301159 三维天地 - 无盈利预测数据
2026-05-09 19:01:29,805 [INFO] [2587/5289] 301160 翔楼新材 - 无盈利预测数据
2026-05-09 19:01:29,816 [INFO] [2588/5289] 301161 唯万密封 - 无盈利预测数据
2026-05-09 19:01:29,850 [INFO] [2589/5289] 301162 国能日新 - 保存 4 条记录
2026-05-09 19:01:29,860 [INFO] [2590/5289] 301163 宏德股份 - 无盈利预测数据
2026-05-09 19:01:29,895 [INFO] [2591/5289] 301165 锐捷网络 - 保存 4 条记录
2026-05-09 19:01:29,905 [INFO] [2592/5289] 301166 优宁维 - 无盈利预测数据
2026-05-09 19:01:29,915 [INFO] [2593/5289] 301167 建研设计 - 无盈利预测数据
2026-05-09 19:01:29,925 [INFO] [2594/5289] 301168 通灵股份 - 无盈利预测数据
2026-05-09 19:01:29,934 [INFO] [2595/5289] 301169 零点有数 - 无盈利预测数据
2026-05-09 19:01:29,946 [INFO] [2596/5289] 301170 锡南科技 - 无盈利预测数据
2026-05-09 19:01:29,985 [INFO] [2597/5289] 301171 易点天下 - 保存 4 条记录
2026-05-09 19:01:30,020 [INFO] [2598/5289] 301172 君逸数码 - 保存 3 条记录
2026-05-09 19:01:30,058 [INFO] [2599/5289] 301173 毓恬冠佳 - 保存 3 条记录
2026-05-09 19:01:30,091 [INFO] [2600/5289] 301175 中科环保 - 保存 4 条记录
2026-05-09 19:01:31,092 [INFO] 已完成 2600/5289
2026-05-09 19:01:31,104 [INFO] [2601/5289] 301176 逸豪新材 - 无盈利预测数据
2026-05-09 19:01:31,139 [INFO] [2602/5289] 301177 迪阿股份 - 保存 4 条记录
2026-05-09 19:01:31,149 [INFO] [2603/5289] 301178 天亿马 - 无盈利预测数据
2026-05-09 19:01:31,182 [INFO] [2604/5289] 301179 泽宇智能 - 保存 4 条记录
2026-05-09 19:01:31,192 [INFO] [2605/5289] 301180 万祥科技 - 无盈利预测数据
2026-05-09 19:01:31,202 [INFO] [2606/5289] 301181 标榜股份 - 无盈利预测数据
2026-05-09 19:01:31,212 [INFO] [2607/5289] 301182 凯旺科技 - 无盈利预测数据
2026-05-09 19:01:31,242 [INFO] [2608/5289] 301183 东田微 - 保存 4 条记录
2026-05-09 19:01:31,251 [INFO] [2609/5289] 301185 鸥玛软件 - 无盈利预测数据
2026-05-09 19:01:31,262 [INFO] [2610/5289] 301186 超达装备 - 无盈利预测数据
2026-05-09 19:01:31,298 [INFO] [2611/5289] 301187 欧圣电气 - 保存 4 条记录
2026-05-09 19:01:31,333 [INFO] [2612/5289] 301188 力诺药包 - 保存 4 条记录
2026-05-09 19:01:31,366 [INFO] [2613/5289] 301189 奥尼电子 - 保存 2 条记录
2026-05-09 19:01:31,378 [INFO] [2614/5289] 301190 善水科技 - 无盈利预测数据
2026-05-09 19:01:31,411 [INFO] [2615/5289] 301191 菲菱科思 - 保存 4 条记录
2026-05-09 19:01:31,421 [INFO] [2616/5289] 301192 泰祥股份 - 无盈利预测数据
2026-05-09 19:01:31,451 [INFO] [2617/5289] 301193 家联科技 - 保存 3 条记录
2026-05-09 19:01:31,484 [INFO] [2618/5289] 301195 北路智控 - 保存 4 条记录
2026-05-09 19:01:31,494 [INFO] [2619/5289] 301196 唯科科技 - 无盈利预测数据
2026-05-09 19:01:31,504 [INFO] [2620/5289] 301197 工大科雅 - 无盈利预测数据
2026-05-09 19:01:31,513 [INFO] [2621/5289] 301198 喜悦智行 - 无盈利预测数据
2026-05-09 19:01:31,523 [INFO] [2622/5289] 301199 迈赫股份 - 无盈利预测数据
2026-05-09 19:01:31,556 [INFO] [2623/5289] 301200 大族数控 - 保存 4 条记录
2026-05-09 19:01:31,590 [INFO] [2624/5289] 301201 诚达药业 - 保存 3 条记录
2026-05-09 19:01:31,599 [INFO] [2625/5289] 301202 朗威股份 - 无盈利预测数据
2026-05-09 19:01:31,610 [INFO] [2626/5289] 301203 国泰环保 - 无盈利预测数据
2026-05-09 19:01:31,641 [INFO] [2627/5289] 301205 联特科技 - 保存 4 条记录
2026-05-09 19:01:31,651 [INFO] [2628/5289] 301206 三元生物 - 无盈利预测数据
2026-05-09 19:01:31,684 [INFO] [2629/5289] 301207 华兰疫苗 - 保存 4 条记录
2026-05-09 19:01:31,694 [INFO] [2630/5289] 301208 中亦科技 - 无盈利预测数据
2026-05-09 19:01:31,715 [INFO] [2631/5289] 301209 联合化学 - 无盈利预测数据
2026-05-09 19:01:31,728 [INFO] [2632/5289] 301210 金杨精密 - 无盈利预测数据
2026-05-09 19:01:31,739 [INFO] [2633/5289] 301211 亨迪药业 - 无盈利预测数据
2026-05-09 19:01:31,755 [INFO] [2634/5289] 301212 联盛化学 - 无盈利预测数据
2026-05-09 19:01:31,766 [INFO] [2635/5289] 301213 观想科技 - 无盈利预测数据
2026-05-09 19:01:31,780 [INFO] [2636/5289] 301215 中汽股份 - 无盈利预测数据
2026-05-09 19:01:31,820 [INFO] [2637/5289] 301216 万凯新材 - 保存 4 条记录
2026-05-09 19:01:31,853 [INFO] [2638/5289] 301217 铜冠铜箔 - 保存 4 条记录
2026-05-09 19:01:31,864 [INFO] [2639/5289] 301218 华是科技 - 无盈利预测数据
2026-05-09 19:01:31,895 [INFO] [2640/5289] 301219 腾远钴业 - 保存 4 条记录
2026-05-09 19:01:31,905 [INFO] [2641/5289] 301220 亚香股份 - 无盈利预测数据
2026-05-09 19:01:31,938 [INFO] [2642/5289] 301221 光庭信息 - 保存 3 条记录
2026-05-09 19:01:31,950 [INFO] [2643/5289] 301222 浙江恒威 - 无盈利预测数据
2026-05-09 19:01:31,965 [INFO] [2644/5289] 301223 中荣股份 - 无盈利预测数据
2026-05-09 19:01:32,021 [INFO] [2645/5289] 301225 恒勃股份 - 保存 3 条记录
2026-05-09 19:01:32,032 [INFO] [2646/5289] 301226 祥明智能 - 无盈利预测数据
2026-05-09 19:01:32,043 [INFO] [2647/5289] 301227 森鹰窗业 - 无盈利预测数据
2026-05-09 19:01:32,053 [INFO] [2648/5289] 301228 实朴检测 - 无盈利预测数据
2026-05-09 19:01:32,063 [INFO] [2649/5289] 301229 纽泰格 - 无盈利预测数据
2026-05-09 19:01:32,074 [INFO] [2650/5289] 301230 泓博医药 - 无盈利预测数据
2026-05-09 19:01:33,075 [INFO] 已完成 2650/5289
2026-05-09 19:01:33,087 [INFO] [2651/5289] 301231 荣信文化 - 无盈利预测数据
2026-05-09 19:01:33,120 [INFO] [2652/5289] 301232 飞沃科技 - 保存 3 条记录
2026-05-09 19:01:33,131 [INFO] [2653/5289] 301233 盛帮股份 - 无盈利预测数据
2026-05-09 19:01:33,140 [INFO] [2654/5289] 301234 五洲医疗 - 无盈利预测数据
2026-05-09 19:01:33,173 [INFO] [2655/5289] 301235 华康洁净 - 保存 3 条记录
2026-05-09 19:01:33,211 [INFO] [2656/5289] 301236 软通动力 - 保存 4 条记录
2026-05-09 19:01:33,225 [INFO] [2657/5289] 301237 和顺科技 - 无盈利预测数据
2026-05-09 19:01:33,235 [INFO] [2658/5289] 301238 瑞泰新材 - 无盈利预测数据
2026-05-09 19:01:33,280 [INFO] [2659/5289] 301239 普瑞眼科 - 保存 3 条记录
2026-05-09 19:01:33,290 [INFO] [2660/5289] 301246 宏源药业 - 无盈利预测数据
2026-05-09 19:01:33,306 [INFO] [2661/5289] 301248 杰创智能 - 无盈利预测数据
2026-05-09 19:01:33,318 [INFO] [2662/5289] 301251 威尔高 - 无盈利预测数据
2026-05-09 19:01:33,329 [INFO] [2663/5289] 301252 同星科技 - 无盈利预测数据
2026-05-09 19:01:33,340 [INFO] [2664/5289] 301255 通力科技 - 无盈利预测数据
2026-05-09 19:01:33,350 [INFO] [2665/5289] 301256 华融化学 - 无盈利预测数据
2026-05-09 19:01:33,383 [INFO] [2666/5289] 301257 普蕊斯 - 保存 4 条记录
2026-05-09 19:01:33,393 [INFO] [2667/5289] 301258 富士莱 - 无盈利预测数据
2026-05-09 19:01:33,404 [INFO] [2668/5289] 301259 艾布鲁 - 无盈利预测数据
2026-05-09 19:01:33,415 [INFO] [2669/5289] 301260 格力博 - 无盈利预测数据
2026-05-09 19:01:33,449 [INFO] [2670/5289] 301261 恒工精密 - 保存 3 条记录
2026-05-09 19:01:33,490 [INFO] [2671/5289] 301262 海看股份 - 保存 3 条记录
2026-05-09 19:01:33,529 [INFO] [2672/5289] 301263 泰恩康 - 保存 4 条记录
2026-05-09 19:01:33,540 [INFO] [2673/5289] 301265 华新科技 - 无盈利预测数据
2026-05-09 19:01:33,553 [INFO] [2674/5289] 301266 宇邦新材 - 无盈利预测数据
2026-05-09 19:01:33,586 [INFO] [2675/5289] 301267 华厦眼科 - 保存 4 条记录
2026-05-09 19:01:33,598 [INFO] [2676/5289] 301268 铭利达 - 无盈利预测数据
2026-05-09 19:01:33,634 [INFO] [2677/5289] 301269 华大九天 - 保存 4 条记录
2026-05-09 19:01:33,646 [INFO] [2678/5289] 301270 汉仪股份 - 无盈利预测数据
2026-05-09 19:01:33,680 [INFO] [2679/5289] 301272 英华特 - 保存 4 条记录
2026-05-09 19:01:33,700 [INFO] [2680/5289] 301273 瑞晨环保 - 无盈利预测数据
2026-05-09 19:01:33,737 [INFO] [2681/5289] 301275 汉朔科技 - 保存 4 条记录
2026-05-09 19:01:33,782 [INFO] [2682/5289] 301276 嘉曼服饰 - 保存 3 条记录
2026-05-09 19:01:33,793 [INFO] [2683/5289] 301277 新天地 - 无盈利预测数据
2026-05-09 19:01:33,803 [INFO] [2684/5289] 301278 快可电子 - 无盈利预测数据
2026-05-09 19:01:33,816 [INFO] [2685/5289] 301279 金道科技 - 无盈利预测数据
2026-05-09 19:01:33,826 [INFO] [2686/5289] 301280 珠城科技 - 无盈利预测数据
2026-05-09 19:01:33,837 [INFO] [2687/5289] 301281 科源制药 - 无盈利预测数据
2026-05-09 19:01:33,876 [INFO] [2688/5289] 301282 金禄电子 - 保存 4 条记录
2026-05-09 19:01:33,887 [INFO] [2689/5289] 301283 聚胶股份 - 无盈利预测数据
2026-05-09 19:01:33,923 [INFO] [2690/5289] 301285 鸿日达 - 保存 3 条记录
2026-05-09 19:01:33,932 [INFO] [2691/5289] 301286 侨源股份 - 无盈利预测数据
2026-05-09 19:01:33,968 [INFO] [2692/5289] 301287 康力源 - 保存 3 条记录
2026-05-09 19:01:33,992 [INFO] [2693/5289] 301288 *ST清研 - 无盈利预测数据
2026-05-09 19:01:34,002 [INFO] [2694/5289] 301289 国缆检测 - 无盈利预测数据
2026-05-09 19:01:34,036 [INFO] [2695/5289] 301290 东星医疗 - 保存 2 条记录
2026-05-09 19:01:34,069 [INFO] [2696/5289] 301291 明阳电气 - 保存 4 条记录
2026-05-09 19:01:34,080 [INFO] [2697/5289] 301292 海科新源 - 无盈利预测数据
2026-05-09 19:01:34,112 [INFO] [2698/5289] 301293 三博脑科 - 保存 3 条记录
2026-05-09 19:01:34,122 [INFO] [2699/5289] 301295 美硕科技 - 无盈利预测数据
2026-05-09 19:01:34,134 [INFO] [2700/5289] 301296 新巨丰 - 无盈利预测数据
2026-05-09 19:01:35,136 [INFO] 已完成 2700/5289
2026-05-09 19:01:35,149 [INFO] [2701/5289] 301297 富乐德 - 无盈利预测数据
2026-05-09 19:01:35,160 [INFO] [2702/5289] 301298 东利机械 - 无盈利预测数据
2026-05-09 19:01:35,173 [INFO] [2703/5289] 301299 卓创资讯 - 无盈利预测数据
2026-05-09 19:01:35,183 [INFO] [2704/5289] 301300 远翔新材 - 无盈利预测数据
2026-05-09 19:01:35,223 [INFO] [2705/5289] 301301 川宁生物 - 保存 4 条记录
2026-05-09 19:01:35,235 [INFO] [2706/5289] 301302 华如科技 - 无盈利预测数据
2026-05-09 19:01:35,272 [INFO] [2707/5289] 301303 真兰仪表 - 保存 3 条记录
2026-05-09 19:01:35,316 [INFO] [2708/5289] 301305 朗坤科技 - 保存 4 条记录
2026-05-09 19:01:35,333 [INFO] [2709/5289] 301306 西测测试 - 无盈利预测数据
2026-05-09 19:01:35,369 [INFO] [2710/5289] 301307 美利信 - 保存 2 条记录
2026-05-09 19:01:35,402 [INFO] [2711/5289] 301308 江波龙 - 保存 4 条记录
2026-05-09 19:01:35,412 [INFO] [2712/5289] 301309 万得凯 - 无盈利预测数据
2026-05-09 19:01:35,422 [INFO] [2713/5289] 301310 鑫宏业 - 无盈利预测数据
2026-05-09 19:01:35,433 [INFO] [2714/5289] 301311 昆船智能 - 无盈利预测数据
2026-05-09 19:01:35,444 [INFO] [2715/5289] 301312 智立方 - 无盈利预测数据
2026-05-09 19:01:35,455 [INFO] [2716/5289] 301313 凡拓数创 - 无盈利预测数据
2026-05-09 19:01:35,466 [INFO] [2717/5289] 301314 科瑞思 - 无盈利预测数据
2026-05-09 19:01:35,476 [INFO] [2718/5289] 301315 威士顿 - 无盈利预测数据
2026-05-09 19:01:35,486 [INFO] [2719/5289] 301316 慧博云通 - 无盈利预测数据
2026-05-09 19:01:35,496 [INFO] [2720/5289] 301317 鑫磊股份 - 无盈利预测数据
2026-05-09 19:01:35,506 [INFO] [2721/5289] 301318 维海德 - 无盈利预测数据
2026-05-09 19:01:35,517 [INFO] [2722/5289] 301319 唯特偶 - 无盈利预测数据
2026-05-09 19:01:35,527 [INFO] [2723/5289] 301320 豪江智能 - 无盈利预测数据
2026-05-09 19:01:35,566 [INFO] [2724/5289] 301321 翰博高新 - 保存 2 条记录
2026-05-09 19:01:35,576 [INFO] [2725/5289] 301322 绿通科技 - 无盈利预测数据
2026-05-09 19:01:35,586 [INFO] [2726/5289] 301323 新莱福 - 无盈利预测数据
2026-05-09 19:01:35,595 [INFO] [2727/5289] 301325 曼恩斯特 - 无盈利预测数据
2026-05-09 19:01:35,606 [INFO] [2728/5289] 301326 捷邦科技 - 无盈利预测数据
2026-05-09 19:01:35,640 [INFO] [2729/5289] 301327 华宝新能 - 保存 4 条记录
2026-05-09 19:01:35,676 [INFO] [2730/5289] 301328 维峰电子 - 保存 4 条记录
2026-05-09 19:01:35,689 [INFO] [2731/5289] 301329 信音电子 - 无盈利预测数据
2026-05-09 19:01:35,723 [INFO] [2732/5289] 301330 熵基科技 - 保存 3 条记录
2026-05-09 19:01:35,738 [INFO] [2733/5289] 301331 恩威医药 - 无盈利预测数据
2026-05-09 19:01:35,817 [INFO] [2734/5289] 301332 德尔玛 - 保存 4 条记录
2026-05-09 19:01:35,838 [INFO] [2735/5289] 301333 诺思格 - 无盈利预测数据
2026-05-09 19:01:35,870 [INFO] [2736/5289] 301335 天元宠物 - 保存 4 条记录
2026-05-09 19:01:35,880 [INFO] [2737/5289] 301336 趣睡科技 - 无盈利预测数据
2026-05-09 19:01:35,890 [INFO] [2738/5289] 301337 亚华电子 - 无盈利预测数据
2026-05-09 19:01:35,928 [INFO] [2739/5289] 301338 凯格精机 - 保存 4 条记录
2026-05-09 19:01:35,944 [INFO] [2740/5289] 301339 通行宝 - 无盈利预测数据
2026-05-09 19:01:35,985 [INFO] [2741/5289] 301345 涛涛车业 - 保存 4 条记录
2026-05-09 19:01:35,996 [INFO] [2742/5289] 301348 蓝箭电子 - 无盈利预测数据
2026-05-09 19:01:36,029 [INFO] [2743/5289] 301349 信德新材 - 保存 4 条记录
2026-05-09 19:01:36,040 [INFO] [2744/5289] 301353 普莱得 - 无盈利预测数据
2026-05-09 19:01:36,049 [INFO] [2745/5289] 301355 南王科技 - 无盈利预测数据
2026-05-09 19:01:36,081 [INFO] [2746/5289] 301356 天振股份 - 保存 3 条记录
2026-05-09 19:01:36,091 [INFO] [2747/5289] 301357 北方长龙 - 无盈利预测数据
2026-05-09 19:01:36,124 [INFO] [2748/5289] 301358 湖南裕能 - 保存 4 条记录
2026-05-09 19:01:36,134 [INFO] [2749/5289] 301359 东南电子 - 无盈利预测数据
2026-05-09 19:01:36,169 [INFO] [2750/5289] 301360 荣旗科技 - 保存 3 条记录
2026-05-09 19:01:37,170 [INFO] 已完成 2750/5289
2026-05-09 19:01:37,183 [INFO] [2751/5289] 301361 众智科技 - 无盈利预测数据
2026-05-09 19:01:37,225 [INFO] [2752/5289] 301362 民爆光电 - 保存 4 条记录
2026-05-09 19:01:37,257 [INFO] [2753/5289] 301363 美好医疗 - 保存 4 条记录
2026-05-09 19:01:37,290 [INFO] [2754/5289] 301365 矩阵股份 - 保存 3 条记录
2026-05-09 19:01:37,300 [INFO] [2755/5289] 301366 一博科技 - 无盈利预测数据
2026-05-09 19:01:37,338 [INFO] [2756/5289] 301367 瑞迈特 - 保存 4 条记录
2026-05-09 19:01:37,349 [INFO] [2757/5289] 301368 丰立智能 - 无盈利预测数据
2026-05-09 19:01:37,387 [INFO] [2758/5289] 301369 联动科技 - 保存 3 条记录
2026-05-09 19:01:37,398 [INFO] [2759/5289] 301370 国科恒泰 - 无盈利预测数据
2026-05-09 19:01:37,434 [INFO] [2760/5289] 301371 敷尔佳 - 保存 4 条记录
2026-05-09 19:01:37,459 [INFO] [2761/5289] 301372 科净源 - 无盈利预测数据
2026-05-09 19:01:37,492 [INFO] [2762/5289] 301373 凌玮科技 - 保存 4 条记录
2026-05-09 19:01:37,524 [INFO] [2763/5289] 301376 致欧科技 - 保存 4 条记录
2026-05-09 19:01:37,555 [INFO] [2764/5289] 301377 鼎泰高科 - 保存 4 条记录
2026-05-09 19:01:37,587 [INFO] [2765/5289] 301378 通达海 - 保存 2 条记录
2026-05-09 19:01:37,596 [INFO] [2766/5289] 301379 天山电子 - 无盈利预测数据
2026-05-09 19:01:37,606 [INFO] [2767/5289] 301380 挖金客 - 无盈利预测数据
2026-05-09 19:01:37,638 [INFO] [2768/5289] 301381 赛维时代 - 保存 4 条记录
2026-05-09 19:01:37,648 [INFO] [2769/5289] 301382 蜂助手 - 无盈利预测数据
2026-05-09 19:01:37,658 [INFO] [2770/5289] 301383 天键股份 - 无盈利预测数据
2026-05-09 19:01:37,668 [INFO] [2771/5289] 301386 未来电器 - 无盈利预测数据
2026-05-09 19:01:37,701 [INFO] [2772/5289] 301387 光大同创 - 保存 3 条记录
2026-05-09 19:01:37,712 [INFO] [2773/5289] 301388 欣灵电气 - 无盈利预测数据
2026-05-09 19:01:37,742 [INFO] [2774/5289] 301389 隆扬电子 - 保存 4 条记录
2026-05-09 19:01:37,752 [INFO] [2775/5289] 301390 经纬股份 - 无盈利预测数据
2026-05-09 19:01:37,762 [INFO] [2776/5289] 301391 卡莱特 - 无盈利预测数据
2026-05-09 19:01:37,771 [INFO] [2777/5289] 301392 汇成真空 - 无盈利预测数据
2026-05-09 19:01:37,806 [INFO] [2778/5289] 301393 昊帆生物 - 保存 4 条记录
2026-05-09 19:01:37,816 [INFO] [2779/5289] 301395 仁信新材 - 无盈利预测数据
2026-05-09 19:01:37,850 [INFO] [2780/5289] 301396 宏景科技 - 保存 4 条记录
2026-05-09 19:01:37,859 [INFO] [2781/5289] 301397 溯联股份 - 无盈利预测数据
2026-05-09 19:01:37,892 [INFO] [2782/5289] 301398 星源卓镁 - 保存 4 条记录
2026-05-09 19:01:37,902 [INFO] [2783/5289] 301399 英特科技 - 无盈利预测数据
2026-05-09 19:01:37,914 [INFO] [2784/5289] 301408 华人健康 - 无盈利预测数据
2026-05-09 19:01:37,945 [INFO] [2785/5289] 301413 安培龙 - 保存 4 条记录
2026-05-09 19:01:37,955 [INFO] [2786/5289] 301418 协昌科技 - 无盈利预测数据
2026-05-09 19:01:37,964 [INFO] [2787/5289] 301419 阿莱德 - 无盈利预测数据
2026-05-09 19:01:37,975 [INFO] [2788/5289] 301421 波长光电 - 无盈利预测数据
2026-05-09 19:01:37,986 [INFO] [2789/5289] 301428 世纪恒通 - 无盈利预测数据
2026-05-09 19:01:37,997 [INFO] [2790/5289] 301429 森泰股份 - 无盈利预测数据
2026-05-09 19:01:38,008 [INFO] [2791/5289] 301439 泓淋电力 - 无盈利预测数据
2026-05-09 19:01:38,044 [INFO] [2792/5289] 301446 福事特 - 保存 3 条记录
2026-05-09 19:01:38,078 [INFO] [2793/5289] 301448 开创电气 - 保存 2 条记录
2026-05-09 19:01:38,088 [INFO] [2794/5289] 301449 天溯计量 - 无盈利预测数据
2026-05-09 19:01:38,099 [INFO] [2795/5289] 301456 盘古智能 - 无盈利预测数据
2026-05-09 19:01:38,130 [INFO] [2796/5289] 301458 钧崴电子 - 保存 3 条记录
2026-05-09 19:01:38,140 [INFO] [2797/5289] 301459 丰茂股份 - 无盈利预测数据
2026-05-09 19:01:38,173 [INFO] [2798/5289] 301468 博盈特焊 - 保存 3 条记录
2026-05-09 19:01:38,183 [INFO] [2799/5289] 301469 恒达新材 - 无盈利预测数据
2026-05-09 19:01:38,214 [INFO] [2800/5289] 301479 弘景光电 - 保存 4 条记录
2026-05-09 19:01:39,215 [INFO] 已完成 2800/5289
2026-05-09 19:01:39,228 [INFO] [2801/5289] 301486 致尚科技 - 无盈利预测数据
2026-05-09 19:01:39,267 [INFO] [2802/5289] 301487 盟固利 - 保存 3 条记录
2026-05-09 19:01:39,301 [INFO] [2803/5289] 301488 豪恩汽电 - 保存 4 条记录
2026-05-09 19:01:39,312 [INFO] [2804/5289] 301489 思泉新材 - 无盈利预测数据
2026-05-09 19:01:39,323 [INFO] [2805/5289] 301491 汉桑科技 - 无盈利预测数据
2026-05-09 19:01:39,362 [INFO] [2806/5289] 301498 乖宝宠物 - 保存 4 条记录
2026-05-09 19:01:39,397 [INFO] [2807/5289] 301499 维科精密 - 保存 3 条记录
2026-05-09 19:01:39,408 [INFO] [2808/5289] 301500 飞南资源 - 无盈利预测数据
2026-05-09 19:01:39,418 [INFO] [2809/5289] 301501 恒鑫生活 - 无盈利预测数据
2026-05-09 19:01:39,429 [INFO] [2810/5289] 301502 华阳智能 - 无盈利预测数据
2026-05-09 19:01:39,467 [INFO] [2811/5289] 301503 智迪科技 - 保存 3 条记录
2026-05-09 19:01:39,503 [INFO] [2812/5289] 301505 苏州规划 - 保存 3 条记录
2026-05-09 19:01:39,536 [INFO] [2813/5289] 301507 民生健康 - 保存 4 条记录
2026-05-09 19:01:39,548 [INFO] [2814/5289] 301508 中机认检 - 无盈利预测数据
2026-05-09 19:01:39,562 [INFO] [2815/5289] 301509 金凯生科 - 无盈利预测数据
2026-05-09 19:01:39,608 [INFO] [2816/5289] 301510 固高科技 - 保存 3 条记录
2026-05-09 19:01:39,619 [INFO] [2817/5289] 301511 德福科技 - 无盈利预测数据
2026-05-09 19:01:39,629 [INFO] [2818/5289] 301512 智信精密 - 无盈利预测数据
2026-05-09 19:01:39,639 [INFO] [2819/5289] 301513 尚水智能 - 无盈利预测数据
2026-05-09 19:01:39,649 [INFO] [2820/5289] 301515 港通医疗 - 无盈利预测数据
2026-05-09 19:01:39,659 [INFO] [2821/5289] 301516 中远通 - 无盈利预测数据
2026-05-09 19:01:39,704 [INFO] [2822/5289] 301517 陕西华达 - 保存 2 条记录
2026-05-09 19:01:39,715 [INFO] [2823/5289] 301518 长华化学 - 无盈利预测数据
2026-05-09 19:01:39,732 [INFO] [2824/5289] 301519 舜禹股份 - 无盈利预测数据
2026-05-09 19:01:39,742 [INFO] [2825/5289] 301520 万邦医药 - 无盈利预测数据
2026-05-09 19:01:39,785 [INFO] [2826/5289] 301522 上大股份 - 保存 3 条记录
2026-05-09 19:01:39,824 [INFO] [2827/5289] 301525 儒竞科技 - 保存 4 条记录
2026-05-09 19:01:39,874 [INFO] [2828/5289] 301526 国际复材 - 保存 4 条记录
2026-05-09 19:01:39,911 [INFO] [2829/5289] 301528 多浦乐 - 保存 3 条记录
2026-05-09 19:01:39,944 [INFO] [2830/5289] 301529 福赛科技 - 保存 4 条记录
2026-05-09 19:01:39,955 [INFO] [2831/5289] 301533 威马农机 - 无盈利预测数据
2026-05-09 19:01:39,998 [INFO] [2832/5289] 301535 浙江华远 - 保存 3 条记录
2026-05-09 19:01:40,033 [INFO] [2833/5289] 301536 星宸科技 - 保存 4 条记录
2026-05-09 19:01:40,072 [INFO] [2834/5289] 301538 骏鼎达 - 保存 4 条记录
2026-05-09 19:01:40,082 [INFO] [2835/5289] 301539 宏鑫科技 - 无盈利预测数据
2026-05-09 19:01:40,117 [INFO] [2836/5289] 301548 崇德科技 - 保存 4 条记录
2026-05-09 19:01:40,151 [INFO] [2837/5289] 301550 斯菱智驱 - 保存 4 条记录
2026-05-09 19:01:40,162 [INFO] [2838/5289] 301551 无线传媒 - 无盈利预测数据
2026-05-09 19:01:40,198 [INFO] [2839/5289] 301552 科力装备 - 保存 4 条记录
2026-05-09 19:01:40,210 [INFO] [2840/5289] 301555 惠柏新材 - 无盈利预测数据
2026-05-09 19:01:40,225 [INFO] [2841/5289] 301556 托普云农 - 无盈利预测数据
2026-05-09 19:01:40,235 [INFO] [2842/5289] 301557 常友科技 - 无盈利预测数据
2026-05-09 19:01:40,246 [INFO] [2843/5289] 301558 三态股份 - 无盈利预测数据
2026-05-09 19:01:40,279 [INFO] [2844/5289] 301559 中集环科 - 保存 4 条记录
2026-05-09 19:01:40,290 [INFO] [2845/5289] 301560 众捷汽车 - 无盈利预测数据
2026-05-09 19:01:40,300 [INFO] [2846/5289] 301563 云汉芯城 - 无盈利预测数据
2026-05-09 19:01:40,311 [INFO] [2847/5289] 301565 中仑新材 - 无盈利预测数据
2026-05-09 19:01:40,321 [INFO] [2848/5289] 301566 达利凯普 - 无盈利预测数据
2026-05-09 19:01:40,332 [INFO] [2849/5289] 301567 贝隆精密 - 无盈利预测数据
2026-05-09 19:01:40,343 [INFO] [2850/5289] 301568 思泰克 - 无盈利预测数据
2026-05-09 19:01:41,344 [INFO] 已完成 2850/5289
2026-05-09 19:01:41,383 [INFO] [2851/5289] 301571 国科天成 - 保存 3 条记录
2026-05-09 19:01:41,395 [INFO] [2852/5289] 301575 艾芬达 - 无盈利预测数据
2026-05-09 19:01:41,405 [INFO] [2853/5289] 301577 美信科技 - 无盈利预测数据
2026-05-09 19:01:41,426 [INFO] [2854/5289] 301578 辰奕智能 - 无盈利预测数据
2026-05-09 19:01:41,468 [INFO] [2855/5289] 301580 爱迪特 - 保存 4 条记录
2026-05-09 19:01:41,510 [INFO] [2856/5289] 301581 黄山谷捷 - 保存 4 条记录
2026-05-09 19:01:41,565 [INFO] [2857/5289] 301584 建发致新 - 保存 3 条记录
2026-05-09 19:01:41,578 [INFO] [2858/5289] 301585 蓝宇股份 - 无盈利预测数据
2026-05-09 19:01:41,588 [INFO] [2859/5289] 301586 佳力奇 - 无盈利预测数据
2026-05-09 19:01:41,599 [INFO] [2860/5289] 301587 中瑞股份 - 无盈利预测数据
2026-05-09 19:01:41,609 [INFO] [2861/5289] 301588 美新科技 - 无盈利预测数据
2026-05-09 19:01:41,642 [INFO] [2862/5289] 301589 诺瓦星云 - 保存 3 条记录
2026-05-09 19:01:41,678 [INFO] [2863/5289] 301590 优优绿能 - 保存 4 条记录
2026-05-09 19:01:41,689 [INFO] [2864/5289] 301591 肯特股份 - 无盈利预测数据
2026-05-09 19:01:41,700 [INFO] [2865/5289] 301592 六九一二 - 无盈利预测数据
2026-05-09 19:01:41,751 [INFO] [2866/5289] 301595 太力科技 - 保存 4 条记录
2026-05-09 19:01:41,760 [INFO] [2867/5289] 301596 瑞迪智驱 - 无盈利预测数据
2026-05-09 19:01:41,771 [INFO] [2868/5289] 301598 博科测试 - 无盈利预测数据
2026-05-09 19:01:41,781 [INFO] [2869/5289] 301599 C理奇智能 - 无盈利预测数据
2026-05-09 19:01:41,792 [INFO] [2870/5289] 301600 慧翰股份 - 无盈利预测数据
2026-05-09 19:01:41,806 [INFO] [2871/5289] 301601 惠通科技 - 无盈利预测数据
2026-05-09 19:01:41,820 [INFO] [2872/5289] 301602 超研股份 - 无盈利预测数据
2026-05-09 19:01:41,851 [INFO] [2873/5289] 301603 乔锋智能 - 保存 4 条记录
2026-05-09 19:01:41,885 [INFO] [2874/5289] 301606 绿联科技 - 保存 4 条记录
2026-05-09 19:01:41,921 [INFO] [2875/5289] 301607 富特科技 - 保存 4 条记录
2026-05-09 19:01:41,956 [INFO] [2876/5289] 301608 博实结 - 保存 4 条记录
2026-05-09 19:01:41,966 [INFO] [2877/5289] 301609 山大电力 - 无盈利预测数据
2026-05-09 19:01:42,008 [INFO] [2878/5289] 301611 珂玛科技 - 保存 4 条记录
2026-05-09 19:01:42,020 [INFO] [2879/5289] 301613 新铝时代 - 无盈利预测数据
2026-05-09 19:01:42,031 [INFO] [2880/5289] 301616 浙江华业 - 无盈利预测数据
2026-05-09 19:01:42,040 [INFO] [2881/5289] 301617 博苑股份 - 无盈利预测数据
2026-05-09 19:01:42,051 [INFO] [2882/5289] 301618 长联科技 - 无盈利预测数据
2026-05-09 19:01:42,061 [INFO] [2883/5289] 301622 英思特 - 无盈利预测数据
2026-05-09 19:01:42,095 [INFO] [2884/5289] 301626 苏州天脉 - 保存 3 条记录
2026-05-09 19:01:42,130 [INFO] [2885/5289] 301628 强达电路 - 保存 4 条记录
2026-05-09 19:01:42,140 [INFO] [2886/5289] 301629 矽电股份 - 无盈利预测数据
2026-05-09 19:01:42,160 [INFO] [2887/5289] 301630 同宇新材 - 无盈利预测数据
2026-05-09 19:01:42,171 [INFO] [2888/5289] 301631 壹连科技 - 无盈利预测数据
2026-05-09 19:01:42,181 [INFO] [2889/5289] 301632 广东建科 - 无盈利预测数据
2026-05-09 19:01:42,191 [INFO] [2890/5289] 301633 港迪技术 - 无盈利预测数据
2026-05-09 19:01:42,201 [INFO] [2891/5289] 301636 泽润新能 - 无盈利预测数据
2026-05-09 19:01:42,233 [INFO] [2892/5289] 301638 南网数字 - 保存 4 条记录
2026-05-09 19:01:42,264 [INFO] [2893/5289] 301656 联合动力 - 保存 4 条记录
2026-05-09 19:01:42,273 [INFO] [2894/5289] 301658 首航新能 - 无盈利预测数据
2026-05-09 19:01:42,284 [INFO] [2895/5289] 301662 宏工科技 - 无盈利预测数据
2026-05-09 19:01:42,295 [INFO] [2896/5289] 301665 泰禾股份 - 无盈利预测数据
2026-05-09 19:01:42,339 [INFO] [2897/5289] 301666 大普微-UW - 保存 3 条记录
2026-05-09 19:01:42,350 [INFO] [2898/5289] 301667 纳百川 - 无盈利预测数据
2026-05-09 19:01:42,360 [INFO] [2899/5289] 301668 昊创瑞通 - 无盈利预测数据
2026-05-09 19:01:42,393 [INFO] [2900/5289] 301678 新恒汇 - 保存 3 条记录
2026-05-09 19:01:43,393 [INFO] 已完成 2900/5289
2026-05-09 19:01:43,405 [INFO] [2901/5289] 301680 固德电材 - 无盈利预测数据
2026-05-09 19:01:43,414 [INFO] [2902/5289] 301682 宏明电子 - 无盈利预测数据
2026-05-09 19:01:43,424 [INFO] [2903/5289] 301683 慧谷新材 - 无盈利预测数据
2026-05-09 19:01:43,434 [INFO] [2904/5289] 301687 新广益 - 无盈利预测数据
2026-05-09 19:01:43,444 [INFO] [2905/5289] 301696 三瑞智能 - 无盈利预测数据
2026-05-09 19:01:43,454 [INFO] [2906/5289] 302132 中航成飞 - 已有数据，跳过
2026-05-09 19:01:43,465 [INFO] [2907/5289] 399001 股票399001 - 无盈利预测数据
2026-05-09 19:01:43,475 [INFO] [2908/5289] 399002 股票399002 - 无盈利预测数据
2026-05-09 19:01:43,487 [INFO] [2909/5289] 399003 股票399003 - 无盈利预测数据
2026-05-09 19:01:43,497 [INFO] [2910/5289] 399006 股票399006 - 无盈利预测数据
2026-05-09 19:01:43,508 [INFO] [2911/5289] 399012 股票399012 - 无盈利预测数据
2026-05-09 19:01:43,518 [INFO] [2912/5289] 399016 股票399016 - 无盈利预测数据
2026-05-09 19:01:43,529 [INFO] [2913/5289] 399018 股票399018 - 无盈利预测数据
2026-05-09 19:01:43,539 [INFO] [2914/5289] 399019 股票399019 - 无盈利预测数据
2026-05-09 19:01:43,549 [INFO] [2915/5289] 399020 股票399020 - 无盈利预测数据
2026-05-09 19:01:43,560 [INFO] [2916/5289] 399100 股票399100 - 无盈利预测数据
2026-05-09 19:01:43,569 [INFO] [2917/5289] 399102 股票399102 - 无盈利预测数据
2026-05-09 19:01:43,579 [INFO] [2918/5289] 399106 股票399106 - 无盈利预测数据
2026-05-09 19:01:43,588 [INFO] [2919/5289] 399107 股票399107 - 无盈利预测数据
2026-05-09 19:01:43,599 [INFO] [2920/5289] 399108 股票399108 - 无盈利预测数据
2026-05-09 19:01:43,609 [INFO] [2921/5289] 399262 股票399262 - 无盈利预测数据
2026-05-09 19:01:43,620 [INFO] [2922/5289] 399269 股票399269 - 无盈利预测数据
2026-05-09 19:01:43,631 [INFO] [2923/5289] 399275 股票399275 - 无盈利预测数据
2026-05-09 19:01:43,647 [INFO] [2924/5289] 399276 股票399276 - 无盈利预测数据
2026-05-09 19:01:43,658 [INFO] [2925/5289] 399286 股票399286 - 无盈利预测数据
2026-05-09 19:01:43,668 [INFO] [2926/5289] 399293 股票399293 - 无盈利预测数据
2026-05-09 19:01:43,679 [INFO] [2927/5289] 399295 股票399295 - 无盈利预测数据
2026-05-09 19:01:43,690 [INFO] [2928/5289] 399296 股票399296 - 无盈利预测数据
2026-05-09 19:01:43,699 [INFO] [2929/5289] 399300 股票399300 - 无盈利预测数据
2026-05-09 19:01:43,710 [INFO] [2930/5289] 399303 股票399303 - 无盈利预测数据
2026-05-09 19:01:43,720 [INFO] [2931/5289] 399306 股票399306 - 无盈利预测数据
2026-05-09 19:01:43,730 [INFO] [2932/5289] 399319 股票399319 - 无盈利预测数据
2026-05-09 19:01:43,740 [INFO] [2933/5289] 399320 股票399320 - 无盈利预测数据
2026-05-09 19:01:43,750 [INFO] [2934/5289] 399321 股票399321 - 无盈利预测数据
2026-05-09 19:01:43,759 [INFO] [2935/5289] 399322 股票399322 - 无盈利预测数据
2026-05-09 19:01:43,770 [INFO] [2936/5289] 399324 股票399324 - 无盈利预测数据
2026-05-09 19:01:43,779 [INFO] [2937/5289] 399328 股票399328 - 无盈利预测数据
2026-05-09 19:01:43,794 [INFO] [2938/5289] 399330 股票399330 - 无盈利预测数据
2026-05-09 19:01:43,812 [INFO] [2939/5289] 399346 股票399346 - 无盈利预测数据
2026-05-09 19:01:43,824 [INFO] [2940/5289] 399348 股票399348 - 无盈利预测数据
2026-05-09 19:01:43,834 [INFO] [2941/5289] 399354 股票399354 - 无盈利预测数据
2026-05-09 19:01:43,846 [INFO] [2942/5289] 399355 股票399355 - 无盈利预测数据
2026-05-09 19:01:43,859 [INFO] [2943/5289] 399356 股票399356 - 无盈利预测数据
2026-05-09 19:01:43,870 [INFO] [2944/5289] 399357 股票399357 - 无盈利预测数据
2026-05-09 19:01:43,882 [INFO] [2945/5289] 399359 股票399359 - 无盈利预测数据
2026-05-09 19:01:43,893 [INFO] [2946/5289] 399360 股票399360 - 无盈利预测数据
2026-05-09 19:01:43,904 [INFO] [2947/5289] 399361 股票399361 - 无盈利预测数据
2026-05-09 19:01:43,915 [INFO] [2948/5289] 399362 股票399362 - 无盈利预测数据
2026-05-09 19:01:43,927 [INFO] [2949/5289] 399363 股票399363 - 无盈利预测数据
2026-05-09 19:01:43,938 [INFO] [2950/5289] 399364 股票399364 - 无盈利预测数据
2026-05-09 19:01:44,939 [INFO] 已完成 2950/5289
2026-05-09 19:01:44,951 [INFO] [2951/5289] 399365 股票399365 - 无盈利预测数据
2026-05-09 19:01:44,963 [INFO] [2952/5289] 399366 股票399366 - 无盈利预测数据
2026-05-09 19:01:44,973 [INFO] [2953/5289] 399370 股票399370 - 无盈利预测数据
2026-05-09 19:01:44,987 [INFO] [2954/5289] 399371 股票399371 - 无盈利预测数据
2026-05-09 19:01:44,998 [INFO] [2955/5289] 399372 股票399372 - 无盈利预测数据
2026-05-09 19:01:45,011 [INFO] [2956/5289] 399373 股票399373 - 无盈利预测数据
2026-05-09 19:01:45,022 [INFO] [2957/5289] 399374 股票399374 - 无盈利预测数据
2026-05-09 19:01:45,032 [INFO] [2958/5289] 399375 股票399375 - 无盈利预测数据
2026-05-09 19:01:45,043 [INFO] [2959/5289] 399376 股票399376 - 无盈利预测数据
2026-05-09 19:01:45,058 [INFO] [2960/5289] 399377 股票399377 - 无盈利预测数据
2026-05-09 19:01:45,072 [INFO] [2961/5289] 399391 股票399391 - 无盈利预测数据
2026-05-09 19:01:45,083 [INFO] [2962/5289] 399438 股票399438 - 无盈利预测数据
2026-05-09 19:01:45,095 [INFO] [2963/5289] 399550 股票399550 - 无盈利预测数据
2026-05-09 19:01:45,107 [INFO] [2964/5289] 399608 股票399608 - 无盈利预测数据
2026-05-09 19:01:45,116 [INFO] [2965/5289] 399612 股票399612 - 无盈利预测数据
2026-05-09 19:01:45,126 [INFO] [2966/5289] 399673 股票399673 - 无盈利预测数据
2026-05-09 19:01:45,139 [INFO] [2967/5289] 399678 股票399678 - 无盈利预测数据
2026-05-09 19:01:45,150 [INFO] [2968/5289] 399699 股票399699 - 无盈利预测数据
2026-05-09 19:01:45,164 [INFO] [2969/5289] 399750 股票399750 - 无盈利预测数据
2026-05-09 19:01:45,176 [INFO] [2970/5289] 399850 股票399850 - 无盈利预测数据
2026-05-09 19:01:45,186 [INFO] [2971/5289] 399852 股票399852 - 无盈利预测数据
2026-05-09 19:01:45,205 [INFO] [2972/5289] 399903 股票399903 - 无盈利预测数据
2026-05-09 19:01:45,215 [INFO] [2973/5289] 399905 股票399905 - 无盈利预测数据
2026-05-09 19:01:45,226 [INFO] [2974/5289] 399974 股票399974 - 无盈利预测数据
2026-05-09 19:01:45,260 [INFO] [2975/5289] 600000 浦发银行 - 保存 4 条记录
2026-05-09 19:01:45,270 [INFO] [2976/5289] 600004 白云机场 - 无盈利预测数据
2026-05-09 19:01:45,281 [INFO] [2977/5289] 600006 东风股份 - 无盈利预测数据
2026-05-09 19:01:45,315 [INFO] [2978/5289] 600007 中国国贸 - 保存 4 条记录
2026-05-09 19:01:45,325 [INFO] [2979/5289] 600008 首创环保 - 无盈利预测数据
2026-05-09 19:01:45,342 [INFO] [2980/5289] 600009 上海机场 - 无盈利预测数据
2026-05-09 19:01:45,376 [INFO] [2981/5289] 600010 包钢股份 - 保存 4 条记录
2026-05-09 19:01:45,411 [INFO] [2982/5289] 600011 华能国际 - 保存 4 条记录
2026-05-09 19:01:45,444 [INFO] [2983/5289] 600012 皖通高速 - 保存 4 条记录
2026-05-09 19:01:45,481 [INFO] [2984/5289] 600015 华夏银行 - 保存 4 条记录
2026-05-09 19:01:45,514 [INFO] [2985/5289] 600016 民生银行 - 保存 4 条记录
2026-05-09 19:01:45,550 [INFO] [2986/5289] 600017 日照港 - 保存 4 条记录
2026-05-09 19:01:45,582 [INFO] [2987/5289] 600018 上港集团 - 保存 4 条记录
2026-05-09 19:01:45,616 [INFO] [2988/5289] 600019 宝钢股份 - 保存 4 条记录
2026-05-09 19:01:45,650 [INFO] [2989/5289] 600020 中原高速 - 保存 3 条记录
2026-05-09 19:01:45,661 [INFO] [2990/5289] 600021 上海电力 - 无盈利预测数据
2026-05-09 19:01:45,696 [INFO] [2991/5289] 600022 山东钢铁 - 保存 4 条记录
2026-05-09 19:01:45,730 [INFO] [2992/5289] 600023 浙能电力 - 保存 4 条记录
2026-05-09 19:01:45,763 [INFO] [2993/5289] 600025 华能水电 - 保存 4 条记录
2026-05-09 19:01:45,796 [INFO] [2994/5289] 600026 中远海能 - 保存 4 条记录
2026-05-09 19:01:45,833 [INFO] [2995/5289] 600027 华电国际 - 保存 4 条记录
2026-05-09 19:01:45,866 [INFO] [2996/5289] 600028 中国石化 - 保存 4 条记录
2026-05-09 19:01:45,897 [INFO] [2997/5289] 600029 南方航空 - 保存 4 条记录
2026-05-09 19:01:45,937 [INFO] [2998/5289] 600030 中信证券 - 保存 4 条记录
2026-05-09 19:01:45,986 [INFO] [2999/5289] 600031 三一重工 - 保存 4 条记录
2026-05-09 19:01:45,996 [INFO] [3000/5289] 600032 浙江新能 - 无盈利预测数据
2026-05-09 19:01:46,998 [INFO] 已完成 3000/5289
2026-05-09 19:01:47,012 [INFO] [3001/5289] 600033 福建高速 - 无盈利预测数据
2026-05-09 19:01:47,025 [INFO] [3002/5289] 600035 楚天高速 - 无盈利预测数据
2026-05-09 19:01:47,065 [INFO] [3003/5289] 600036 招商银行 - 保存 4 条记录
2026-05-09 19:01:47,118 [INFO] [3004/5289] 600037 歌华有线 - 保存 3 条记录
2026-05-09 19:01:47,168 [INFO] [3005/5289] 600038 中直股份 - 保存 4 条记录
2026-05-09 19:01:47,245 [INFO] [3006/5289] 600039 四川路桥 - 保存 4 条记录
2026-05-09 19:01:47,304 [INFO] [3007/5289] 600048 保利发展 - 保存 4 条记录
2026-05-09 19:01:47,364 [INFO] [3008/5289] 600050 中国联通 - 保存 4 条记录
2026-05-09 19:01:47,379 [INFO] [3009/5289] 600051 宁波联合 - 无盈利预测数据
2026-05-09 19:01:47,392 [INFO] [3010/5289] 600052 东望时代 - 无盈利预测数据
2026-05-09 19:01:47,403 [INFO] [3011/5289] 600053 *ST九鼎 - 无盈利预测数据
2026-05-09 19:01:47,415 [INFO] [3012/5289] 600054 黄山旅游 - 无盈利预测数据
2026-05-09 19:01:47,458 [INFO] [3013/5289] 600055 万东医疗 - 保存 3 条记录
2026-05-09 19:01:47,471 [INFO] [3014/5289] 600056 中国医药 - 无盈利预测数据
2026-05-09 19:01:47,508 [INFO] [3015/5289] 600057 厦门象屿 - 保存 4 条记录
2026-05-09 19:01:47,527 [INFO] [3016/5289] 600058 五矿发展 - 无盈利预测数据
2026-05-09 19:01:47,572 [INFO] [3017/5289] 600059 古越龙山 - 保存 4 条记录
2026-05-09 19:01:47,609 [INFO] [3018/5289] 600060 海信视像 - 保存 4 条记录
2026-05-09 19:01:47,621 [INFO] [3019/5289] 600061 国投资本 - 无盈利预测数据
2026-05-09 19:01:47,665 [INFO] [3020/5289] 600062 华润双鹤 - 保存 4 条记录
2026-05-09 19:01:47,702 [INFO] [3021/5289] 600063 皖维高新 - 保存 4 条记录
2026-05-09 19:01:47,747 [INFO] [3022/5289] 600064 南京高科 - 保存 4 条记录
2026-05-09 19:01:47,794 [INFO] [3023/5289] 600066 宇通客车 - 保存 4 条记录
2026-05-09 19:01:47,807 [INFO] [3024/5289] 600067 冠城新材 - 无盈利预测数据
2026-05-09 19:01:47,821 [INFO] [3025/5289] 600071 凤凰光学 - 无盈利预测数据
2026-05-09 19:01:47,841 [INFO] [3026/5289] 600072 中船科技 - 无盈利预测数据
2026-05-09 19:01:47,856 [INFO] [3027/5289] 600073 光明肉业 - 无盈利预测数据
2026-05-09 19:01:47,893 [INFO] [3028/5289] 600075 新疆天业 - 保存 3 条记录
2026-05-09 19:01:47,907 [INFO] [3029/5289] 600076 康欣新材 - 无盈利预测数据
2026-05-09 19:01:47,918 [INFO] [3030/5289] 600078 澄星股份 - 无盈利预测数据
2026-05-09 19:01:47,955 [INFO] [3031/5289] 600079 ST人福 - 保存 3 条记录
2026-05-09 19:01:47,966 [INFO] [3032/5289] 600080 ST金花 - 无盈利预测数据
2026-05-09 19:01:47,987 [INFO] [3033/5289] 600081 东风科技 - 无盈利预测数据
2026-05-09 19:01:47,998 [INFO] [3034/5289] 600082 ST海泰 - 无盈利预测数据
2026-05-09 19:01:48,011 [INFO] [3035/5289] 600084 *ST尼雅 - 无盈利预测数据
2026-05-09 19:01:48,051 [INFO] [3036/5289] 600085 同仁堂 - 保存 4 条记录
2026-05-09 19:01:48,064 [INFO] [3037/5289] 600088 中视传媒 - 无盈利预测数据
2026-05-09 19:01:48,102 [INFO] [3038/5289] 600089 特变电工 - 保存 4 条记录
2026-05-09 19:01:48,114 [INFO] [3039/5289] 600094 大名城 - 无盈利预测数据
2026-05-09 19:01:48,152 [INFO] [3040/5289] 600095 湘财股份 - 保存 4 条记录
2026-05-09 19:01:48,188 [INFO] [3041/5289] 600096 云天化 - 保存 4 条记录
2026-05-09 19:01:48,200 [INFO] [3042/5289] 600097 开创国际 - 无盈利预测数据
2026-05-09 19:01:48,242 [INFO] [3043/5289] 600098 广州发展 - 保存 4 条记录
2026-05-09 19:01:48,281 [INFO] [3044/5289] 600099 林海股份 - 保存 3 条记录
2026-05-09 19:01:48,292 [INFO] [3045/5289] 600100 同方股份 - 无盈利预测数据
2026-05-09 19:01:48,303 [INFO] [3046/5289] 600101 明星电力 - 无盈利预测数据
2026-05-09 19:01:48,315 [INFO] [3047/5289] 600103 青山纸业 - 无盈利预测数据
2026-05-09 19:01:48,354 [INFO] [3048/5289] 600104 上汽集团 - 保存 4 条记录
2026-05-09 19:01:48,389 [INFO] [3049/5289] 600105 永鼎股份 - 保存 4 条记录
2026-05-09 19:01:48,401 [INFO] [3050/5289] 600106 重庆路桥 - 无盈利预测数据
2026-05-09 19:01:49,402 [INFO] 已完成 3050/5289
2026-05-09 19:01:49,414 [INFO] [3051/5289] 600107 *ST尔雅 - 无盈利预测数据
2026-05-09 19:01:49,426 [INFO] [3052/5289] 600108 亚盛集团 - 无盈利预测数据
2026-05-09 19:01:49,438 [INFO] [3053/5289] 600109 国金证券 - 无盈利预测数据
2026-05-09 19:01:49,452 [INFO] [3054/5289] 600110 诺德股份 - 无盈利预测数据
2026-05-09 19:01:49,464 [INFO] [3055/5289] 600111 北方稀土 - 已有数据，跳过
2026-05-09 19:01:49,474 [INFO] [3056/5289] 600113 浙江东日 - 无盈利预测数据
2026-05-09 19:01:49,510 [INFO] [3057/5289] 600114 东睦股份 - 保存 4 条记录
2026-05-09 19:01:49,557 [INFO] [3058/5289] 600115 中国东航 - 保存 3 条记录
2026-05-09 19:01:49,599 [INFO] [3059/5289] 600116 三峡水利 - 保存 4 条记录
2026-05-09 19:01:49,614 [INFO] [3060/5289] 600117 西宁特钢 - 无盈利预测数据
2026-05-09 19:01:49,650 [INFO] [3061/5289] 600118 中国卫星 - 保存 4 条记录
2026-05-09 19:01:49,662 [INFO] [3062/5289] 600119 *ST长投 - 无盈利预测数据
2026-05-09 19:01:49,682 [INFO] [3063/5289] 600120 浙江东方 - 无盈利预测数据
2026-05-09 19:01:49,695 [INFO] [3064/5289] 600121 郑州煤电 - 无盈利预测数据
2026-05-09 19:01:49,733 [INFO] [3065/5289] 600123 兰花科创 - 保存 3 条记录
2026-05-09 19:01:49,768 [INFO] [3066/5289] 600125 铁龙物流 - 保存 4 条记录
2026-05-09 19:01:49,779 [INFO] [3067/5289] 600126 杭钢股份 - 无盈利预测数据
2026-05-09 19:01:49,790 [INFO] [3068/5289] 600127 金健米业 - 无盈利预测数据
2026-05-09 19:01:49,802 [INFO] [3069/5289] 600128 苏豪弘业 - 无盈利预测数据
2026-05-09 19:01:49,837 [INFO] [3070/5289] 600129 太极集团 - 保存 4 条记录
2026-05-09 19:01:49,847 [INFO] [3071/5289] 600130 波导股份 - 无盈利预测数据
2026-05-09 19:01:49,888 [INFO] [3072/5289] 600131 国网信通 - 保存 4 条记录
2026-05-09 19:01:49,928 [INFO] [3073/5289] 600132 重庆啤酒 - 保存 4 条记录
2026-05-09 19:01:49,939 [INFO] [3074/5289] 600133 东湖高新 - 无盈利预测数据
2026-05-09 19:01:49,953 [INFO] [3075/5289] 600135 乐凯胶片 - 无盈利预测数据
2026-05-09 19:01:49,965 [INFO] [3076/5289] 600136 ST明诚 - 无盈利预测数据
2026-05-09 19:01:49,989 [INFO] [3077/5289] 600137 浪莎股份 - 无盈利预测数据
2026-05-09 19:01:50,030 [INFO] [3078/5289] 600138 中青旅 - 保存 3 条记录
2026-05-09 19:01:50,065 [INFO] [3079/5289] 600141 兴发集团 - 保存 4 条记录
2026-05-09 19:01:50,101 [INFO] [3080/5289] 600143 金发科技 - 保存 4 条记录
2026-05-09 19:01:50,113 [INFO] [3081/5289] 600148 长春一东 - 无盈利预测数据
2026-05-09 19:01:50,126 [INFO] [3082/5289] 600149 廊坊发展 - 无盈利预测数据
2026-05-09 19:01:50,166 [INFO] [3083/5289] 600150 中国船舶 - 保存 4 条记录
2026-05-09 19:01:50,178 [INFO] [3084/5289] 600151 航天机电 - 无盈利预测数据
2026-05-09 19:01:50,190 [INFO] [3085/5289] 600152 维科技术 - 无盈利预测数据
2026-05-09 19:01:50,226 [INFO] [3086/5289] 600153 建发股份 - 保存 3 条记录
2026-05-09 19:01:50,261 [INFO] [3087/5289] 600155 华创云信 - 保存 3 条记录
2026-05-09 19:01:50,272 [INFO] [3088/5289] 600156 XD华升股 - 无盈利预测数据
2026-05-09 19:01:50,311 [INFO] [3089/5289] 600157 永泰能源 - 保存 4 条记录
2026-05-09 19:01:50,329 [INFO] [3090/5289] 600158 中体产业 - 无盈利预测数据
2026-05-09 19:01:50,344 [INFO] [3091/5289] 600159 大龙地产 - 无盈利预测数据
2026-05-09 19:01:50,386 [INFO] [3092/5289] 600160 巨化股份 - 保存 4 条记录
2026-05-09 19:01:50,422 [INFO] [3093/5289] 600161 天坛生物 - 保存 4 条记录
2026-05-09 19:01:50,433 [INFO] [3094/5289] 600162 香江控股 - 无盈利预测数据
2026-05-09 19:01:50,471 [INFO] [3095/5289] 600163 中闽能源 - 保存 4 条记录
2026-05-09 19:01:50,484 [INFO] [3096/5289] 600165 ST宁科 - 无盈利预测数据
2026-05-09 19:01:50,522 [INFO] [3097/5289] 600166 福田汽车 - 保存 4 条记录
2026-05-09 19:01:50,561 [INFO] [3098/5289] 600167 联美控股 - 保存 4 条记录
2026-05-09 19:01:50,573 [INFO] [3099/5289] 600168 武汉控股 - 无盈利预测数据
2026-05-09 19:01:50,584 [INFO] [3100/5289] 600169 ST太重 - 无盈利预测数据
2026-05-09 19:01:51,585 [INFO] 已完成 3100/5289
2026-05-09 19:01:51,621 [INFO] [3101/5289] 600170 上海建工 - 保存 4 条记录
2026-05-09 19:01:51,632 [INFO] [3102/5289] 600171 上海贝岭 - 无盈利预测数据
2026-05-09 19:01:51,642 [INFO] [3103/5289] 600172 黄河旋风 - 无盈利预测数据
2026-05-09 19:01:51,652 [INFO] [3104/5289] 600173 卧龙新能 - 无盈利预测数据
2026-05-09 19:01:51,692 [INFO] [3105/5289] 600176 中国巨石 - 保存 4 条记录
2026-05-09 19:01:51,704 [INFO] [3106/5289] 600177 雅戈尔 - 无盈利预测数据
2026-05-09 19:01:51,715 [INFO] [3107/5289] 600178 东安动力 - 无盈利预测数据
2026-05-09 19:01:51,760 [INFO] [3108/5289] 600179 安通控股 - 保存 4 条记录
2026-05-09 19:01:51,781 [INFO] [3109/5289] 600180 *ST瑞茂 - 无盈利预测数据
2026-05-09 19:01:51,791 [INFO] [3110/5289] 600182 S佳通 - 无盈利预测数据
2026-05-09 19:01:51,826 [INFO] [3111/5289] 600183 生益科技 - 保存 4 条记录
2026-05-09 19:01:51,837 [INFO] [3112/5289] 600184 光电股份 - 无盈利预测数据
2026-05-09 19:01:51,875 [INFO] [3113/5289] 600185 珠免集团 - 保存 2 条记录
2026-05-09 19:01:51,914 [INFO] [3114/5289] 600186 莲花控股 - 保存 4 条记录
2026-05-09 19:01:51,929 [INFO] [3115/5289] 600187 *ST国中 - 无盈利预测数据
2026-05-09 19:01:51,971 [INFO] [3116/5289] 600188 兖矿能源 - 保存 4 条记录
2026-05-09 19:01:52,016 [INFO] [3117/5289] 600189 泉阳泉 - 保存 4 条记录
2026-05-09 19:01:52,053 [INFO] [3118/5289] 600191 华资实业 - 保存 4 条记录
2026-05-09 19:01:52,065 [INFO] [3119/5289] 600192 长城电工 - 无盈利预测数据
2026-05-09 19:01:52,077 [INFO] [3120/5289] 600193 *ST创兴 - 无盈利预测数据
2026-05-09 19:01:52,125 [INFO] [3121/5289] 600195 中牧股份 - 保存 4 条记录
2026-05-09 19:01:52,145 [INFO] [3122/5289] 600196 复星医药 - 无盈利预测数据
2026-05-09 19:01:52,189 [INFO] [3123/5289] 600197 伊力特 - 保存 4 条记录
2026-05-09 19:01:52,200 [INFO] [3124/5289] 600198 大唐电信 - 无盈利预测数据
2026-05-09 19:01:52,252 [INFO] [3125/5289] 600199 金种子酒 - 保存 2 条记录
2026-05-09 19:01:52,266 [INFO] [3126/5289] 600200 股票600200 - 无盈利预测数据
2026-05-09 19:01:52,313 [INFO] [3127/5289] 600201 生物股份 - 保存 4 条记录
2026-05-09 19:01:52,324 [INFO] [3128/5289] 600202 哈空调 - 无盈利预测数据
2026-05-09 19:01:52,339 [INFO] [3129/5289] 600203 福日电子 - 无盈利预测数据
2026-05-09 19:01:52,351 [INFO] [3130/5289] 600206 有研新材 - 无盈利预测数据
2026-05-09 19:01:52,365 [INFO] [3131/5289] 600207 安彩高科 - 无盈利预测数据
2026-05-09 19:01:52,377 [INFO] [3132/5289] 600208 衢州发展 - 无盈利预测数据
2026-05-09 19:01:52,425 [INFO] [3133/5289] 600210 紫江企业 - 保存 3 条记录
2026-05-09 19:01:52,479 [INFO] [3134/5289] 600211 西藏药业 - 保存 4 条记录
2026-05-09 19:01:52,501 [INFO] [3135/5289] 600212 绿能慧充 - 无盈利预测数据
2026-05-09 19:01:52,517 [INFO] [3136/5289] 600215 派斯林 - 无盈利预测数据
2026-05-09 19:01:52,561 [INFO] [3137/5289] 600216 浙江医药 - 保存 4 条记录
2026-05-09 19:01:52,577 [INFO] [3138/5289] 600217 中再资环 - 无盈利预测数据
2026-05-09 19:01:52,592 [INFO] [3139/5289] 600218 全柴动力 - 无盈利预测数据
2026-05-09 19:01:52,634 [INFO] [3140/5289] 600219 南山铝业 - 保存 4 条记录
2026-05-09 19:01:52,669 [INFO] [3141/5289] 600221 海航控股 - 保存 4 条记录
2026-05-09 19:01:52,680 [INFO] [3142/5289] 600222 太龙药业 - 无盈利预测数据
2026-05-09 19:01:52,719 [INFO] [3143/5289] 600223 福瑞达 - 保存 4 条记录
2026-05-09 19:01:52,730 [INFO] [3144/5289] 600226 亨通股份 - 无盈利预测数据
2026-05-09 19:01:52,746 [INFO] [3145/5289] 600227 赤天化 - 无盈利预测数据
2026-05-09 19:01:52,758 [INFO] [3146/5289] 600228 *ST返利 - 无盈利预测数据
2026-05-09 19:01:52,776 [INFO] [3147/5289] 600229 城市传媒 - 无盈利预测数据
2026-05-09 19:01:52,824 [INFO] [3148/5289] 600230 沧州大化 - 保存 3 条记录
2026-05-09 19:01:52,838 [INFO] [3149/5289] 600231 凌钢股份 - 无盈利预测数据
2026-05-09 19:01:52,854 [INFO] [3150/5289] 600232 金鹰股份 - 无盈利预测数据
2026-05-09 19:01:53,855 [INFO] 已完成 3150/5289
2026-05-09 19:01:53,898 [INFO] [3151/5289] 600233 圆通速递 - 保存 4 条记录
2026-05-09 19:01:53,909 [INFO] [3152/5289] 600234 科新发展 - 无盈利预测数据
2026-05-09 19:01:53,921 [INFO] [3153/5289] 600235 民丰特纸 - 无盈利预测数据
2026-05-09 19:01:53,958 [INFO] [3154/5289] 600236 桂冠电力 - 保存 4 条记录
2026-05-09 19:01:53,971 [INFO] [3155/5289] 600237 铜峰电子 - 无盈利预测数据
2026-05-09 19:01:53,987 [INFO] [3156/5289] 600238 *ST椰岛 - 无盈利预测数据
2026-05-09 19:01:54,001 [INFO] [3157/5289] 600239 ST云城 - 无盈利预测数据
2026-05-09 19:01:54,012 [INFO] [3158/5289] 600241 时代万恒 - 无盈利预测数据
2026-05-09 19:01:54,023 [INFO] [3159/5289] 600243 *ST海华 - 无盈利预测数据
2026-05-09 19:01:54,036 [INFO] [3160/5289] 600246 万通发展 - 无盈利预测数据
2026-05-09 19:01:54,047 [INFO] [3161/5289] 600248 陕建股份 - 无盈利预测数据
2026-05-09 19:01:54,063 [INFO] [3162/5289] 600249 两面针 - 无盈利预测数据
2026-05-09 19:01:54,073 [INFO] [3163/5289] 600250 南京商旅 - 无盈利预测数据
2026-05-09 19:01:54,082 [INFO] [3164/5289] 600251 冠农股份 - 无盈利预测数据
2026-05-09 19:01:54,091 [INFO] [3165/5289] 600252 中恒集团 - 无盈利预测数据
2026-05-09 19:01:54,104 [INFO] [3166/5289] 600255 鑫科材料 - 无盈利预测数据
2026-05-09 19:01:54,137 [INFO] [3167/5289] 600256 广汇能源 - 保存 4 条记录
2026-05-09 19:01:54,173 [INFO] [3168/5289] 600257 大湖股份 - 保存 4 条记录
2026-05-09 19:01:54,204 [INFO] [3169/5289] 600258 首旅酒店 - 保存 4 条记录
2026-05-09 19:01:54,236 [INFO] [3170/5289] 600259 中稀有色 - 保存 4 条记录
2026-05-09 19:01:54,245 [INFO] [3171/5289] 600261 阳光照明 - 无盈利预测数据
2026-05-09 19:01:54,255 [INFO] [3172/5289] 600262 北方股份 - 无盈利预测数据
2026-05-09 19:01:54,265 [INFO] [3173/5289] 600265 *ST景谷 - 无盈利预测数据
2026-05-09 19:01:54,297 [INFO] [3174/5289] 600266 城建发展 - 保存 3 条记录
2026-05-09 19:01:54,307 [INFO] [3175/5289] 600267 海正药业 - 无盈利预测数据
2026-05-09 19:01:54,341 [INFO] [3176/5289] 600268 国电南自 - 保存 4 条记录
2026-05-09 19:01:54,388 [INFO] [3177/5289] 600269 赣粤高速 - 保存 4 条记录
2026-05-09 19:01:54,398 [INFO] [3178/5289] 600271 航天信息 - 无盈利预测数据
2026-05-09 19:01:54,412 [INFO] [3179/5289] 600272 开开实业 - 无盈利预测数据
2026-05-09 19:01:54,446 [INFO] [3180/5289] 600273 嘉化能源 - 保存 4 条记录
2026-05-09 19:01:54,486 [INFO] [3181/5289] 600276 恒瑞医药 - 保存 4 条记录
2026-05-09 19:01:54,496 [INFO] [3182/5289] 600278 东方创业 - 无盈利预测数据
2026-05-09 19:01:54,506 [INFO] [3183/5289] 600279 重庆港 - 无盈利预测数据
2026-05-09 19:01:54,517 [INFO] [3184/5289] 600280 中央商场 - 无盈利预测数据
2026-05-09 19:01:54,526 [INFO] [3185/5289] 600281 华阳新材 - 无盈利预测数据
2026-05-09 19:01:54,556 [INFO] [3186/5289] 600282 南钢股份 - 保存 4 条记录
2026-05-09 19:01:54,565 [INFO] [3187/5289] 600283 钱江水利 - 无盈利预测数据
2026-05-09 19:01:54,604 [INFO] [3188/5289] 600284 浦东建设 - 保存 4 条记录
2026-05-09 19:01:54,638 [INFO] [3189/5289] 600285 羚锐制药 - 保存 4 条记录
2026-05-09 19:01:54,648 [INFO] [3190/5289] 600287 苏豪时尚 - 无盈利预测数据
2026-05-09 19:01:54,658 [INFO] [3191/5289] 600288 大恒科技 - 无盈利预测数据
2026-05-09 19:01:54,669 [INFO] [3192/5289] 600289 ST信通 - 无盈利预测数据
2026-05-09 19:01:54,705 [INFO] [3193/5289] 600292 电投水电 - 保存 3 条记录
2026-05-09 19:01:54,715 [INFO] [3194/5289] 600293 三峡新材 - 无盈利预测数据
2026-05-09 19:01:54,725 [INFO] [3195/5289] 600295 鄂尔多斯 - 无盈利预测数据
2026-05-09 19:01:54,760 [INFO] [3196/5289] 600298 安琪酵母 - 保存 4 条记录
2026-05-09 19:01:54,798 [INFO] [3197/5289] 600299 安迪苏 - 保存 4 条记录
2026-05-09 19:01:54,810 [INFO] [3198/5289] 600300 维维股份 - 无盈利预测数据
2026-05-09 19:01:54,841 [INFO] [3199/5289] 600301 华锡有色 - 保存 4 条记录
2026-05-09 19:01:54,852 [INFO] [3200/5289] 600302 ST标准 - 无盈利预测数据
2026-05-09 19:01:55,853 [INFO] 已完成 3200/5289
2026-05-09 19:01:55,863 [INFO] [3201/5289] 600303 曙光股份 - 无盈利预测数据
2026-05-09 19:01:55,896 [INFO] [3202/5289] 600305 恒顺醋业 - 保存 4 条记录
2026-05-09 19:01:55,907 [INFO] [3203/5289] 600307 酒钢宏兴 - 无盈利预测数据
2026-05-09 19:01:55,916 [INFO] [3204/5289] 600308 华泰股份 - 无盈利预测数据
2026-05-09 19:01:55,950 [INFO] [3205/5289] 600309 万华化学 - 保存 4 条记录
2026-05-09 19:01:55,962 [INFO] [3206/5289] 600310 广西能源 - 无盈利预测数据
2026-05-09 19:01:55,999 [INFO] [3207/5289] 600312 平高电气 - 保存 4 条记录
2026-05-09 19:01:56,009 [INFO] [3208/5289] 600313 农发种业 - 无盈利预测数据
2026-05-09 19:01:56,041 [INFO] [3209/5289] 600315 上海家化 - 保存 4 条记录
2026-05-09 19:01:56,073 [INFO] [3210/5289] 600316 洪都航空 - 保存 4 条记录
2026-05-09 19:01:56,082 [INFO] [3211/5289] 600318 新力金融 - 无盈利预测数据
2026-05-09 19:01:56,092 [INFO] [3212/5289] 600319 亚星化学 - 无盈利预测数据
2026-05-09 19:01:56,126 [INFO] [3213/5289] 600320 振华重工 - 保存 4 条记录
2026-05-09 19:01:56,136 [INFO] [3214/5289] 600322 津投城开 - 无盈利预测数据
2026-05-09 19:01:56,171 [INFO] [3215/5289] 600323 瀚蓝环境 - 保存 4 条记录
2026-05-09 19:01:56,203 [INFO] [3216/5289] 600325 华发股份 - 保存 2 条记录
2026-05-09 19:01:56,213 [INFO] [3217/5289] 600326 西藏天路 - 无盈利预测数据
2026-05-09 19:01:56,222 [INFO] [3218/5289] 600327 大东方 - 无盈利预测数据
2026-05-09 19:01:56,232 [INFO] [3219/5289] 600328 中盐化工 - 无盈利预测数据
2026-05-09 19:01:56,263 [INFO] [3220/5289] 600329 达仁堂 - 保存 4 条记录
2026-05-09 19:01:56,298 [INFO] [3221/5289] 600330 天通股份 - 保存 3 条记录
2026-05-09 19:01:56,330 [INFO] [3222/5289] 600331 宏达股份 - 保存 2 条记录
2026-05-09 19:01:56,369 [INFO] [3223/5289] 600332 白云山 - 保存 4 条记录
2026-05-09 19:01:56,379 [INFO] [3224/5289] 600333 长春燃气 - 无盈利预测数据
2026-05-09 19:01:56,389 [INFO] [3225/5289] 600335 国机汽车 - 无盈利预测数据
2026-05-09 19:01:56,400 [INFO] [3226/5289] 600336 澳柯玛 - 无盈利预测数据
2026-05-09 19:01:56,409 [INFO] [3227/5289] 600337 ST美克 - 无盈利预测数据
2026-05-09 19:01:56,428 [INFO] [3228/5289] 600338 西藏珠峰 - 无盈利预测数据
2026-05-09 19:01:56,465 [INFO] [3229/5289] 600339 中油工程 - 保存 4 条记录
2026-05-09 19:01:56,475 [INFO] [3230/5289] 600340 *ST华幸 - 无盈利预测数据
2026-05-09 19:01:56,488 [INFO] [3231/5289] 600343 航天动力 - 无盈利预测数据
2026-05-09 19:01:56,499 [INFO] [3232/5289] 600345 长江通信 - 无盈利预测数据
2026-05-09 19:01:56,530 [INFO] [3233/5289] 600346 恒力石化 - 保存 4 条记录
2026-05-09 19:01:56,566 [INFO] [3234/5289] 600348 华阳股份 - 保存 4 条记录
2026-05-09 19:01:56,601 [INFO] [3235/5289] 600350 山东高速 - 保存 4 条记录
2026-05-09 19:01:56,612 [INFO] [3236/5289] 600351 亚宝药业 - 无盈利预测数据
2026-05-09 19:01:56,644 [INFO] [3237/5289] 600352 浙江龙盛 - 保存 4 条记录
2026-05-09 19:01:56,680 [INFO] [3238/5289] 600353 旭光电子 - 保存 4 条记录
2026-05-09 19:01:56,691 [INFO] [3239/5289] 600354 敦煌种业 - 无盈利预测数据
2026-05-09 19:01:56,700 [INFO] [3240/5289] 600355 股票600355 - 无盈利预测数据
2026-05-09 19:01:56,733 [INFO] [3241/5289] 600356 恒丰纸业 - 保存 4 条记录
2026-05-09 19:01:56,742 [INFO] [3242/5289] 600358 国旅联合 - 无盈利预测数据
2026-05-09 19:01:56,752 [INFO] [3243/5289] 600359 新农开发 - 无盈利预测数据
2026-05-09 19:01:56,763 [INFO] [3244/5289] 600360 *ST华微 - 无盈利预测数据
2026-05-09 19:01:56,797 [INFO] [3245/5289] 600361 创新新材 - 保存 4 条记录
2026-05-09 19:01:56,831 [INFO] [3246/5289] 600362 江西铜业 - 保存 4 条记录
2026-05-09 19:01:56,870 [INFO] [3247/5289] 600363 联创光电 - 保存 3 条记录
2026-05-09 19:01:56,880 [INFO] [3248/5289] 600365 ST通葡 - 无盈利预测数据
2026-05-09 19:01:56,914 [INFO] [3249/5289] 600366 宁波韵升 - 保存 4 条记录
2026-05-09 19:01:56,929 [INFO] [3250/5289] 600367 红星发展 - 无盈利预测数据
2026-05-09 19:01:57,929 [INFO] 已完成 3250/5289
2026-05-09 19:01:57,942 [INFO] [3251/5289] 600368 五洲交通 - 无盈利预测数据
2026-05-09 19:01:57,952 [INFO] [3252/5289] 600369 西南证券 - 无盈利预测数据
2026-05-09 19:01:57,963 [INFO] [3253/5289] 600370 *ST三房 - 无盈利预测数据
2026-05-09 19:01:57,972 [INFO] [3254/5289] 600371 万向德农 - 无盈利预测数据
2026-05-09 19:01:58,010 [INFO] [3255/5289] 600372 中航机载 - 保存 4 条记录
2026-05-09 19:01:58,020 [INFO] [3256/5289] 600373 中文传媒 - 无盈利预测数据
2026-05-09 19:01:58,031 [INFO] [3257/5289] 600375 汉马科技 - 无盈利预测数据
2026-05-09 19:01:58,062 [INFO] [3258/5289] 600376 首开股份 - 保存 2 条记录
2026-05-09 19:01:58,092 [INFO] [3259/5289] 600377 宁沪高速 - 保存 4 条记录
2026-05-09 19:01:58,122 [INFO] [3260/5289] 600378 昊华科技 - 保存 4 条记录
2026-05-09 19:01:58,132 [INFO] [3261/5289] 600379 宝光股份 - 无盈利预测数据
2026-05-09 19:01:58,162 [INFO] [3262/5289] 600380 健康元 - 保存 4 条记录
2026-05-09 19:01:58,172 [INFO] [3263/5289] 600381 *ST春天 - 无盈利预测数据
2026-05-09 19:01:58,182 [INFO] [3264/5289] 600382 广东明珠 - 无盈利预测数据
2026-05-09 19:01:58,191 [INFO] [3265/5289] 600383 金地集团 - 无盈利预测数据
2026-05-09 19:01:58,201 [INFO] [3266/5289] 600386 北巴传媒 - 无盈利预测数据
2026-05-09 19:01:58,233 [INFO] [3267/5289] 600388 龙净环保 - 保存 4 条记录
2026-05-09 19:01:58,269 [INFO] [3268/5289] 600389 江山股份 - 保存 4 条记录
2026-05-09 19:01:58,279 [INFO] [3269/5289] 600390 五矿资本 - 无盈利预测数据
2026-05-09 19:01:58,312 [INFO] [3270/5289] 600391 航发科技 - 保存 4 条记录
2026-05-09 19:01:58,322 [INFO] [3271/5289] 600392 盛和资源 - 无盈利预测数据
2026-05-09 19:01:58,358 [INFO] [3272/5289] 600395 盘江股份 - 保存 4 条记录
2026-05-09 19:01:58,369 [INFO] [3273/5289] 600396 华电辽能 - 无盈利预测数据
2026-05-09 19:01:58,378 [INFO] [3274/5289] 600397 江钨装备 - 无盈利预测数据
2026-05-09 19:01:58,409 [INFO] [3275/5289] 600398 海澜之家 - 保存 4 条记录
2026-05-09 19:01:58,419 [INFO] [3276/5289] 600399 抚顺特钢 - 无盈利预测数据
2026-05-09 19:01:58,429 [INFO] [3277/5289] 600400 红豆股份 - 无盈利预测数据
2026-05-09 19:01:58,440 [INFO] [3278/5289] 600403 大有能源 - 无盈利预测数据
2026-05-09 19:01:58,450 [INFO] [3279/5289] 600405 动力源 - 无盈利预测数据
2026-05-09 19:01:58,488 [INFO] [3280/5289] 600406 国电南瑞 - 保存 4 条记录
2026-05-09 19:01:58,504 [INFO] [3281/5289] 600408 安泰集团 - 无盈利预测数据
2026-05-09 19:01:58,514 [INFO] [3282/5289] 600409 三友化工 - 无盈利预测数据
2026-05-09 19:01:58,524 [INFO] [3283/5289] 600410 华胜天成 - 无盈利预测数据
2026-05-09 19:01:58,555 [INFO] [3284/5289] 600415 小商品城 - 保存 4 条记录
2026-05-09 19:01:58,565 [INFO] [3285/5289] 600416 湘电股份 - 无盈利预测数据
2026-05-09 19:01:58,596 [INFO] [3286/5289] 600418 江淮汽车 - 保存 3 条记录
2026-05-09 19:01:58,628 [INFO] [3287/5289] 600419 天润乳业 - 保存 4 条记录
2026-05-09 19:01:58,663 [INFO] [3288/5289] 600420 国药现代 - 保存 4 条记录
2026-05-09 19:01:58,672 [INFO] [3289/5289] 600421 *ST华嵘 - 无盈利预测数据
2026-05-09 19:01:58,702 [INFO] [3290/5289] 600422 昆药集团 - 保存 4 条记录
2026-05-09 19:01:58,713 [INFO] [3291/5289] 600423 *ST柳化 - 无盈利预测数据
2026-05-09 19:01:58,723 [INFO] [3292/5289] 600425 青松建化 - 无盈利预测数据
2026-05-09 19:01:58,754 [INFO] [3293/5289] 600426 华鲁恒升 - 保存 4 条记录
2026-05-09 19:01:58,784 [INFO] [3294/5289] 600428 中远海特 - 保存 4 条记录
2026-05-09 19:01:58,818 [INFO] [3295/5289] 600429 三元股份 - 保存 3 条记录
2026-05-09 19:01:58,853 [INFO] [3296/5289] 600433 冠豪高新 - 保存 2 条记录
2026-05-09 19:01:58,892 [INFO] [3297/5289] 600435 北方导航 - 保存 4 条记录
2026-05-09 19:01:58,927 [INFO] [3298/5289] 600436 片仔癀 - 保存 4 条记录
2026-05-09 19:01:58,961 [INFO] [3299/5289] 600438 通威股份 - 保存 2 条记录
2026-05-09 19:01:58,971 [INFO] [3300/5289] 600439 瑞贝卡 - 无盈利预测数据
2026-05-09 19:01:59,971 [INFO] 已完成 3300/5289
2026-05-09 19:01:59,983 [INFO] [3301/5289] 600444 国机通用 - 无盈利预测数据
2026-05-09 19:02:00,021 [INFO] [3302/5289] 600446 金证股份 - 保存 3 条记录
2026-05-09 19:02:00,032 [INFO] [3303/5289] 600448 华纺股份 - 无盈利预测数据
2026-05-09 19:02:00,042 [INFO] [3304/5289] 600449 宁夏建材 - 无盈利预测数据
2026-05-09 19:02:00,074 [INFO] [3305/5289] 600452 涪陵电力 - 保存 4 条记录
2026-05-09 19:02:00,113 [INFO] [3306/5289] 600455 博通股份 - 保存 4 条记录
2026-05-09 19:02:00,146 [INFO] [3307/5289] 600456 宝钛股份 - 保存 4 条记录
2026-05-09 19:02:00,181 [INFO] [3308/5289] 600458 时代新材 - 保存 4 条记录
2026-05-09 19:02:00,220 [INFO] [3309/5289] 600459 贵研铂业 - 保存 4 条记录
2026-05-09 19:02:00,251 [INFO] [3310/5289] 600460 士兰微 - 保存 4 条记录
2026-05-09 19:02:00,291 [INFO] [3311/5289] 600461 洪城环境 - 保存 4 条记录
2026-05-09 19:02:00,303 [INFO] [3312/5289] 600463 空港股份 - 无盈利预测数据
2026-05-09 19:02:00,313 [INFO] [3313/5289] 600467 好当家 - 无盈利预测数据
2026-05-09 19:02:00,324 [INFO] [3314/5289] 600468 百利电气 - 无盈利预测数据
2026-05-09 19:02:00,342 [INFO] [3315/5289] 600469 风神股份 - 无盈利预测数据
2026-05-09 19:02:00,352 [INFO] [3316/5289] 600470 六国化工 - 无盈利预测数据
2026-05-09 19:02:00,395 [INFO] [3317/5289] 600475 华光环能 - 保存 4 条记录
2026-05-09 19:02:00,406 [INFO] [3318/5289] 600476 *ST湘邮 - 无盈利预测数据
2026-05-09 19:02:00,417 [INFO] [3319/5289] 600477 杭萧钢构 - 无盈利预测数据
2026-05-09 19:02:00,428 [INFO] [3320/5289] 600478 科力远 - 无盈利预测数据
2026-05-09 19:02:00,439 [INFO] [3321/5289] 600479 千金药业 - 无盈利预测数据
2026-05-09 19:02:00,471 [INFO] [3322/5289] 600480 凌云股份 - 保存 4 条记录
2026-05-09 19:02:00,507 [INFO] [3323/5289] 600481 双良节能 - 保存 3 条记录
2026-05-09 19:02:00,545 [INFO] [3324/5289] 600482 中国动力 - 保存 4 条记录
2026-05-09 19:02:00,580 [INFO] [3325/5289] 600483 福能股份 - 保存 4 条记录
2026-05-09 19:02:00,625 [INFO] [3326/5289] 600486 扬农化工 - 保存 4 条记录
2026-05-09 19:02:00,663 [INFO] [3327/5289] 600487 亨通光电 - 保存 4 条记录
2026-05-09 19:02:00,679 [INFO] [3328/5289] 600488 津药药业 - 无盈利预测数据
2026-05-09 19:02:00,718 [INFO] [3329/5289] 600489 中金黄金 - 保存 4 条记录
2026-05-09 19:02:00,729 [INFO] [3330/5289] 600490 鹏欣资源 - 无盈利预测数据
2026-05-09 19:02:00,739 [INFO] [3331/5289] 600491 ST龙元 - 无盈利预测数据
2026-05-09 19:02:00,752 [INFO] [3332/5289] 600493 凤竹纺织 - 无盈利预测数据
2026-05-09 19:02:00,766 [INFO] [3333/5289] 600495 晋西车轴 - 无盈利预测数据
2026-05-09 19:02:00,803 [INFO] [3334/5289] 600496 精工钢构 - 保存 4 条记录
2026-05-09 19:02:00,838 [INFO] [3335/5289] 600497 驰宏锌锗 - 保存 4 条记录
2026-05-09 19:02:00,876 [INFO] [3336/5289] 600498 烽火通信 - 保存 4 条记录
2026-05-09 19:02:00,921 [INFO] [3337/5289] 600499 科达制造 - 保存 4 条记录
2026-05-09 19:02:00,938 [INFO] [3338/5289] 600500 中化国际 - 无盈利预测数据
2026-05-09 19:02:00,949 [INFO] [3339/5289] 600501 航天晨光 - 无盈利预测数据
2026-05-09 19:02:00,987 [INFO] [3340/5289] 600502 安徽建工 - 保存 4 条记录
2026-05-09 19:02:00,998 [INFO] [3341/5289] 600503 华丽家族 - 无盈利预测数据
2026-05-09 19:02:01,012 [INFO] [3342/5289] 600505 西昌电力 - 无盈利预测数据
2026-05-09 19:02:01,023 [INFO] [3343/5289] 600506 统一股份 - 无盈利预测数据
2026-05-09 19:02:01,054 [INFO] [3344/5289] 600507 方大特钢 - 保存 4 条记录
2026-05-09 19:02:01,092 [INFO] [3345/5289] 600508 上海能源 - 保存 4 条记录
2026-05-09 19:02:01,108 [INFO] [3346/5289] 600509 天富能源 - 无盈利预测数据
2026-05-09 19:02:01,119 [INFO] [3347/5289] 600510 黑牡丹 - 无盈利预测数据
2026-05-09 19:02:01,130 [INFO] [3348/5289] 600511 国药股份 - 无盈利预测数据
2026-05-09 19:02:01,140 [INFO] [3349/5289] 600512 腾达建设 - 无盈利预测数据
2026-05-09 19:02:01,151 [INFO] [3350/5289] 600513 联环药业 - 无盈利预测数据
2026-05-09 19:02:02,152 [INFO] 已完成 3350/5289
2026-05-09 19:02:02,188 [INFO] [3351/5289] 600515 海南机场 - 保存 4 条记录
2026-05-09 19:02:02,198 [INFO] [3352/5289] 600516 方大炭素 - 无盈利预测数据
2026-05-09 19:02:02,232 [INFO] [3353/5289] 600517 国网英大 - 保存 4 条记录
2026-05-09 19:02:02,243 [INFO] [3354/5289] 600518 康美药业 - 无盈利预测数据
2026-05-09 19:02:02,274 [INFO] [3355/5289] 600519 贵州茅台 - 保存 4 条记录
2026-05-09 19:02:02,284 [INFO] [3356/5289] 600520 三佳科技 - 无盈利预测数据
2026-05-09 19:02:02,318 [INFO] [3357/5289] 600521 华海药业 - 保存 4 条记录
2026-05-09 19:02:02,353 [INFO] [3358/5289] 600522 中天科技 - 保存 4 条记录
2026-05-09 19:02:02,363 [INFO] [3359/5289] 600523 贵航股份 - 无盈利预测数据
2026-05-09 19:02:02,373 [INFO] [3360/5289] 600525 ST长园 - 无盈利预测数据
2026-05-09 19:02:02,382 [INFO] [3361/5289] 600526 菲达环保 - 无盈利预测数据
2026-05-09 19:02:02,392 [INFO] [3362/5289] 600527 江南高纤 - 无盈利预测数据
2026-05-09 19:02:02,423 [INFO] [3363/5289] 600528 中铁工业 - 保存 4 条记录
2026-05-09 19:02:02,457 [INFO] [3364/5289] 600529 山东药玻 - 保存 4 条记录
2026-05-09 19:02:02,468 [INFO] [3365/5289] 600530 交大昂立 - 无盈利预测数据
2026-05-09 19:02:02,478 [INFO] [3366/5289] 600531 豫光金铅 - 无盈利预测数据
2026-05-09 19:02:02,488 [INFO] [3367/5289] 600533 栖霞建设 - 无盈利预测数据
2026-05-09 19:02:02,524 [INFO] [3368/5289] 600535 天士力 - 保存 4 条记录
2026-05-09 19:02:02,560 [INFO] [3369/5289] 600536 中国软件 - 保存 2 条记录
2026-05-09 19:02:02,570 [INFO] [3370/5289] 600537 *ST亿晶 - 无盈利预测数据
2026-05-09 19:02:02,580 [INFO] [3371/5289] 600538 国发股份 - 无盈利预测数据
2026-05-09 19:02:02,590 [INFO] [3372/5289] 600539 狮头股份 - 无盈利预测数据
2026-05-09 19:02:02,599 [INFO] [3373/5289] 600540 新赛股份 - 无盈利预测数据
2026-05-09 19:02:02,610 [INFO] [3374/5289] 600543 *ST莫高 - 无盈利预测数据
2026-05-09 19:02:02,619 [INFO] [3375/5289] 600545 卓郎智能 - 无盈利预测数据
2026-05-09 19:02:02,629 [INFO] [3376/5289] 600546 山煤国际 - 无盈利预测数据
2026-05-09 19:02:02,659 [INFO] [3377/5289] 600547 山东黄金 - 保存 4 条记录
2026-05-09 19:02:02,694 [INFO] [3378/5289] 600548 深高速 - 保存 4 条记录
2026-05-09 19:02:02,726 [INFO] [3379/5289] 600549 厦门钨业 - 保存 4 条记录
2026-05-09 19:02:02,736 [INFO] [3380/5289] 600550 保变电气 - 无盈利预测数据
2026-05-09 19:02:02,746 [INFO] [3381/5289] 600551 时代出版 - 无盈利预测数据
2026-05-09 19:02:02,756 [INFO] [3382/5289] 600552 凯盛科技 - 无盈利预测数据
2026-05-09 19:02:02,766 [INFO] [3383/5289] 600556 天下秀 - 无盈利预测数据
2026-05-09 19:02:02,799 [INFO] [3384/5289] 600557 康缘药业 - 保存 4 条记录
2026-05-09 19:02:02,810 [INFO] [3385/5289] 600558 大西洋 - 无盈利预测数据
2026-05-09 19:02:02,851 [INFO] [3386/5289] 600559 老白干酒 - 保存 4 条记录
2026-05-09 19:02:02,861 [INFO] [3387/5289] 600560 金自天正 - 无盈利预测数据
2026-05-09 19:02:02,871 [INFO] [3388/5289] 600561 江西长运 - 无盈利预测数据
2026-05-09 19:02:02,906 [INFO] [3389/5289] 600562 国睿科技 - 保存 4 条记录
2026-05-09 19:02:02,941 [INFO] [3390/5289] 600563 法拉电子 - 保存 4 条记录
2026-05-09 19:02:02,973 [INFO] [3391/5289] 600566 济川药业 - 保存 4 条记录
2026-05-09 19:02:03,009 [INFO] [3392/5289] 600567 山鹰国际 - 保存 2 条记录
2026-05-09 19:02:03,018 [INFO] [3393/5289] 600568 ST中珠 - 无盈利预测数据
2026-05-09 19:02:03,029 [INFO] [3394/5289] 600569 安阳钢铁 - 无盈利预测数据
2026-05-09 19:02:03,060 [INFO] [3395/5289] 600570 恒生电子 - 保存 4 条记录
2026-05-09 19:02:03,071 [INFO] [3396/5289] 600571 信雅达 - 无盈利预测数据
2026-05-09 19:02:03,102 [INFO] [3397/5289] 600572 康恩贝 - 保存 4 条记录
2026-05-09 19:02:03,113 [INFO] [3398/5289] 600573 惠泉啤酒 - 无盈利预测数据
2026-05-09 19:02:03,143 [INFO] [3399/5289] 600575 淮河能源 - 保存 4 条记录
2026-05-09 19:02:03,153 [INFO] [3400/5289] 600576 祥源文旅 - 无盈利预测数据
2026-05-09 19:02:04,154 [INFO] 已完成 3400/5289
2026-05-09 19:02:04,186 [INFO] [3401/5289] 600577 精达股份 - 保存 4 条记录
2026-05-09 19:02:04,221 [INFO] [3402/5289] 600578 京能电力 - 保存 4 条记录
2026-05-09 19:02:04,231 [INFO] [3403/5289] 600579 中化装备 - 无盈利预测数据
2026-05-09 19:02:04,263 [INFO] [3404/5289] 600580 卧龙电驱 - 保存 4 条记录
2026-05-09 19:02:04,273 [INFO] [3405/5289] 600581 *ST八钢 - 无盈利预测数据
2026-05-09 19:02:04,282 [INFO] [3406/5289] 600582 天地科技 - 无盈利预测数据
2026-05-09 19:02:04,316 [INFO] [3407/5289] 600583 海油工程 - 保存 4 条记录
2026-05-09 19:02:04,351 [INFO] [3408/5289] 600584 长电科技 - 保存 4 条记录
2026-05-09 19:02:04,386 [INFO] [3409/5289] 600585 海螺水泥 - 保存 4 条记录
2026-05-09 19:02:04,419 [INFO] [3410/5289] 600586 金晶科技 - 保存 3 条记录
2026-05-09 19:02:04,453 [INFO] [3411/5289] 600587 新华医疗 - 保存 4 条记录
2026-05-09 19:02:04,488 [INFO] [3412/5289] 600588 用友网络 - 保存 3 条记录
2026-05-09 19:02:04,527 [INFO] [3413/5289] 600589 大位科技 - 保存 2 条记录
2026-05-09 19:02:04,538 [INFO] [3414/5289] 600590 泰豪科技 - 无盈利预测数据
2026-05-09 19:02:04,548 [INFO] [3415/5289] 600592 龙溪股份 - 无盈利预测数据
2026-05-09 19:02:04,559 [INFO] [3416/5289] 600593 大连圣亚 - 无盈利预测数据
2026-05-09 19:02:04,569 [INFO] [3417/5289] 600594 益佰制药 - 无盈利预测数据
2026-05-09 19:02:04,605 [INFO] [3418/5289] 600595 中孚实业 - 保存 4 条记录
2026-05-09 19:02:04,639 [INFO] [3419/5289] 600596 新安股份 - 保存 4 条记录
2026-05-09 19:02:04,650 [INFO] [3420/5289] 600597 光明乳业 - 无盈利预测数据
2026-05-09 19:02:04,681 [INFO] [3421/5289] 600598 北大荒 - 保存 4 条记录
2026-05-09 19:02:04,691 [INFO] [3422/5289] 600599 *ST熊猫 - 无盈利预测数据
2026-05-09 19:02:04,724 [INFO] [3423/5289] 600600 青岛啤酒 - 保存 4 条记录
2026-05-09 19:02:04,733 [INFO] [3424/5289] 600601 方正科技 - 无盈利预测数据
2026-05-09 19:02:04,766 [INFO] [3425/5289] 600602 云赛智联 - 保存 4 条记录
2026-05-09 19:02:04,798 [INFO] [3426/5289] 600603 广汇物流 - 保存 3 条记录
2026-05-09 19:02:04,808 [INFO] [3427/5289] 600604 市北高新 - 无盈利预测数据
2026-05-09 19:02:04,820 [INFO] [3428/5289] 600605 汇通能源 - 无盈利预测数据
2026-05-09 19:02:04,829 [INFO] [3429/5289] 600606 绿地控股 - 无盈利预测数据
2026-05-09 19:02:04,839 [INFO] [3430/5289] 600608 *ST沪科 - 无盈利预测数据
2026-05-09 19:02:04,849 [INFO] [3431/5289] 600609 金杯汽车 - 无盈利预测数据
2026-05-09 19:02:04,859 [INFO] [3432/5289] 600610 中毅达 - 无盈利预测数据
2026-05-09 19:02:04,869 [INFO] [3433/5289] 600611 大众交通 - 无盈利预测数据
2026-05-09 19:02:04,903 [INFO] [3434/5289] 600612 老凤祥 - 保存 4 条记录
2026-05-09 19:02:04,913 [INFO] [3435/5289] 600613 神奇制药 - 无盈利预测数据
2026-05-09 19:02:04,922 [INFO] [3436/5289] 600615 鑫源智造 - 无盈利预测数据
2026-05-09 19:02:04,935 [INFO] [3437/5289] 600616 金枫酒业 - 无盈利预测数据
2026-05-09 19:02:04,946 [INFO] [3438/5289] 600617 国新能源 - 无盈利预测数据
2026-05-09 19:02:04,955 [INFO] [3439/5289] 600618 氯碱化工 - 无盈利预测数据
2026-05-09 19:02:04,968 [INFO] [3440/5289] 600619 海立股份 - 无盈利预测数据
2026-05-09 19:02:04,979 [INFO] [3441/5289] 600620 天宸股份 - 无盈利预测数据
2026-05-09 19:02:04,996 [INFO] [3442/5289] 600621 华鑫股份 - 无盈利预测数据
2026-05-09 19:02:05,005 [INFO] [3443/5289] 600622 光大嘉宝 - 无盈利预测数据
2026-05-09 19:02:05,040 [INFO] [3444/5289] 600623 华谊集团 - 保存 4 条记录
2026-05-09 19:02:05,050 [INFO] [3445/5289] 600624 ST复华 - 无盈利预测数据
2026-05-09 19:02:05,060 [INFO] [3446/5289] 600626 申达股份 - 无盈利预测数据
2026-05-09 19:02:05,070 [INFO] [3447/5289] 600628 新世界 - 无盈利预测数据
2026-05-09 19:02:05,080 [INFO] [3448/5289] 600629 华建集团 - 无盈利预测数据
2026-05-09 19:02:05,091 [INFO] [3449/5289] 600630 龙头股份 - 无盈利预测数据
2026-05-09 19:02:05,130 [INFO] [3450/5289] 600633 浙数文化 - 保存 4 条记录
2026-05-09 19:02:06,131 [INFO] 已完成 3450/5289
2026-05-09 19:02:06,144 [INFO] [3451/5289] 600635 大众公用 - 无盈利预测数据
2026-05-09 19:02:06,155 [INFO] [3452/5289] 600636 *ST国化 - 无盈利预测数据
2026-05-09 19:02:06,189 [INFO] [3453/5289] 600637 东方明珠 - 保存 3 条记录
2026-05-09 19:02:06,200 [INFO] [3454/5289] 600638 新黄浦 - 无盈利预测数据
2026-05-09 19:02:06,233 [INFO] [3455/5289] 600639 浦东金桥 - 保存 4 条记录
2026-05-09 19:02:06,243 [INFO] [3456/5289] 600640 国脉文化 - 无盈利预测数据
2026-05-09 19:02:06,275 [INFO] [3457/5289] 600641 先导基电 - 保存 3 条记录
2026-05-09 19:02:06,308 [INFO] [3458/5289] 600642 申能股份 - 保存 4 条记录
2026-05-09 19:02:06,319 [INFO] [3459/5289] 600643 爱建集团 - 无盈利预测数据
2026-05-09 19:02:06,329 [INFO] [3460/5289] 600644 乐山电力 - 无盈利预测数据
2026-05-09 19:02:06,340 [INFO] [3461/5289] 600645 中源协和 - 无盈利预测数据
2026-05-09 19:02:06,350 [INFO] [3462/5289] 600648 外高桥 - 无盈利预测数据
2026-05-09 19:02:06,385 [INFO] [3463/5289] 600649 城投控股 - 保存 4 条记录
2026-05-09 19:02:06,395 [INFO] [3464/5289] 600650 锦江在线 - 无盈利预测数据
2026-05-09 19:02:06,409 [INFO] [3465/5289] 600651 飞乐音响 - 无盈利预测数据
2026-05-09 19:02:06,421 [INFO] [3466/5289] 600653 申华控股 - 无盈利预测数据
2026-05-09 19:02:06,431 [INFO] [3467/5289] 600654 中安科 - 无盈利预测数据
2026-05-09 19:02:06,465 [INFO] [3468/5289] 600655 豫园股份 - 保存 3 条记录
2026-05-09 19:02:06,475 [INFO] [3469/5289] 600657 信达地产 - 无盈利预测数据
2026-05-09 19:02:06,485 [INFO] [3470/5289] 600658 电子城 - 无盈利预测数据
2026-05-09 19:02:06,524 [INFO] [3471/5289] 600660 福耀玻璃 - 保存 4 条记录
2026-05-09 19:02:06,556 [INFO] [3472/5289] 600661 昂立教育 - 保存 4 条记录
2026-05-09 19:02:06,588 [INFO] [3473/5289] 600662 外服控股 - 保存 4 条记录
2026-05-09 19:02:06,630 [INFO] [3474/5289] 600663 陆家嘴 - 保存 4 条记录
2026-05-09 19:02:06,663 [INFO] [3475/5289] 600664 哈药股份 - 保存 4 条记录
2026-05-09 19:02:06,695 [INFO] [3476/5289] 600665 天地源 - 保存 2 条记录
2026-05-09 19:02:06,706 [INFO] [3477/5289] 600666 奥瑞德 - 无盈利预测数据
2026-05-09 19:02:06,716 [INFO] [3478/5289] 600667 太极实业 - 无盈利预测数据
2026-05-09 19:02:06,727 [INFO] [3479/5289] 600668 尖峰集团 - 无盈利预测数据
2026-05-09 19:02:06,736 [INFO] [3480/5289] 600671 天目药业 - 无盈利预测数据
2026-05-09 19:02:06,767 [INFO] [3481/5289] 600673 东阳光 - 保存 4 条记录
2026-05-09 19:02:06,800 [INFO] [3482/5289] 600674 川投能源 - 保存 4 条记录
2026-05-09 19:02:06,831 [INFO] [3483/5289] 600675 中华企业 - 保存 3 条记录
2026-05-09 19:02:06,840 [INFO] [3484/5289] 600676 交运股份 - 无盈利预测数据
2026-05-09 19:02:06,851 [INFO] [3485/5289] 600678 ST金顶 - 无盈利预测数据
2026-05-09 19:02:06,862 [INFO] [3486/5289] 600679 上海凤凰 - 无盈利预测数据
2026-05-09 19:02:06,871 [INFO] [3487/5289] 600681 百川能源 - 无盈利预测数据
2026-05-09 19:02:06,881 [INFO] [3488/5289] 600682 南京新百 - 无盈利预测数据
2026-05-09 19:02:06,890 [INFO] [3489/5289] 600683 京投发展 - 无盈利预测数据
2026-05-09 19:02:06,924 [INFO] [3490/5289] 600684 珠江股份 - 保存 4 条记录
2026-05-09 19:02:06,968 [INFO] [3491/5289] 600685 中船防务 - 保存 4 条记录
2026-05-09 19:02:07,009 [INFO] [3492/5289] 600686 金龙汽车 - 保存 4 条记录
2026-05-09 19:02:07,041 [INFO] [3493/5289] 600688 上海石化 - 保存 2 条记录
2026-05-09 19:02:07,050 [INFO] [3494/5289] 600689 上海三毛 - 无盈利预测数据
2026-05-09 19:02:07,092 [INFO] [3495/5289] 600690 海尔智家 - 保存 4 条记录
2026-05-09 19:02:07,103 [INFO] [3496/5289] 600691 潞化科技 - 无盈利预测数据
2026-05-09 19:02:07,114 [INFO] [3497/5289] 600692 亚通股份 - 无盈利预测数据
2026-05-09 19:02:07,124 [INFO] [3498/5289] 600693 东百集团 - 无盈利预测数据
2026-05-09 19:02:07,155 [INFO] [3499/5289] 600694 大商股份 - 保存 4 条记录
2026-05-09 19:02:07,166 [INFO] [3500/5289] 600696 *ST岩石 - 无盈利预测数据
2026-05-09 19:02:08,166 [INFO] 已完成 3500/5289
2026-05-09 19:02:08,177 [INFO] [3501/5289] 600697 欧亚集团 - 无盈利预测数据
2026-05-09 19:02:08,188 [INFO] [3502/5289] 600698 湖南天雁 - 无盈利预测数据
2026-05-09 19:02:08,219 [INFO] [3503/5289] 600699 均胜电子 - 保存 4 条记录
2026-05-09 19:02:08,252 [INFO] [3504/5289] 600702 舍得酒业 - 保存 4 条记录
2026-05-09 19:02:08,284 [INFO] [3505/5289] 600703 三安光电 - 保存 2 条记录
2026-05-09 19:02:08,315 [INFO] [3506/5289] 600704 物产中大 - 保存 4 条记录
2026-05-09 19:02:08,328 [INFO] [3507/5289] 600706 曲江文旅 - 无盈利预测数据
2026-05-09 19:02:08,340 [INFO] [3508/5289] 600707 彩虹股份 - 无盈利预测数据
2026-05-09 19:02:08,350 [INFO] [3509/5289] 600708 光明地产 - 无盈利预测数据
2026-05-09 19:02:08,381 [INFO] [3510/5289] 600710 苏美达 - 保存 4 条记录
2026-05-09 19:02:08,416 [INFO] [3511/5289] 600711 盛屯矿业 - 保存 4 条记录
2026-05-09 19:02:08,430 [INFO] [3512/5289] 600712 南宁百货 - 无盈利预测数据
2026-05-09 19:02:08,440 [INFO] [3513/5289] 600713 南京医药 - 无盈利预测数据
2026-05-09 19:02:08,450 [INFO] [3514/5289] 600714 金瑞矿业 - 无盈利预测数据
2026-05-09 19:02:08,461 [INFO] [3515/5289] 600715 文投控股 - 无盈利预测数据
2026-05-09 19:02:08,470 [INFO] [3516/5289] 600716 凤凰股份 - 无盈利预测数据
2026-05-09 19:02:08,481 [INFO] [3517/5289] 600717 天津港 - 无盈利预测数据
2026-05-09 19:02:08,514 [INFO] [3518/5289] 600718 东软集团 - 保存 3 条记录
2026-05-09 19:02:08,524 [INFO] [3519/5289] 600719 大连热电 - 无盈利预测数据
2026-05-09 19:02:08,559 [INFO] [3520/5289] 600720 中交设计 - 保存 4 条记录
2026-05-09 19:02:08,568 [INFO] [3521/5289] 600721 XD百花医 - 无盈利预测数据
2026-05-09 19:02:08,579 [INFO] [3522/5289] 600722 金牛化工 - 无盈利预测数据
2026-05-09 19:02:08,590 [INFO] [3523/5289] 600724 宁波富达 - 无盈利预测数据
2026-05-09 19:02:08,600 [INFO] [3524/5289] 600725 云维股份 - 无盈利预测数据
2026-05-09 19:02:08,609 [INFO] [3525/5289] 600726 华电能源 - 无盈利预测数据
2026-05-09 19:02:08,625 [INFO] [3526/5289] 600727 鲁北化工 - 无盈利预测数据
2026-05-09 19:02:08,638 [INFO] [3527/5289] 600728 佳都科技 - 无盈利预测数据
2026-05-09 19:02:08,671 [INFO] [3528/5289] 600729 重庆百货 - 保存 4 条记录
2026-05-09 19:02:08,681 [INFO] [3529/5289] 600730 *ST高科 - 无盈利预测数据
2026-05-09 19:02:08,718 [INFO] [3530/5289] 600731 湖南海利 - 保存 3 条记录
2026-05-09 19:02:08,751 [INFO] [3531/5289] 600732 爱旭股份 - 保存 3 条记录
2026-05-09 19:02:08,783 [INFO] [3532/5289] 600733 北汽蓝谷 - 保存 2 条记录
2026-05-09 19:02:08,792 [INFO] [3533/5289] 600734 *ST实达 - 无盈利预测数据
2026-05-09 19:02:08,803 [INFO] [3534/5289] 600735 ST新华锦 - 无盈利预测数据
2026-05-09 19:02:08,835 [INFO] [3535/5289] 600736 苏州高新 - 保存 4 条记录
2026-05-09 19:02:08,846 [INFO] [3536/5289] 600737 中粮糖业 - 无盈利预测数据
2026-05-09 19:02:08,855 [INFO] [3537/5289] 600738 丽尚国潮 - 无盈利预测数据
2026-05-09 19:02:08,865 [INFO] [3538/5289] 600739 辽宁成大 - 无盈利预测数据
2026-05-09 19:02:08,896 [INFO] [3539/5289] 600740 山西焦化 - 保存 4 条记录
2026-05-09 19:02:08,906 [INFO] [3540/5289] 600741 华域汽车 - 无盈利预测数据
2026-05-09 19:02:08,940 [INFO] [3541/5289] 600742 富维股份 - 保存 4 条记录
2026-05-09 19:02:08,950 [INFO] [3542/5289] 600743 华远控股 - 无盈利预测数据
2026-05-09 19:02:08,961 [INFO] [3543/5289] 600744 华银电力 - 无盈利预测数据
2026-05-09 19:02:08,970 [INFO] [3544/5289] 600745 *ST闻泰 - 无盈利预测数据
2026-05-09 19:02:09,008 [INFO] [3545/5289] 600746 江苏索普 - 保存 4 条记录
2026-05-09 19:02:09,017 [INFO] [3546/5289] 600748 上实发展 - 无盈利预测数据
2026-05-09 19:02:09,028 [INFO] [3547/5289] 600749 西藏旅游 - 无盈利预测数据
2026-05-09 19:02:09,062 [INFO] [3548/5289] 600750 华润江中 - 保存 4 条记录
2026-05-09 19:02:09,071 [INFO] [3549/5289] 600751 海航科技 - 无盈利预测数据
2026-05-09 19:02:09,082 [INFO] [3550/5289] 600753 *ST海钦 - 无盈利预测数据
2026-05-09 19:02:10,082 [INFO] 已完成 3550/5289
2026-05-09 19:02:10,121 [INFO] [3551/5289] 600754 锦江酒店 - 保存 4 条记录
2026-05-09 19:02:10,151 [INFO] [3552/5289] 600755 厦门国贸 - 保存 4 条记录
2026-05-09 19:02:10,161 [INFO] [3553/5289] 600756 浪潮软件 - 无盈利预测数据
2026-05-09 19:02:10,171 [INFO] [3554/5289] 600757 长江传媒 - 无盈利预测数据
2026-05-09 19:02:10,181 [INFO] [3555/5289] 600758 辽宁能源 - 无盈利预测数据
2026-05-09 19:02:10,191 [INFO] [3556/5289] 600759 ST洲际 - 无盈利预测数据
2026-05-09 19:02:10,225 [INFO] [3557/5289] 600760 中航沈飞 - 保存 4 条记录
2026-05-09 19:02:10,258 [INFO] [3558/5289] 600761 安徽合力 - 保存 4 条记录
2026-05-09 19:02:10,290 [INFO] [3559/5289] 600763 通策医疗 - 保存 4 条记录
2026-05-09 19:02:10,324 [INFO] [3560/5289] 600764 中国海防 - 保存 4 条记录
2026-05-09 19:02:10,362 [INFO] [3561/5289] 600765 中航重机 - 保存 4 条记录
2026-05-09 19:02:10,373 [INFO] [3562/5289] 600768 宁波富邦 - 无盈利预测数据
2026-05-09 19:02:10,384 [INFO] [3563/5289] 600769 祥龙电业 - 无盈利预测数据
2026-05-09 19:02:10,395 [INFO] [3564/5289] 600770 综艺股份 - 无盈利预测数据
2026-05-09 19:02:10,430 [INFO] [3565/5289] 600771 广誉远 - 保存 4 条记录
2026-05-09 19:02:10,440 [INFO] [3566/5289] 600773 西藏城投 - 无盈利预测数据
2026-05-09 19:02:10,451 [INFO] [3567/5289] 600774 汉商集团 - 无盈利预测数据
2026-05-09 19:02:10,462 [INFO] [3568/5289] 600775 南京熊猫 - 无盈利预测数据
2026-05-09 19:02:10,472 [INFO] [3569/5289] 600776 东方通信 - 无盈利预测数据
2026-05-09 19:02:10,482 [INFO] [3570/5289] 600777 *ST新潮 - 无盈利预测数据
2026-05-09 19:02:10,492 [INFO] [3571/5289] 600778 友好集团 - 无盈利预测数据
2026-05-09 19:02:10,524 [INFO] [3572/5289] 600779 水井坊 - 保存 4 条记录
2026-05-09 19:02:10,535 [INFO] [3573/5289] 600780 通宝能源 - 无盈利预测数据
2026-05-09 19:02:10,569 [INFO] [3574/5289] 600782 新钢股份 - 保存 4 条记录
2026-05-09 19:02:10,582 [INFO] [3575/5289] 600783 鲁信创投 - 无盈利预测数据
2026-05-09 19:02:10,591 [INFO] [3576/5289] 600784 鲁银投资 - 无盈利预测数据
2026-05-09 19:02:10,631 [INFO] [3577/5289] 600785 新华百货 - 保存 3 条记录
2026-05-09 19:02:10,640 [INFO] [3578/5289] 600787 中储股份 - 无盈利预测数据
2026-05-09 19:02:10,651 [INFO] [3579/5289] 600789 鲁抗医药 - 无盈利预测数据
2026-05-09 19:02:10,661 [INFO] [3580/5289] 600790 轻纺城 - 无盈利预测数据
2026-05-09 19:02:10,671 [INFO] [3581/5289] 600791 京能置业 - 无盈利预测数据
2026-05-09 19:02:10,683 [INFO] [3582/5289] 600792 云煤能源 - 无盈利预测数据
2026-05-09 19:02:10,694 [INFO] [3583/5289] 600793 宜宾纸业 - 无盈利预测数据
2026-05-09 19:02:10,735 [INFO] [3584/5289] 600794 保税科技 - 保存 3 条记录
2026-05-09 19:02:10,771 [INFO] [3585/5289] 600795 国电电力 - 保存 4 条记录
2026-05-09 19:02:10,780 [INFO] [3586/5289] 600796 钱江生化 - 无盈利预测数据
2026-05-09 19:02:10,789 [INFO] [3587/5289] 600797 浙大网新 - 无盈利预测数据
2026-05-09 19:02:10,800 [INFO] [3588/5289] 600798 宁波海运 - 无盈利预测数据
2026-05-09 19:02:10,811 [INFO] [3589/5289] 600800 渤海化学 - 无盈利预测数据
2026-05-09 19:02:10,845 [INFO] [3590/5289] 600801 华新建材 - 保存 4 条记录
2026-05-09 19:02:10,856 [INFO] [3591/5289] 600802 福建水泥 - 无盈利预测数据
2026-05-09 19:02:10,908 [INFO] [3592/5289] 600803 新奥股份 - 保存 4 条记录
2026-05-09 19:02:10,924 [INFO] [3593/5289] 600805 悦达投资 - 无盈利预测数据
2026-05-09 19:02:10,935 [INFO] [3594/5289] 600807 济高发展 - 无盈利预测数据
2026-05-09 19:02:10,978 [INFO] [3595/5289] 600808 马钢股份 - 保存 3 条记录
2026-05-09 19:02:11,020 [INFO] [3596/5289] 600809 山西汾酒 - 保存 4 条记录
2026-05-09 19:02:11,062 [INFO] [3597/5289] 600810 神马股份 - 保存 2 条记录
2026-05-09 19:02:11,073 [INFO] [3598/5289] 600812 华北制药 - 无盈利预测数据
2026-05-09 19:02:11,082 [INFO] [3599/5289] 600814 杭州解百 - 无盈利预测数据
2026-05-09 19:02:11,092 [INFO] [3600/5289] 600815 厦工股份 - 无盈利预测数据
2026-05-09 19:02:12,093 [INFO] 已完成 3600/5289
2026-05-09 19:02:12,103 [INFO] [3601/5289] 600816 建元信托 - 无盈利预测数据
2026-05-09 19:02:12,136 [INFO] [3602/5289] 600817 宇通重工 - 保存 4 条记录
2026-05-09 19:02:12,147 [INFO] [3603/5289] 600818 ST中路 - 无盈利预测数据
2026-05-09 19:02:12,181 [INFO] [3604/5289] 600819 耀皮玻璃 - 保存 4 条记录
2026-05-09 19:02:12,214 [INFO] [3605/5289] 600820 隧道股份 - 保存 4 条记录
2026-05-09 19:02:12,225 [INFO] [3606/5289] 600821 金开新能 - 无盈利预测数据
2026-05-09 19:02:12,243 [INFO] [3607/5289] 600822 上海物贸 - 无盈利预测数据
2026-05-09 19:02:12,253 [INFO] [3608/5289] 600824 益民集团 - 无盈利预测数据
2026-05-09 19:02:12,263 [INFO] [3609/5289] 600825 新华传媒 - 无盈利预测数据
2026-05-09 19:02:12,309 [INFO] [3610/5289] 600826 兰生股份 - 保存 4 条记录
2026-05-09 19:02:12,343 [INFO] [3611/5289] 600827 百联股份 - 保存 4 条记录
2026-05-09 19:02:12,356 [INFO] [3612/5289] 600828 茂业商业 - 无盈利预测数据
2026-05-09 19:02:12,367 [INFO] [3613/5289] 600829 人民同泰 - 无盈利预测数据
2026-05-09 19:02:12,378 [INFO] [3614/5289] 600830 香溢融通 - 无盈利预测数据
2026-05-09 19:02:12,389 [INFO] [3615/5289] 600831 广电网络 - 无盈利预测数据
2026-05-09 19:02:12,398 [INFO] [3616/5289] 600833 第一医药 - 无盈利预测数据
2026-05-09 19:02:12,409 [INFO] [3617/5289] 600834 申通地铁 - 无盈利预测数据
2026-05-09 19:02:12,419 [INFO] [3618/5289] 600835 上海机电 - 无盈利预测数据
2026-05-09 19:02:12,437 [INFO] [3619/5289] 600838 上海九百 - 无盈利预测数据
2026-05-09 19:02:12,451 [INFO] [3620/5289] 600839 四川长虹 - 无盈利预测数据
2026-05-09 19:02:12,491 [INFO] [3621/5289] 600841 动力新科 - 保存 4 条记录
2026-05-09 19:02:12,501 [INFO] [3622/5289] 600843 上工申贝 - 无盈利预测数据
2026-05-09 19:02:12,511 [INFO] [3623/5289] 600844 金煤科技 - 无盈利预测数据
2026-05-09 19:02:12,547 [INFO] [3624/5289] 600845 宝信软件 - 保存 4 条记录
2026-05-09 19:02:12,557 [INFO] [3625/5289] 600846 同济科技 - 无盈利预测数据
2026-05-09 19:02:12,568 [INFO] [3626/5289] 600847 万里股份 - 无盈利预测数据
2026-05-09 19:02:12,601 [INFO] [3627/5289] 600848 上海临港 - 保存 4 条记录
2026-05-09 19:02:12,649 [INFO] [3628/5289] 600850 电科数字 - 保存 3 条记录
2026-05-09 19:02:12,661 [INFO] [3629/5289] 600851 海欣股份 - 无盈利预测数据
2026-05-09 19:02:12,670 [INFO] [3630/5289] 600853 龙建股份 - 无盈利预测数据
2026-05-09 19:02:12,681 [INFO] [3631/5289] 600854 春兰股份 - 无盈利预测数据
2026-05-09 19:02:12,698 [INFO] [3632/5289] 600855 航天长峰 - 无盈利预测数据
2026-05-09 19:02:12,717 [INFO] [3633/5289] 600857 宁波中百 - 无盈利预测数据
2026-05-09 19:02:12,731 [INFO] [3634/5289] 600858 银座股份 - 无盈利预测数据
2026-05-09 19:02:12,773 [INFO] [3635/5289] 600859 王府井 - 保存 3 条记录
2026-05-09 19:02:12,787 [INFO] [3636/5289] 600860 京城股份 - 无盈利预测数据
2026-05-09 19:02:12,840 [INFO] [3637/5289] 600861 北京人力 - 保存 4 条记录
2026-05-09 19:02:12,880 [INFO] [3638/5289] 600862 中航高科 - 保存 4 条记录
2026-05-09 19:02:12,925 [INFO] [3639/5289] 600863 华能蒙电 - 保存 4 条记录
2026-05-09 19:02:12,948 [INFO] [3640/5289] 600864 哈投股份 - 无盈利预测数据
2026-05-09 19:02:12,960 [INFO] [3641/5289] 600865 百大集团 - 无盈利预测数据
2026-05-09 19:02:12,980 [INFO] [3642/5289] 600866 星湖科技 - 无盈利预测数据
2026-05-09 19:02:13,033 [INFO] [3643/5289] 600867 通化东宝 - 保存 4 条记录
2026-05-09 19:02:13,043 [INFO] [3644/5289] 600868 梅雁吉祥 - 无盈利预测数据
2026-05-09 19:02:13,082 [INFO] [3645/5289] 600869 远东股份 - 保存 4 条记录
2026-05-09 19:02:13,118 [INFO] [3646/5289] 600871 石化油服 - 保存 4 条记录
2026-05-09 19:02:13,157 [INFO] [3647/5289] 600872 中炬高新 - 保存 4 条记录
2026-05-09 19:02:13,198 [INFO] [3648/5289] 600873 梅花生物 - 保存 4 条记录
2026-05-09 19:02:13,238 [INFO] [3649/5289] 600874 创业环保 - 保存 4 条记录
2026-05-09 19:02:13,278 [INFO] [3650/5289] 600875 东方电气 - 保存 4 条记录
2026-05-09 19:02:14,279 [INFO] 已完成 3650/5289
2026-05-09 19:02:14,290 [INFO] [3651/5289] 600876 凯盛新能 - 无盈利预测数据
2026-05-09 19:02:14,301 [INFO] [3652/5289] 600877 电科芯片 - 无盈利预测数据
2026-05-09 19:02:14,345 [INFO] [3653/5289] 600879 航天电子 - 保存 4 条记录
2026-05-09 19:02:14,356 [INFO] [3654/5289] 600880 博瑞传播 - 无盈利预测数据
2026-05-09 19:02:14,370 [INFO] [3655/5289] 600881 亚泰集团 - 无盈利预测数据
2026-05-09 19:02:14,407 [INFO] [3656/5289] 600882 妙可蓝多 - 保存 4 条记录
2026-05-09 19:02:14,421 [INFO] [3657/5289] 600883 博闻科技 - 无盈利预测数据
2026-05-09 19:02:14,432 [INFO] [3658/5289] 600884 杉杉股份 - 无盈利预测数据
2026-05-09 19:02:14,469 [INFO] [3659/5289] 600885 宏发股份 - 保存 4 条记录
2026-05-09 19:02:14,513 [INFO] [3660/5289] 600886 国投电力 - 保存 4 条记录
2026-05-09 19:02:14,549 [INFO] [3661/5289] 600887 伊利股份 - 保存 4 条记录
2026-05-09 19:02:14,585 [INFO] [3662/5289] 600888 新疆众和 - 保存 3 条记录
2026-05-09 19:02:14,596 [INFO] [3663/5289] 600889 *ST京化 - 无盈利预测数据
2026-05-09 19:02:14,608 [INFO] [3664/5289] 600892 *ST大晟 - 无盈利预测数据
2026-05-09 19:02:14,647 [INFO] [3665/5289] 600893 航发动力 - 保存 4 条记录
2026-05-09 19:02:14,682 [INFO] [3666/5289] 600894 广日股份 - 保存 4 条记录
2026-05-09 19:02:14,718 [INFO] [3667/5289] 600895 张江高科 - 保存 4 条记录
2026-05-09 19:02:14,729 [INFO] [3668/5289] 600897 厦门空港 - 无盈利预测数据
2026-05-09 19:02:14,764 [INFO] [3669/5289] 600900 长江电力 - 保存 4 条记录
2026-05-09 19:02:14,798 [INFO] [3670/5289] 600901 江苏金租 - 保存 4 条记录
2026-05-09 19:02:14,809 [INFO] [3671/5289] 600903 贵州燃气 - 无盈利预测数据
2026-05-09 19:02:14,843 [INFO] [3672/5289] 600905 三峡能源 - 保存 4 条记录
2026-05-09 19:02:14,852 [INFO] [3673/5289] 600906 财达证券 - 无盈利预测数据
2026-05-09 19:02:14,890 [INFO] [3674/5289] 600908 无锡银行 - 保存 4 条记录
2026-05-09 19:02:14,922 [INFO] [3675/5289] 600909 华安证券 - 保存 4 条记录
2026-05-09 19:02:14,932 [INFO] [3676/5289] 600916 中国黄金 - 无盈利预测数据
2026-05-09 19:02:14,942 [INFO] [3677/5289] 600917 重庆燃气 - 无盈利预测数据
2026-05-09 19:02:14,991 [INFO] [3678/5289] 600918 中泰证券 - 保存 4 条记录
2026-05-09 19:02:15,023 [INFO] [3679/5289] 600919 江苏银行 - 保存 4 条记录
2026-05-09 19:02:15,041 [INFO] [3680/5289] 600925 苏能股份 - 无盈利预测数据
2026-05-09 19:02:15,072 [INFO] [3681/5289] 600926 杭州银行 - 保存 4 条记录
2026-05-09 19:02:15,108 [INFO] [3682/5289] 600927 永安期货 - 保存 4 条记录
2026-05-09 19:02:15,118 [INFO] [3683/5289] 600928 西安银行 - 无盈利预测数据
2026-05-09 19:02:15,151 [INFO] [3684/5289] 600929 雪天盐业 - 保存 4 条记录
2026-05-09 19:02:15,185 [INFO] [3685/5289] 600930 华电新能 - 保存 4 条记录
2026-05-09 19:02:15,219 [INFO] [3686/5289] 600933 爱柯迪 - 保存 4 条记录
2026-05-09 19:02:15,230 [INFO] [3687/5289] 600935 华塑股份 - 无盈利预测数据
2026-05-09 19:02:15,240 [INFO] [3688/5289] 600936 北投科技 - 无盈利预测数据
2026-05-09 19:02:15,277 [INFO] [3689/5289] 600938 中国海油 - 保存 4 条记录
2026-05-09 19:02:15,287 [INFO] [3690/5289] 600939 重庆建工 - 无盈利预测数据
2026-05-09 19:02:15,321 [INFO] [3691/5289] 600941 中国移动 - 保存 4 条记录
2026-05-09 19:02:15,360 [INFO] [3692/5289] 600955 维远股份 - 保存 3 条记录
2026-05-09 19:02:15,373 [INFO] [3693/5289] 600956 新天绿能 - 无盈利预测数据
2026-05-09 19:02:15,409 [INFO] [3694/5289] 600958 东方证券 - 保存 4 条记录
2026-05-09 19:02:15,420 [INFO] [3695/5289] 600959 江苏有线 - 无盈利预测数据
2026-05-09 19:02:15,472 [INFO] [3696/5289] 600960 渤海汽车 - 保存 3 条记录
2026-05-09 19:02:15,504 [INFO] [3697/5289] 600961 株冶集团 - 保存 4 条记录
2026-05-09 19:02:15,514 [INFO] [3698/5289] 600962 国投中鲁 - 无盈利预测数据
2026-05-09 19:02:15,523 [INFO] [3699/5289] 600963 岳阳林纸 - 无盈利预测数据
2026-05-09 19:02:15,534 [INFO] [3700/5289] 600965 *ST福成 - 无盈利预测数据
2026-05-09 19:02:16,535 [INFO] 已完成 3700/5289
2026-05-09 19:02:16,573 [INFO] [3701/5289] 600966 博汇纸业 - 保存 4 条记录
2026-05-09 19:02:16,583 [INFO] [3702/5289] 600967 内蒙一机 - 无盈利预测数据
2026-05-09 19:02:16,615 [INFO] [3703/5289] 600968 海油发展 - 保存 4 条记录
2026-05-09 19:02:16,648 [INFO] [3704/5289] 600969 郴电国际 - 保存 3 条记录
2026-05-09 19:02:16,682 [INFO] [3705/5289] 600970 中材国际 - 保存 4 条记录
2026-05-09 19:02:16,715 [INFO] [3706/5289] 600971 恒源煤电 - 保存 3 条记录
2026-05-09 19:02:16,726 [INFO] [3707/5289] 600973 宝胜股份 - 无盈利预测数据
2026-05-09 19:02:16,756 [INFO] [3708/5289] 600975 新五丰 - 保存 2 条记录
2026-05-09 19:02:16,789 [INFO] [3709/5289] 600976 健民集团 - 保存 4 条记录
2026-05-09 19:02:16,799 [INFO] [3710/5289] 600977 中国电影 - 无盈利预测数据
2026-05-09 19:02:16,810 [INFO] [3711/5289] 600979 广安爱众 - 无盈利预测数据
2026-05-09 19:02:16,820 [INFO] [3712/5289] 600980 北矿科技 - 无盈利预测数据
2026-05-09 19:02:16,830 [INFO] [3713/5289] 600981 苏豪汇鸿 - 无盈利预测数据
2026-05-09 19:02:16,840 [INFO] [3714/5289] 600982 宁波能源 - 无盈利预测数据
2026-05-09 19:02:16,850 [INFO] [3715/5289] 600983 惠而浦 - 无盈利预测数据
2026-05-09 19:02:16,861 [INFO] [3716/5289] 600984 建设机械 - 无盈利预测数据
2026-05-09 19:02:16,893 [INFO] [3717/5289] 600985 淮北矿业 - 保存 4 条记录
2026-05-09 19:02:16,904 [INFO] [3718/5289] 600986 浙文互联 - 无盈利预测数据
2026-05-09 19:02:16,944 [INFO] [3719/5289] 600987 航民股份 - 保存 4 条记录
2026-05-09 19:02:16,980 [INFO] [3720/5289] 600988 赤峰黄金 - 保存 4 条记录
2026-05-09 19:02:17,022 [INFO] [3721/5289] 600989 宝丰能源 - 保存 4 条记录
2026-05-09 19:02:17,033 [INFO] [3722/5289] 600990 四创电子 - 无盈利预测数据
2026-05-09 19:02:17,045 [INFO] [3723/5289] 600992 贵绳股份 - 无盈利预测数据
2026-05-09 19:02:17,082 [INFO] [3724/5289] 600993 马应龙 - 保存 4 条记录
2026-05-09 19:02:17,116 [INFO] [3725/5289] 600995 南网储能 - 保存 4 条记录
2026-05-09 19:02:17,126 [INFO] [3726/5289] 600996 贵广网络 - 无盈利预测数据
2026-05-09 19:02:17,138 [INFO] [3727/5289] 600997 开滦股份 - 无盈利预测数据
2026-05-09 19:02:17,182 [INFO] [3728/5289] 600998 九州通 - 保存 4 条记录
2026-05-09 19:02:17,215 [INFO] [3729/5289] 600999 招商证券 - 保存 4 条记录
2026-05-09 19:02:17,253 [INFO] [3730/5289] 601000 唐山港 - 保存 4 条记录
2026-05-09 19:02:17,292 [INFO] [3731/5289] 601001 晋控煤业 - 保存 4 条记录
2026-05-09 19:02:17,304 [INFO] [3732/5289] 601002 晋亿实业 - 无盈利预测数据
2026-05-09 19:02:17,340 [INFO] [3733/5289] 601003 柳钢股份 - 保存 4 条记录
2026-05-09 19:02:17,350 [INFO] [3734/5289] 601005 重庆钢铁 - 无盈利预测数据
2026-05-09 19:02:17,382 [INFO] [3735/5289] 601006 大秦铁路 - 保存 4 条记录
2026-05-09 19:02:17,396 [INFO] [3736/5289] 601007 金陵饭店 - 无盈利预测数据
2026-05-09 19:02:17,406 [INFO] [3737/5289] 601008 连云港 - 无盈利预测数据
2026-05-09 19:02:17,446 [INFO] [3738/5289] 601009 南京银行 - 保存 4 条记录
2026-05-09 19:02:17,458 [INFO] [3739/5289] 601010 ST文峰 - 无盈利预测数据
2026-05-09 19:02:17,469 [INFO] [3740/5289] 601011 宝泰隆 - 无盈利预测数据
2026-05-09 19:02:17,506 [INFO] [3741/5289] 601012 隆基绿能 - 保存 3 条记录
2026-05-09 19:02:17,516 [INFO] [3742/5289] 601015 陕西黑猫 - 无盈利预测数据
2026-05-09 19:02:17,550 [INFO] [3743/5289] 601016 节能风电 - 保存 4 条记录
2026-05-09 19:02:17,561 [INFO] [3744/5289] 601018 宁波港 - 无盈利预测数据
2026-05-09 19:02:17,594 [INFO] [3745/5289] 601019 山东出版 - 保存 4 条记录
2026-05-09 19:02:17,605 [INFO] [3746/5289] 601020 华钰矿业 - 无盈利预测数据
2026-05-09 19:02:17,645 [INFO] [3747/5289] 601021 春秋航空 - 保存 4 条记录
2026-05-09 19:02:17,661 [INFO] [3748/5289] 601022 宁波远洋 - 无盈利预测数据
2026-05-09 19:02:17,673 [INFO] [3749/5289] 601026 道生天合 - 无盈利预测数据
2026-05-09 19:02:17,710 [INFO] [3750/5289] 601033 永兴股份 - 保存 4 条记录
2026-05-09 19:02:18,711 [INFO] 已完成 3750/5289
2026-05-09 19:02:18,748 [INFO] [3751/5289] 601038 一拖股份 - 保存 4 条记录
2026-05-09 19:02:18,781 [INFO] [3752/5289] 601058 赛轮轮胎 - 保存 4 条记录
2026-05-09 19:02:18,792 [INFO] [3753/5289] 601059 信达证券 - 无盈利预测数据
2026-05-09 19:02:18,804 [INFO] [3754/5289] 601061 中信金属 - 无盈利预测数据
2026-05-09 19:02:18,814 [INFO] [3755/5289] 601065 江盐集团 - 无盈利预测数据
2026-05-09 19:02:18,846 [INFO] [3756/5289] 601066 中信建投 - 保存 4 条记录
2026-05-09 19:02:18,880 [INFO] [3757/5289] 601068 中铝国际 - 保存 4 条记录
2026-05-09 19:02:18,913 [INFO] [3758/5289] 601069 西部黄金 - 保存 4 条记录
2026-05-09 19:02:18,952 [INFO] [3759/5289] 601077 渝农商行 - 保存 4 条记录
2026-05-09 19:02:18,990 [INFO] [3760/5289] 601083 锦江航运 - 保存 4 条记录
2026-05-09 19:02:19,006 [INFO] [3761/5289] 601086 国芳集团 - 无盈利预测数据
2026-05-09 19:02:19,041 [INFO] [3762/5289] 601088 中国神华 - 保存 4 条记录
2026-05-09 19:02:19,051 [INFO] [3763/5289] 601089 福元医药 - 无盈利预测数据
2026-05-09 19:02:19,091 [INFO] [3764/5289] 601096 宏盛华源 - 保存 4 条记录
2026-05-09 19:02:19,125 [INFO] [3765/5289] 601098 中南传媒 - 保存 4 条记录
2026-05-09 19:02:19,135 [INFO] [3766/5289] 601099 太平洋 - 无盈利预测数据
2026-05-09 19:02:19,168 [INFO] [3767/5289] 601100 恒立液压 - 保存 4 条记录
2026-05-09 19:02:19,202 [INFO] [3768/5289] 601101 昊华能源 - 保存 4 条记录
2026-05-09 19:02:19,213 [INFO] [3769/5289] 601106 中国一重 - 无盈利预测数据
2026-05-09 19:02:19,248 [INFO] [3770/5289] 601107 四川成渝 - 保存 4 条记录
2026-05-09 19:02:19,282 [INFO] [3771/5289] 601108 财通证券 - 保存 4 条记录
2026-05-09 19:02:19,314 [INFO] [3772/5289] 601111 中国国航 - 保存 3 条记录
2026-05-09 19:02:19,356 [INFO] [3773/5289] 601112 振石股份 - 保存 3 条记录
2026-05-09 19:02:19,369 [INFO] [3774/5289] 601113 华鼎股份 - 无盈利预测数据
2026-05-09 19:02:19,380 [INFO] [3775/5289] 601116 三江购物 - 无盈利预测数据
2026-05-09 19:02:19,420 [INFO] [3776/5289] 601117 中国化学 - 保存 4 条记录
2026-05-09 19:02:19,431 [INFO] [3777/5289] 601118 海南橡胶 - 无盈利预测数据
2026-05-09 19:02:19,442 [INFO] [3778/5289] 601121 宝地矿业 - 无盈利预测数据
2026-05-09 19:02:19,475 [INFO] [3779/5289] 601126 四方股份 - 保存 4 条记录
2026-05-09 19:02:19,517 [INFO] [3780/5289] 601127 赛力斯 - 保存 4 条记录
2026-05-09 19:02:19,554 [INFO] [3781/5289] 601128 常熟银行 - 保存 4 条记录
2026-05-09 19:02:19,586 [INFO] [3782/5289] 601133 柏诚股份 - 保存 4 条记录
2026-05-09 19:02:19,611 [INFO] [3783/5289] 601136 首创证券 - 无盈利预测数据
2026-05-09 19:02:19,657 [INFO] [3784/5289] 601137 博威合金 - 保存 4 条记录
2026-05-09 19:02:19,697 [INFO] [3785/5289] 601138 工业富联 - 保存 4 条记录
2026-05-09 19:02:19,733 [INFO] [3786/5289] 601139 深圳燃气 - 保存 4 条记录
2026-05-09 19:02:19,769 [INFO] [3787/5289] 601155 新城控股 - 保存 4 条记录
2026-05-09 19:02:19,808 [INFO] [3788/5289] 601156 东航物流 - 保存 4 条记录
2026-05-09 19:02:19,844 [INFO] [3789/5289] 601158 重庆水务 - 保存 4 条记录
2026-05-09 19:02:19,855 [INFO] [3790/5289] 601162 天风证券 - 无盈利预测数据
2026-05-09 19:02:19,890 [INFO] [3791/5289] 601163 三角轮胎 - 保存 4 条记录
2026-05-09 19:02:19,931 [INFO] [3792/5289] 601166 兴业银行 - 保存 4 条记录
2026-05-09 19:02:19,970 [INFO] [3793/5289] 601168 西部矿业 - 保存 4 条记录
2026-05-09 19:02:20,023 [INFO] [3794/5289] 601169 北京银行 - 保存 4 条记录
2026-05-09 19:02:20,038 [INFO] [3795/5289] 601177 杭齿前进 - 无盈利预测数据
2026-05-09 19:02:20,072 [INFO] [3796/5289] 601179 中国西电 - 保存 4 条记录
2026-05-09 19:02:20,110 [INFO] [3797/5289] 601186 中国铁建 - 保存 4 条记录
2026-05-09 19:02:20,120 [INFO] [3798/5289] 601187 厦门银行 - 无盈利预测数据
2026-05-09 19:02:20,130 [INFO] [3799/5289] 601188 龙江交通 - 无盈利预测数据
2026-05-09 19:02:20,140 [INFO] [3800/5289] 601198 东兴证券 - 无盈利预测数据
2026-05-09 19:02:21,141 [INFO] 已完成 3800/5289
2026-05-09 19:02:21,160 [INFO] [3801/5289] 601199 江南水务 - 无盈利预测数据
2026-05-09 19:02:21,199 [INFO] [3802/5289] 601200 上海环境 - 保存 4 条记录
2026-05-09 19:02:21,242 [INFO] [3803/5289] 601208 东材科技 - 保存 4 条记录
2026-05-09 19:02:21,278 [INFO] [3804/5289] 601211 国泰海通 - 保存 4 条记录
2026-05-09 19:02:21,288 [INFO] [3805/5289] 601212 白银有色 - 无盈利预测数据
2026-05-09 19:02:21,319 [INFO] [3806/5289] 601216 君正集团 - 保存 4 条记录
2026-05-09 19:02:21,330 [INFO] [3807/5289] 601218 XD吉鑫科 - 无盈利预测数据
2026-05-09 19:02:21,340 [INFO] [3808/5289] 601222 林洋能源 - 无盈利预测数据
2026-05-09 19:02:21,372 [INFO] [3809/5289] 601225 陕西煤业 - 保存 4 条记录
2026-05-09 19:02:21,404 [INFO] [3810/5289] 601226 华电科工 - 保存 4 条记录
2026-05-09 19:02:21,413 [INFO] [3811/5289] 601228 广州港 - 无盈利预测数据
2026-05-09 19:02:21,447 [INFO] [3812/5289] 601229 上海银行 - 保存 4 条记录
2026-05-09 19:02:21,483 [INFO] [3813/5289] 601231 环旭电子 - 保存 4 条记录
2026-05-09 19:02:21,518 [INFO] [3814/5289] 601233 桐昆股份 - 保存 4 条记录
2026-05-09 19:02:21,530 [INFO] [3815/5289] 601236 红塔证券 - 无盈利预测数据
2026-05-09 19:02:21,540 [INFO] [3816/5289] 601238 广汽集团 - 无盈利预测数据
2026-05-09 19:02:21,549 [INFO] [3817/5289] 601279 英利汽车 - 无盈利预测数据
2026-05-09 19:02:21,582 [INFO] [3818/5289] 601288 农业银行 - 保存 4 条记录
2026-05-09 19:02:21,614 [INFO] [3819/5289] 601298 青岛港 - 保存 4 条记录
2026-05-09 19:02:21,645 [INFO] [3820/5289] 601311 骆驼股份 - 保存 4 条记录
2026-05-09 19:02:21,680 [INFO] [3821/5289] 601318 中国平安 - 保存 4 条记录
2026-05-09 19:02:21,715 [INFO] [3822/5289] 601319 中国人保 - 保存 4 条记录
2026-05-09 19:02:21,753 [INFO] [3823/5289] 601326 秦港股份 - 保存 4 条记录
2026-05-09 19:02:21,788 [INFO] [3824/5289] 601328 交通银行 - 保存 4 条记录
2026-05-09 19:02:21,821 [INFO] [3825/5289] 601330 绿色动力 - 保存 4 条记录
2026-05-09 19:02:21,855 [INFO] [3826/5289] 601333 广深铁路 - 保存 4 条记录
2026-05-09 19:02:21,889 [INFO] [3827/5289] 601336 新华保险 - 保存 4 条记录
2026-05-09 19:02:21,923 [INFO] [3828/5289] 601339 百隆东方 - 保存 4 条记录
2026-05-09 19:02:21,932 [INFO] [3829/5289] 601360 三六零 - 无盈利预测数据
2026-05-09 19:02:21,943 [INFO] [3830/5289] 601366 利群股份 - 无盈利预测数据
2026-05-09 19:02:21,953 [INFO] [3831/5289] 601368 绿城水务 - 无盈利预测数据
2026-05-09 19:02:21,985 [INFO] [3832/5289] 601369 陕鼓动力 - 保存 4 条记录
2026-05-09 19:02:21,996 [INFO] [3833/5289] 601375 中原证券 - 无盈利预测数据
2026-05-09 19:02:22,030 [INFO] [3834/5289] 601377 兴业证券 - 保存 4 条记录
2026-05-09 19:02:22,042 [INFO] [3835/5289] 601388 怡球资源 - 无盈利预测数据
2026-05-09 19:02:22,076 [INFO] [3836/5289] 601390 中国中铁 - 保存 4 条记录
2026-05-09 19:02:22,110 [INFO] [3837/5289] 601398 工商银行 - 保存 4 条记录
2026-05-09 19:02:22,120 [INFO] [3838/5289] 601399 国机重装 - 无盈利预测数据
2026-05-09 19:02:22,153 [INFO] [3839/5289] 601456 国联民生 - 保存 4 条记录
2026-05-09 19:02:22,185 [INFO] [3840/5289] 601500 通用股份 - 保存 4 条记录
2026-05-09 19:02:22,219 [INFO] [3841/5289] 601512 中新集团 - 保存 4 条记录
2026-05-09 19:02:22,253 [INFO] [3842/5289] 601515 衢州东峰 - 保存 2 条记录
2026-05-09 19:02:22,264 [INFO] [3843/5289] 601518 吉林高速 - 无盈利预测数据
2026-05-09 19:02:22,273 [INFO] [3844/5289] 601519 大智慧 - 无盈利预测数据
2026-05-09 19:02:22,312 [INFO] [3845/5289] 601528 瑞丰银行 - 保存 4 条记录
2026-05-09 19:02:22,344 [INFO] [3846/5289] 601555 东吴证券 - 保存 4 条记录
2026-05-09 19:02:22,376 [INFO] [3847/5289] 601566 九牧王 - 保存 4 条记录
2026-05-09 19:02:22,411 [INFO] [3848/5289] 601567 三星电气 - 保存 4 条记录
2026-05-09 19:02:22,421 [INFO] [3849/5289] 601568 北元集团 - 无盈利预测数据
2026-05-09 19:02:22,453 [INFO] [3850/5289] 601577 长沙银行 - 保存 4 条记录
2026-05-09 19:02:23,454 [INFO] 已完成 3850/5289
2026-05-09 19:02:23,465 [INFO] [3851/5289] 601579 会稽山 - 无盈利预测数据
2026-05-09 19:02:23,478 [INFO] [3852/5289] 601588 北辰实业 - 无盈利预测数据
2026-05-09 19:02:23,513 [INFO] [3853/5289] 601595 上海电影 - 保存 4 条记录
2026-05-09 19:02:23,546 [INFO] [3854/5289] 601598 中国外运 - 保存 4 条记录
2026-05-09 19:02:23,556 [INFO] [3855/5289] 601599 浙文影业 - 无盈利预测数据
2026-05-09 19:02:23,590 [INFO] [3856/5289] 601600 中国铝业 - 保存 4 条记录
2026-05-09 19:02:23,624 [INFO] [3857/5289] 601601 中国太保 - 保存 4 条记录
2026-05-09 19:02:23,634 [INFO] [3858/5289] 601606 长城军工 - 无盈利预测数据
2026-05-09 19:02:23,712 [INFO] [3859/5289] 601607 上海医药 - 保存 4 条记录
2026-05-09 19:02:23,721 [INFO] [3860/5289] 601608 中信重工 - 无盈利预测数据
2026-05-09 19:02:23,758 [INFO] [3861/5289] 601609 金田股份 - 保存 3 条记录
2026-05-09 19:02:23,792 [INFO] [3862/5289] 601611 中国核建 - 保存 4 条记录
2026-05-09 19:02:23,828 [INFO] [3863/5289] 601615 明阳智能 - 保存 4 条记录
2026-05-09 19:02:23,838 [INFO] [3864/5289] 601616 广电电气 - 无盈利预测数据
2026-05-09 19:02:23,869 [INFO] [3865/5289] 601618 中国中冶 - 保存 4 条记录
2026-05-09 19:02:23,903 [INFO] [3866/5289] 601619 嘉泽新能 - 保存 4 条记录
2026-05-09 19:02:23,935 [INFO] [3867/5289] 601628 中国人寿 - 保存 4 条记录
2026-05-09 19:02:23,967 [INFO] [3868/5289] 601633 长城汽车 - 保存 4 条记录
2026-05-09 19:02:24,008 [INFO] [3869/5289] 601636 旗滨集团 - 保存 4 条记录
2026-05-09 19:02:24,045 [INFO] [3870/5289] 601658 邮储银行 - 保存 4 条记录
2026-05-09 19:02:24,079 [INFO] [3871/5289] 601665 齐鲁银行 - 保存 4 条记录
2026-05-09 19:02:24,112 [INFO] [3872/5289] 601666 平煤股份 - 保存 4 条记录
2026-05-09 19:02:24,142 [INFO] [3873/5289] 601668 中国建筑 - 保存 4 条记录
2026-05-09 19:02:24,174 [INFO] [3874/5289] 601669 中国电建 - 保存 4 条记录
2026-05-09 19:02:24,216 [INFO] [3875/5289] 601677 明泰铝业 - 保存 4 条记录
2026-05-09 19:02:24,225 [INFO] [3876/5289] 601678 滨化股份 - 无盈利预测数据
2026-05-09 19:02:24,236 [INFO] [3877/5289] 601686 友发集团 - 无盈利预测数据
2026-05-09 19:02:24,268 [INFO] [3878/5289] 601688 华泰证券 - 保存 4 条记录
2026-05-09 19:02:24,301 [INFO] [3879/5289] 601689 拓普集团 - 保存 4 条记录
2026-05-09 19:02:24,313 [INFO] [3880/5289] 601696 中银证券 - 无盈利预测数据
2026-05-09 19:02:24,352 [INFO] [3881/5289] 601698 中国卫通 - 保存 4 条记录
2026-05-09 19:02:24,391 [INFO] [3882/5289] 601699 潞安环能 - 保存 4 条记录
2026-05-09 19:02:24,403 [INFO] [3883/5289] 601700 风范股份 - 无盈利预测数据
2026-05-09 19:02:24,440 [INFO] [3884/5289] 601702 华峰铝业 - 保存 4 条记录
2026-05-09 19:02:24,475 [INFO] [3885/5289] 601717 中创智领 - 保存 4 条记录
2026-05-09 19:02:24,490 [INFO] [3886/5289] 601718 ST际华 - 无盈利预测数据
2026-05-09 19:02:24,502 [INFO] [3887/5289] 601727 上海电气 - 无盈利预测数据
2026-05-09 19:02:24,536 [INFO] [3888/5289] 601728 中国电信 - 保存 4 条记录
2026-05-09 19:02:24,574 [INFO] [3889/5289] 601766 中国中车 - 保存 4 条记录
2026-05-09 19:02:24,609 [INFO] [3890/5289] 601777 千里科技 - 保存 4 条记录
2026-05-09 19:02:24,645 [INFO] [3891/5289] 601778 晶科科技 - 保存 3 条记录
2026-05-09 19:02:24,679 [INFO] [3892/5289] 601788 光大证券 - 保存 4 条记录
2026-05-09 19:02:24,691 [INFO] [3893/5289] 601789 宁波建工 - 无盈利预测数据
2026-05-09 19:02:24,725 [INFO] [3894/5289] 601798 蓝科高新 - 保存 4 条记录
2026-05-09 19:02:24,759 [INFO] [3895/5289] 601799 星宇股份 - 保存 4 条记录
2026-05-09 19:02:24,793 [INFO] [3896/5289] 601800 中国交建 - 保存 4 条记录
2026-05-09 19:02:24,805 [INFO] [3897/5289] 601801 皖新传媒 - 无盈利预测数据
2026-05-09 19:02:24,841 [INFO] [3898/5289] 601808 中海油服 - 保存 4 条记录
2026-05-09 19:02:24,881 [INFO] [3899/5289] 601811 新华文轩 - 保存 4 条记录
2026-05-09 19:02:24,916 [INFO] [3900/5289] 601816 京沪高铁 - 保存 4 条记录
2026-05-09 19:02:25,917 [INFO] 已完成 3900/5289
2026-05-09 19:02:25,980 [INFO] [3901/5289] 601818 光大银行 - 保存 4 条记录
2026-05-09 19:02:26,090 [INFO] [3902/5289] 601825 沪农商行 - 保存 4 条记录
2026-05-09 19:02:26,199 [INFO] [3903/5289] 601827 三峰环境 - 保存 4 条记录
2026-05-09 19:02:26,231 [INFO] [3904/5289] 601828 美凯龙 - 保存 2 条记录
2026-05-09 19:02:26,370 [INFO] [3905/5289] 601838 成都银行 - 保存 4 条记录
2026-05-09 19:02:26,418 [INFO] [3906/5289] 601857 中国石油 - 保存 4 条记录
2026-05-09 19:02:26,428 [INFO] [3907/5289] 601858 中国科传 - 无盈利预测数据
2026-05-09 19:02:26,463 [INFO] [3908/5289] 601860 紫金银行 - 保存 4 条记录
2026-05-09 19:02:26,499 [INFO] [3909/5289] 601865 福莱特 - 保存 4 条记录
2026-05-09 19:02:26,510 [INFO] [3910/5289] 601866 中远海发 - 无盈利预测数据
2026-05-09 19:02:26,548 [INFO] [3911/5289] 601868 中国能建 - 保存 4 条记录
2026-05-09 19:02:26,582 [INFO] [3912/5289] 601869 长飞光纤 - 保存 4 条记录
2026-05-09 19:02:26,616 [INFO] [3913/5289] 601872 招商轮船 - 保存 4 条记录
2026-05-09 19:02:26,650 [INFO] [3914/5289] 601877 正泰电器 - 保存 4 条记录
2026-05-09 19:02:26,686 [INFO] [3915/5289] 601878 浙商证券 - 保存 4 条记录
2026-05-09 19:02:26,718 [INFO] [3916/5289] 601880 辽港股份 - 保存 4 条记录
2026-05-09 19:02:26,757 [INFO] [3917/5289] 601881 中国银河 - 保存 4 条记录
2026-05-09 19:02:26,790 [INFO] [3918/5289] 601882 海天精工 - 保存 4 条记录
2026-05-09 19:02:26,823 [INFO] [3919/5289] 601886 江河集团 - 保存 4 条记录
2026-05-09 19:02:26,855 [INFO] [3920/5289] 601888 中国中免 - 保存 4 条记录
2026-05-09 19:02:26,870 [INFO] [3921/5289] 601890 亚星锚链 - 已有数据，跳过
2026-05-09 19:02:26,905 [INFO] [3922/5289] 601898 中煤能源 - 保存 4 条记录
2026-05-09 19:02:26,936 [INFO] [3923/5289] 601899 紫金矿业 - 保存 4 条记录
2026-05-09 19:02:26,971 [INFO] [3924/5289] 601900 南方传媒 - 保存 4 条记录
2026-05-09 19:02:27,006 [INFO] [3925/5289] 601901 方正证券 - 保存 4 条记录
2026-05-09 19:02:27,016 [INFO] [3926/5289] 601908 京运通 - 无盈利预测数据
2026-05-09 19:02:27,052 [INFO] [3927/5289] 601916 浙商银行 - 保存 4 条记录
2026-05-09 19:02:27,085 [INFO] [3928/5289] 601918 新集能源 - 保存 4 条记录
2026-05-09 19:02:27,119 [INFO] [3929/5289] 601919 中远海控 - 保存 4 条记录
2026-05-09 19:02:27,129 [INFO] [3930/5289] 601921 浙版传媒 - 无盈利预测数据
2026-05-09 19:02:27,172 [INFO] [3931/5289] 601928 凤凰传媒 - 保存 4 条记录
2026-05-09 19:02:27,184 [INFO] [3932/5289] 601929 吉视传媒 - 无盈利预测数据
2026-05-09 19:02:27,216 [INFO] [3933/5289] 601933 永辉超市 - 保存 3 条记录
2026-05-09 19:02:27,250 [INFO] [3934/5289] 601939 建设银行 - 保存 4 条记录
2026-05-09 19:02:27,260 [INFO] [3935/5289] 601949 中国出版 - 无盈利预测数据
2026-05-09 19:02:27,292 [INFO] [3936/5289] 601952 苏垦农发 - 保存 4 条记录
2026-05-09 19:02:27,302 [INFO] [3937/5289] 601956 东贝集团 - 无盈利预测数据
2026-05-09 19:02:27,332 [INFO] [3938/5289] 601958 金钼股份 - 保存 4 条记录
2026-05-09 19:02:27,367 [INFO] [3939/5289] 601963 重庆银行 - 保存 4 条记录
2026-05-09 19:02:27,401 [INFO] [3940/5289] 601965 中国汽研 - 保存 4 条记录
2026-05-09 19:02:27,436 [INFO] [3941/5289] 601966 玲珑轮胎 - 保存 4 条记录
2026-05-09 19:02:27,468 [INFO] [3942/5289] 601968 宝钢包装 - 保存 4 条记录
2026-05-09 19:02:27,482 [INFO] [3943/5289] 601969 海南矿业 - 无盈利预测数据
2026-05-09 19:02:27,516 [INFO] [3944/5289] 601975 招商南油 - 保存 4 条记录
2026-05-09 19:02:27,549 [INFO] [3945/5289] 601985 中国核电 - 保存 4 条记录
2026-05-09 19:02:27,583 [INFO] [3946/5289] 601988 中国银行 - 保存 4 条记录
2026-05-09 19:02:27,593 [INFO] [3947/5289] 601990 南京证券 - 无盈利预测数据
2026-05-09 19:02:27,628 [INFO] [3948/5289] 601991 大唐发电 - 保存 4 条记录
2026-05-09 19:02:27,637 [INFO] [3949/5289] 601992 金隅集团 - 无盈利预测数据
2026-05-09 19:02:27,670 [INFO] [3950/5289] 601995 中金公司 - 保存 4 条记录
2026-05-09 19:02:28,671 [INFO] 已完成 3950/5289
2026-05-09 19:02:28,682 [INFO] [3951/5289] 601996 丰林集团 - 无盈利预测数据
2026-05-09 19:02:28,718 [INFO] [3952/5289] 601997 贵阳银行 - 保存 3 条记录
2026-05-09 19:02:28,756 [INFO] [3953/5289] 601998 中信银行 - 保存 4 条记录
2026-05-09 19:02:28,766 [INFO] [3954/5289] 601999 出版传媒 - 无盈利预测数据
2026-05-09 19:02:28,805 [INFO] [3955/5289] 603000 人民网 - 保存 4 条记录
2026-05-09 19:02:28,816 [INFO] [3956/5289] 603001 奥康国际 - 无盈利预测数据
2026-05-09 19:02:28,826 [INFO] [3957/5289] 603002 宏昌电子 - 无盈利预测数据
2026-05-09 19:02:28,837 [INFO] [3958/5289] 603004 鼎龙科技 - 无盈利预测数据
2026-05-09 19:02:28,849 [INFO] [3959/5289] 603005 晶方科技 - 无盈利预测数据
2026-05-09 19:02:28,860 [INFO] [3960/5289] 603006 联明股份 - 无盈利预测数据
2026-05-09 19:02:28,870 [INFO] [3961/5289] 603007 花王股份 - 无盈利预测数据
2026-05-09 19:02:28,903 [INFO] [3962/5289] 603008 ST喜临门 - 保存 3 条记录
2026-05-09 19:02:28,937 [INFO] [3963/5289] 603009 北特科技 - 保存 4 条记录
2026-05-09 19:02:28,948 [INFO] [3964/5289] 603010 万盛股份 - 无盈利预测数据
2026-05-09 19:02:28,959 [INFO] [3965/5289] 603011 合锻智能 - 无盈利预测数据
2026-05-09 19:02:28,969 [INFO] [3966/5289] 603012 创力集团 - 无盈利预测数据
2026-05-09 19:02:29,010 [INFO] [3967/5289] 603013 亚普股份 - 保存 4 条记录
2026-05-09 19:02:29,044 [INFO] [3968/5289] 603014 威高血净 - 保存 4 条记录
2026-05-09 19:02:29,056 [INFO] [3969/5289] 603015 弘讯科技 - 无盈利预测数据
2026-05-09 19:02:29,066 [INFO] [3970/5289] 603016 新宏泰 - 无盈利预测数据
2026-05-09 19:02:29,101 [INFO] [3971/5289] 603017 中衡设计 - 保存 3 条记录
2026-05-09 19:02:29,135 [INFO] [3972/5289] 603018 华设集团 - 保存 4 条记录
2026-05-09 19:02:29,165 [INFO] [3973/5289] 603019 中科曙光 - 保存 4 条记录
2026-05-09 19:02:29,176 [INFO] [3974/5289] 603020 爱普股份 - 无盈利预测数据
2026-05-09 19:02:29,187 [INFO] [3975/5289] 603021 *ST华鹏 - 无盈利预测数据
2026-05-09 19:02:29,197 [INFO] [3976/5289] 603022 新通联 - 无盈利预测数据
2026-05-09 19:02:29,208 [INFO] [3977/5289] 603023 威帝股份 - 无盈利预测数据
2026-05-09 19:02:29,219 [INFO] [3978/5289] 603025 大豪科技 - 无盈利预测数据
2026-05-09 19:02:29,230 [INFO] [3979/5289] 603026 石大胜华 - 无盈利预测数据
2026-05-09 19:02:29,261 [INFO] [3980/5289] 603027 千禾味业 - 保存 4 条记录
2026-05-09 19:02:29,271 [INFO] [3981/5289] 603028 赛福天 - 无盈利预测数据
2026-05-09 19:02:29,281 [INFO] [3982/5289] 603029 天鹅股份 - 无盈利预测数据
2026-05-09 19:02:29,291 [INFO] [3983/5289] 603030 全筑股份 - 无盈利预测数据
2026-05-09 19:02:29,322 [INFO] [3984/5289] 603031 安孚科技 - 保存 4 条记录
2026-05-09 19:02:29,333 [INFO] [3985/5289] 603032 德新科技 - 无盈利预测数据
2026-05-09 19:02:29,344 [INFO] [3986/5289] 603033 三维股份 - 无盈利预测数据
2026-05-09 19:02:29,379 [INFO] [3987/5289] 603035 常熟汽饰 - 保存 3 条记录
2026-05-09 19:02:29,388 [INFO] [3988/5289] 603036 如通股份 - 无盈利预测数据
2026-05-09 19:02:29,399 [INFO] [3989/5289] 603037 凯众股份 - 无盈利预测数据
2026-05-09 19:02:29,408 [INFO] [3990/5289] 603038 华立股份 - 无盈利预测数据
2026-05-09 19:02:29,417 [INFO] [3991/5289] 603039 泛微网络 - 无盈利预测数据
2026-05-09 19:02:29,453 [INFO] [3992/5289] 603040 新坐标 - 保存 4 条记录
2026-05-09 19:02:29,465 [INFO] [3993/5289] 603041 美思德 - 无盈利预测数据
2026-05-09 19:02:29,477 [INFO] [3994/5289] 603042 华脉科技 - 无盈利预测数据
2026-05-09 19:02:29,510 [INFO] [3995/5289] 603043 广州酒家 - 保存 4 条记录
2026-05-09 19:02:29,521 [INFO] [3996/5289] 603045 福达合金 - 无盈利预测数据
2026-05-09 19:02:29,532 [INFO] [3997/5289] 603048 浙江黎明 - 无盈利预测数据
2026-05-09 19:02:29,563 [INFO] [3998/5289] 603049 中策橡胶 - 保存 4 条记录
2026-05-09 19:02:29,573 [INFO] [3999/5289] 603050 科林电气 - 无盈利预测数据
2026-05-09 19:02:29,582 [INFO] [4000/5289] 603051 鹿山新材 - 无盈利预测数据
2026-05-09 19:02:30,584 [INFO] 已完成 4000/5289
2026-05-09 19:02:30,595 [INFO] [4001/5289] 603052 可川科技 - 无盈利预测数据
2026-05-09 19:02:30,607 [INFO] [4002/5289] 603053 成都燃气 - 无盈利预测数据
2026-05-09 19:02:30,618 [INFO] [4003/5289] 603055 台华新材 - 无盈利预测数据
2026-05-09 19:02:30,630 [INFO] [4004/5289] 603056 股票603056 - 无盈利预测数据
2026-05-09 19:02:30,665 [INFO] [4005/5289] 603057 紫燕食品 - 保存 4 条记录
2026-05-09 19:02:30,699 [INFO] [4006/5289] 603058 永吉股份 - 保存 3 条记录
2026-05-09 19:02:30,761 [INFO] [4007/5289] 603059 倍加洁 - 保存 4 条记录
2026-05-09 19:02:30,772 [INFO] [4008/5289] 603060 国检集团 - 无盈利预测数据
2026-05-09 19:02:30,807 [INFO] [4009/5289] 603061 金海通 - 保存 4 条记录
2026-05-09 19:02:30,839 [INFO] [4010/5289] 603062 麦加芯彩 - 保存 4 条记录
2026-05-09 19:02:30,849 [INFO] [4011/5289] 603063 禾望电气 - 无盈利预测数据
2026-05-09 19:02:30,859 [INFO] [4012/5289] 603065 宿迁联盛 - 无盈利预测数据
2026-05-09 19:02:30,870 [INFO] [4013/5289] 603066 音飞储存 - 无盈利预测数据
2026-05-09 19:02:30,909 [INFO] [4014/5289] 603067 振华股份 - 保存 4 条记录
2026-05-09 19:02:30,927 [INFO] [4015/5289] 603068 博通集成 - 无盈利预测数据
2026-05-09 19:02:30,942 [INFO] [4016/5289] 603069 海汽集团 - 无盈利预测数据
2026-05-09 19:02:30,955 [INFO] [4017/5289] 603070 万控智造 - 无盈利预测数据
2026-05-09 19:02:31,013 [INFO] [4018/5289] 603071 物产环能 - 保存 4 条记录
2026-05-09 19:02:31,035 [INFO] [4019/5289] 603072 天和磁材 - 无盈利预测数据
2026-05-09 19:02:31,050 [INFO] [4020/5289] 603073 彩蝶实业 - 无盈利预测数据
2026-05-09 19:02:31,099 [INFO] [4021/5289] 603075 热威股份 - 保存 3 条记录
2026-05-09 19:02:31,119 [INFO] [4022/5289] 603076 乐惠国际 - 无盈利预测数据
2026-05-09 19:02:31,178 [INFO] [4023/5289] 603077 和邦生物 - 保存 3 条记录
2026-05-09 19:02:31,225 [INFO] [4024/5289] 603078 江化微 - 保存 4 条记录
2026-05-09 19:02:31,236 [INFO] [4025/5289] 603079 圣达生物 - 无盈利预测数据
2026-05-09 19:02:31,248 [INFO] [4026/5289] 603080 新疆火炬 - 无盈利预测数据
2026-05-09 19:02:31,266 [INFO] [4027/5289] 603081 大丰实业 - 无盈利预测数据
2026-05-09 19:02:31,319 [INFO] [4028/5289] 603082 北自科技 - 保存 3 条记录
2026-05-09 19:02:31,337 [INFO] [4029/5289] 603083 剑桥科技 - 无盈利预测数据
2026-05-09 19:02:31,371 [INFO] [4030/5289] 603085 天成自控 - 无盈利预测数据
2026-05-09 19:02:31,383 [INFO] [4031/5289] 603086 先达股份 - 无盈利预测数据
2026-05-09 19:02:31,420 [INFO] [4032/5289] 603087 甘李药业 - 保存 4 条记录
2026-05-09 19:02:31,472 [INFO] [4033/5289] 603088 宁波精达 - 保存 4 条记录
2026-05-09 19:02:31,512 [INFO] [4034/5289] 603089 正裕工业 - 保存 3 条记录
2026-05-09 19:02:31,549 [INFO] [4035/5289] 603090 宏盛股份 - 保存 4 条记录
2026-05-09 19:02:31,595 [INFO] [4036/5289] 603091 众鑫股份 - 保存 4 条记录
2026-05-09 19:02:31,633 [INFO] [4037/5289] 603092 德力佳 - 保存 4 条记录
2026-05-09 19:02:31,673 [INFO] [4038/5289] 603093 南华期货 - 保存 4 条记录
2026-05-09 19:02:31,685 [INFO] [4039/5289] 603095 越剑智能 - 无盈利预测数据
2026-05-09 19:02:31,699 [INFO] [4040/5289] 603096 新经典 - 无盈利预测数据
2026-05-09 19:02:31,710 [INFO] [4041/5289] 603097 江苏华辰 - 无盈利预测数据
2026-05-09 19:02:31,725 [INFO] [4042/5289] 603098 森特股份 - 无盈利预测数据
2026-05-09 19:02:31,764 [INFO] [4043/5289] 603099 长白山 - 保存 4 条记录
2026-05-09 19:02:31,808 [INFO] [4044/5289] 603100 川仪股份 - 保存 4 条记录
2026-05-09 19:02:31,844 [INFO] [4045/5289] 603101 汇嘉时代 - 保存 4 条记录
2026-05-09 19:02:31,885 [INFO] [4046/5289] 603102 百合股份 - 保存 4 条记录
2026-05-09 19:02:31,925 [INFO] [4047/5289] 603103 横店影视 - 保存 4 条记录
2026-05-09 19:02:31,963 [INFO] [4048/5289] 603105 芯能科技 - 保存 3 条记录
2026-05-09 19:02:32,011 [INFO] [4049/5289] 603106 恒银科技 - 保存 3 条记录
2026-05-09 19:02:32,031 [INFO] [4050/5289] 603107 上海汽配 - 无盈利预测数据
2026-05-09 19:02:33,032 [INFO] 已完成 4050/5289
2026-05-09 19:02:33,044 [INFO] [4051/5289] 603108 润达医疗 - 无盈利预测数据
2026-05-09 19:02:33,089 [INFO] [4052/5289] 603109 神驰机电 - 保存 3 条记录
2026-05-09 19:02:33,102 [INFO] [4053/5289] 603110 东方材料 - 无盈利预测数据
2026-05-09 19:02:33,120 [INFO] [4054/5289] 603111 康尼机电 - 无盈利预测数据
2026-05-09 19:02:33,156 [INFO] [4055/5289] 603112 华翔股份 - 保存 4 条记录
2026-05-09 19:02:33,168 [INFO] [4056/5289] 603113 金能科技 - 无盈利预测数据
2026-05-09 19:02:33,179 [INFO] [4057/5289] 603115 海星股份 - 无盈利预测数据
2026-05-09 19:02:33,191 [INFO] [4058/5289] 603116 红蜻蜓 - 无盈利预测数据
2026-05-09 19:02:33,202 [INFO] [4059/5289] 603117 万林物流 - 无盈利预测数据
2026-05-09 19:02:33,213 [INFO] [4060/5289] 603118 共进股份 - 无盈利预测数据
2026-05-09 19:02:33,249 [INFO] [4061/5289] 603119 浙江荣泰 - 保存 4 条记录
2026-05-09 19:02:33,261 [INFO] [4062/5289] 603120 肯特催化 - 无盈利预测数据
2026-05-09 19:02:33,277 [INFO] [4063/5289] 603121 华培动力 - 无盈利预测数据
2026-05-09 19:02:33,289 [INFO] [4064/5289] 603122 合富中国 - 无盈利预测数据
2026-05-09 19:02:33,302 [INFO] [4065/5289] 603123 翠微股份 - 无盈利预测数据
2026-05-09 19:02:33,340 [INFO] [4066/5289] 603124 江南新材 - 保存 3 条记录
2026-05-09 19:02:33,352 [INFO] [4067/5289] 603125 常青科技 - 无盈利预测数据
2026-05-09 19:02:33,364 [INFO] [4068/5289] 603126 中材节能 - 无盈利预测数据
2026-05-09 19:02:33,396 [INFO] [4069/5289] 603127 昭衍新药 - 保存 4 条记录
2026-05-09 19:02:33,433 [INFO] [4070/5289] 603128 华贸物流 - 保存 4 条记录
2026-05-09 19:02:33,471 [INFO] [4071/5289] 603129 春风动力 - 保存 4 条记录
2026-05-09 19:02:33,483 [INFO] [4072/5289] 603130 云中马 - 无盈利预测数据
2026-05-09 19:02:33,502 [INFO] [4073/5289] 603131 上海沪工 - 无盈利预测数据
2026-05-09 19:02:33,547 [INFO] [4074/5289] 603132 金徽股份 - 保存 4 条记录
2026-05-09 19:02:33,592 [INFO] [4075/5289] 603135 中重科技 - 保存 2 条记录
2026-05-09 19:02:33,638 [INFO] [4076/5289] 603136 天目湖 - 保存 4 条记录
2026-05-09 19:02:33,651 [INFO] [4077/5289] 603137 恒尚节能 - 无盈利预测数据
2026-05-09 19:02:33,704 [INFO] [4078/5289] 603138 海量数据 - 保存 2 条记录
2026-05-09 19:02:33,716 [INFO] [4079/5289] 603139 康惠股份 - 无盈利预测数据
2026-05-09 19:02:33,752 [INFO] [4080/5289] 603150 万朗磁塑 - 保存 4 条记录
2026-05-09 19:02:33,788 [INFO] [4081/5289] 603151 邦基科技 - 保存 4 条记录
2026-05-09 19:02:33,803 [INFO] [4082/5289] 603153 上海建科 - 无盈利预测数据
2026-05-09 19:02:33,842 [INFO] [4083/5289] 603155 新亚强 - 保存 3 条记录
2026-05-09 19:02:33,881 [INFO] [4084/5289] 603156 养元饮品 - 保存 4 条记录
2026-05-09 19:02:33,893 [INFO] [4085/5289] 603158 腾龙股份 - 无盈利预测数据
2026-05-09 19:02:33,904 [INFO] [4086/5289] 603159 上海亚虹 - 无盈利预测数据
2026-05-09 19:02:33,943 [INFO] [4087/5289] 603160 汇顶科技 - 保存 4 条记录
2026-05-09 19:02:33,967 [INFO] [4088/5289] 603161 科华控股 - 无盈利预测数据
2026-05-09 19:02:34,008 [INFO] [4089/5289] 603162 海通发展 - 保存 4 条记录
2026-05-09 19:02:34,046 [INFO] [4090/5289] 603163 圣晖集成 - 保存 4 条记录
2026-05-09 19:02:34,059 [INFO] [4091/5289] 603165 荣晟环保 - 无盈利预测数据
2026-05-09 19:02:34,102 [INFO] [4092/5289] 603166 福达股份 - 保存 4 条记录
2026-05-09 19:02:34,113 [INFO] [4093/5289] 603167 渤海轮渡 - 无盈利预测数据
2026-05-09 19:02:34,127 [INFO] [4094/5289] 603168 莎普爱思 - 无盈利预测数据
2026-05-09 19:02:34,139 [INFO] [4095/5289] 603169 兰石重装 - 无盈利预测数据
2026-05-09 19:02:34,175 [INFO] [4096/5289] 603170 宝立食品 - 保存 4 条记录
2026-05-09 19:02:34,228 [INFO] [4097/5289] 603171 税友股份 - 保存 4 条记录
2026-05-09 19:02:34,265 [INFO] [4098/5289] 603172 万丰股份 - 保存 3 条记录
2026-05-09 19:02:34,277 [INFO] [4099/5289] 603173 福斯达 - 无盈利预测数据
2026-05-09 19:02:34,291 [INFO] [4100/5289] 603175 超颖电子 - 无盈利预测数据
2026-05-09 19:02:35,292 [INFO] 已完成 4100/5289
2026-05-09 19:02:35,303 [INFO] [4101/5289] 603176 汇通集团 - 无盈利预测数据
2026-05-09 19:02:35,315 [INFO] [4102/5289] 603177 德创环保 - 无盈利预测数据
2026-05-09 19:02:35,326 [INFO] [4103/5289] 603178 圣龙股份 - 无盈利预测数据
2026-05-09 19:02:35,380 [INFO] [4104/5289] 603179 新泉股份 - 保存 4 条记录
2026-05-09 19:02:35,391 [INFO] [4105/5289] 603180 金牌家居 - 无盈利预测数据
2026-05-09 19:02:35,427 [INFO] [4106/5289] 603181 皇马科技 - 保存 4 条记录
2026-05-09 19:02:35,441 [INFO] [4107/5289] 603182 嘉华股份 - 无盈利预测数据
2026-05-09 19:02:35,454 [INFO] [4108/5289] 603183 建研院 - 无盈利预测数据
2026-05-09 19:02:35,489 [INFO] [4109/5289] 603185 弘元绿能 - 保存 4 条记录
2026-05-09 19:02:35,525 [INFO] [4110/5289] 603186 华正新材 - 保存 4 条记录
2026-05-09 19:02:35,561 [INFO] [4111/5289] 603187 海容冷链 - 保存 4 条记录
2026-05-09 19:02:35,578 [INFO] [4112/5289] 603188 亚邦股份 - 无盈利预测数据
2026-05-09 19:02:35,593 [INFO] [4113/5289] 603189 *ST网达 - 无盈利预测数据
2026-05-09 19:02:35,604 [INFO] [4114/5289] 603190 亚通精工 - 无盈利预测数据
2026-05-09 19:02:35,614 [INFO] [4115/5289] 603191 望变电气 - 无盈利预测数据
2026-05-09 19:02:35,663 [INFO] [4116/5289] 603192 汇得科技 - 保存 3 条记录
2026-05-09 19:02:35,704 [INFO] [4117/5289] 603193 润本股份 - 保存 4 条记录
2026-05-09 19:02:35,742 [INFO] [4118/5289] 603194 中力股份 - 保存 4 条记录
2026-05-09 19:02:35,781 [INFO] [4119/5289] 603195 公牛集团 - 保存 4 条记录
2026-05-09 19:02:35,818 [INFO] [4120/5289] 603196 璞源材料 - 保存 4 条记录
2026-05-09 19:02:35,855 [INFO] [4121/5289] 603197 保隆科技 - 保存 4 条记录
2026-05-09 19:02:35,901 [INFO] [4122/5289] 603198 迎驾贡酒 - 保存 4 条记录
2026-05-09 19:02:35,939 [INFO] [4123/5289] 603199 九华旅游 - 保存 4 条记录
2026-05-09 19:02:35,954 [INFO] [4124/5289] 603200 上海洗霸 - 无盈利预测数据
2026-05-09 19:02:35,977 [INFO] [4125/5289] 603201 常润股份 - 无盈利预测数据
2026-05-09 19:02:35,996 [INFO] [4126/5289] 603202 天有为 - 无盈利预测数据
2026-05-09 19:02:36,033 [INFO] [4127/5289] 603203 快克智能 - 保存 4 条记录
2026-05-09 19:02:36,045 [INFO] [4128/5289] 603205 健尔康 - 无盈利预测数据
2026-05-09 19:02:36,059 [INFO] [4129/5289] 603206 嘉环科技 - 无盈利预测数据
2026-05-09 19:02:36,070 [INFO] [4130/5289] 603207 小方制药 - 无盈利预测数据
2026-05-09 19:02:36,110 [INFO] [4131/5289] 603208 江山欧派 - 保存 2 条记录
2026-05-09 19:02:36,162 [INFO] [4132/5289] 603209 兴通股份 - 保存 4 条记录
2026-05-09 19:02:36,174 [INFO] [4133/5289] 603210 泰鸿万立 - 无盈利预测数据
2026-05-09 19:02:36,188 [INFO] [4134/5289] 603211 晋拓股份 - 无盈利预测数据
2026-05-09 19:02:36,237 [INFO] [4135/5289] 603212 赛伍技术 - 保存 2 条记录
2026-05-09 19:02:36,249 [INFO] [4136/5289] 603213 镇洋发展 - 无盈利预测数据
2026-05-09 19:02:36,295 [INFO] [4137/5289] 603214 爱婴室 - 保存 4 条记录
2026-05-09 19:02:36,331 [INFO] [4138/5289] 603215 比依股份 - 保存 4 条记录
2026-05-09 19:02:36,342 [INFO] [4139/5289] 603216 梦天家居 - 无盈利预测数据
2026-05-09 19:02:36,399 [INFO] [4140/5289] 603217 元利科技 - 保存 4 条记录
2026-05-09 19:02:36,440 [INFO] [4141/5289] 603218 日月股份 - 保存 4 条记录
2026-05-09 19:02:36,476 [INFO] [4142/5289] 603219 富佳股份 - 保存 4 条记录
2026-05-09 19:02:36,491 [INFO] [4143/5289] 603220 中贝通信 - 无盈利预测数据
2026-05-09 19:02:36,502 [INFO] [4144/5289] 603221 爱丽家居 - 无盈利预测数据
2026-05-09 19:02:36,514 [INFO] [4145/5289] 603222 济民健康 - 无盈利预测数据
2026-05-09 19:02:36,526 [INFO] [4146/5289] 603223 恒通股份 - 无盈利预测数据
2026-05-09 19:02:36,584 [INFO] [4147/5289] 603225 新凤鸣 - 保存 4 条记录
2026-05-09 19:02:36,594 [INFO] [4148/5289] 603226 菲林格尔 - 无盈利预测数据
2026-05-09 19:02:36,628 [INFO] [4149/5289] 603227 雪峰科技 - 保存 4 条记录
2026-05-09 19:02:36,672 [INFO] [4150/5289] 603228 景旺电子 - 保存 4 条记录
2026-05-09 19:02:37,673 [INFO] 已完成 4150/5289
2026-05-09 19:02:37,715 [INFO] [4151/5289] 603229 奥翔药业 - 保存 4 条记录
2026-05-09 19:02:37,728 [INFO] [4152/5289] 603230 内蒙新华 - 无盈利预测数据
2026-05-09 19:02:37,771 [INFO] [4153/5289] 603231 索宝蛋白 - 保存 4 条记录
2026-05-09 19:02:37,805 [INFO] [4154/5289] 603232 格尔软件 - 保存 3 条记录
2026-05-09 19:02:37,841 [INFO] [4155/5289] 603233 大参林 - 保存 4 条记录
2026-05-09 19:02:37,853 [INFO] [4156/5289] 603235 天新药业 - 无盈利预测数据
2026-05-09 19:02:37,901 [INFO] [4157/5289] 603236 移远通信 - 保存 4 条记录
2026-05-09 19:02:37,947 [INFO] [4158/5289] 603237 五芳斋 - 保存 4 条记录
2026-05-09 19:02:37,982 [INFO] [4159/5289] 603238 诺邦股份 - 保存 4 条记录
2026-05-09 19:02:38,025 [INFO] [4160/5289] 603239 浙江仙通 - 保存 4 条记录
2026-05-09 19:02:38,035 [INFO] [4161/5289] 603248 锡华科技 - 无盈利预测数据
2026-05-09 19:02:38,056 [INFO] [4162/5289] 603255 鼎际得 - 无盈利预测数据
2026-05-09 19:02:38,103 [INFO] [4163/5289] 603256 宏和科技 - 保存 4 条记录
2026-05-09 19:02:38,139 [INFO] [4164/5289] 603257 中国瑞林 - 保存 3 条记录
2026-05-09 19:02:38,149 [INFO] [4165/5289] 603258 电魂网络 - 无盈利预测数据
2026-05-09 19:02:38,189 [INFO] [4166/5289] 603259 药明康德 - 保存 4 条记录
2026-05-09 19:02:38,210 [INFO] [4167/5289] 603260 合盛硅业 - 无盈利预测数据
2026-05-09 19:02:38,221 [INFO] [4168/5289] 603261 *ST立航 - 无盈利预测数据
2026-05-09 19:02:38,272 [INFO] [4169/5289] 603262 技源集团 - 保存 4 条记录
2026-05-09 19:02:38,284 [INFO] [4170/5289] 603266 天龙股份 - 无盈利预测数据
2026-05-09 19:02:38,333 [INFO] [4171/5289] 603267 鸿远电子 - 保存 4 条记录
2026-05-09 19:02:38,369 [INFO] [4172/5289] 603268 松发股份 - 保存 4 条记录
2026-05-09 19:02:38,409 [INFO] [4173/5289] 603269 海鸥股份 - 保存 4 条记录
2026-05-09 19:02:38,442 [INFO] [4174/5289] 603270 金帝股份 - 保存 3 条记录
2026-05-09 19:02:38,451 [INFO] [4175/5289] 603271 永杰新材 - 无盈利预测数据
2026-05-09 19:02:38,462 [INFO] [4176/5289] 603272 *ST联翔 - 无盈利预测数据
2026-05-09 19:02:38,472 [INFO] [4177/5289] 603273 天元智能 - 无盈利预测数据
2026-05-09 19:02:38,507 [INFO] [4178/5289] 603275 众辰科技 - 保存 4 条记录
2026-05-09 19:02:38,518 [INFO] [4179/5289] 603276 恒兴新材 - 无盈利预测数据
2026-05-09 19:02:38,559 [INFO] [4180/5289] 603277 银都股份 - 保存 4 条记录
2026-05-09 19:02:38,593 [INFO] [4181/5289] 603278 大业股份 - 保存 3 条记录
2026-05-09 19:02:38,626 [INFO] [4182/5289] 603279 景津装备 - 保存 4 条记录
2026-05-09 19:02:38,637 [INFO] [4183/5289] 603280 南方路机 - 无盈利预测数据
2026-05-09 19:02:38,673 [INFO] [4184/5289] 603281 江瀚新材 - 保存 4 条记录
2026-05-09 19:02:38,684 [INFO] [4185/5289] 603282 亚光股份 - 无盈利预测数据
2026-05-09 19:02:38,699 [INFO] [4186/5289] 603283 赛腾股份 - 无盈利预测数据
2026-05-09 19:02:38,711 [INFO] [4187/5289] 603284 林平发展 - 无盈利预测数据
2026-05-09 19:02:38,729 [INFO] [4188/5289] 603285 键邦股份 - 无盈利预测数据
2026-05-09 19:02:38,747 [INFO] [4189/5289] 603286 日盈电子 - 无盈利预测数据
2026-05-09 19:02:38,792 [INFO] [4190/5289] 603288 海天味业 - 保存 4 条记录
2026-05-09 19:02:38,804 [INFO] [4191/5289] 603289 泰瑞机器 - 无盈利预测数据
2026-05-09 19:02:38,839 [INFO] [4192/5289] 603290 斯达半导 - 保存 4 条记录
2026-05-09 19:02:38,875 [INFO] [4193/5289] 603291 联合水务 - 保存 3 条记录
2026-05-09 19:02:38,886 [INFO] [4194/5289] 603293 埃泰克 - 无盈利预测数据
2026-05-09 19:02:38,922 [INFO] [4195/5289] 603296 华勤技术 - 保存 4 条记录
2026-05-09 19:02:38,960 [INFO] [4196/5289] 603297 永新光学 - 保存 4 条记录
2026-05-09 19:02:39,001 [INFO] [4197/5289] 603298 杭叉集团 - 保存 4 条记录
2026-05-09 19:02:39,017 [INFO] [4198/5289] 603299 苏盐井神 - 无盈利预测数据
2026-05-09 19:02:39,030 [INFO] [4199/5289] 603300 海南华铁 - 无盈利预测数据
2026-05-09 19:02:39,066 [INFO] [4200/5289] 603301 振德医疗 - 保存 4 条记录
2026-05-09 19:02:40,067 [INFO] 已完成 4200/5289
2026-05-09 19:02:40,105 [INFO] [4201/5289] 603303 得邦照明 - 保存 4 条记录
2026-05-09 19:02:40,143 [INFO] [4202/5289] 603305 旭升集团 - 保存 4 条记录
2026-05-09 19:02:40,155 [INFO] [4203/5289] 603306 华懋科技 - 无盈利预测数据
2026-05-09 19:02:40,166 [INFO] [4204/5289] 603307 扬州金泉 - 无盈利预测数据
2026-05-09 19:02:40,202 [INFO] [4205/5289] 603308 应流股份 - 保存 4 条记录
2026-05-09 19:02:40,237 [INFO] [4206/5289] 603309 维力医疗 - 保存 4 条记录
2026-05-09 19:02:40,248 [INFO] [4207/5289] 603310 巍华新材 - 无盈利预测数据
2026-05-09 19:02:40,261 [INFO] [4208/5289] 603311 金海高科 - 无盈利预测数据
2026-05-09 19:02:40,311 [INFO] [4209/5289] 603312 西典新能 - 保存 3 条记录
2026-05-09 19:02:40,327 [INFO] [4210/5289] 603313 梦百合 - 无盈利预测数据
2026-05-09 19:02:40,343 [INFO] [4211/5289] 603315 福鞍股份 - 无盈利预测数据
2026-05-09 19:02:40,390 [INFO] [4212/5289] 603316 诚邦股份 - 保存 3 条记录
2026-05-09 19:02:40,428 [INFO] [4213/5289] 603317 天味食品 - 保存 4 条记录
2026-05-09 19:02:40,440 [INFO] [4214/5289] 603318 水发燃气 - 无盈利预测数据
2026-05-09 19:02:40,485 [INFO] [4215/5289] 603319 美湖股份 - 保存 4 条记录
2026-05-09 19:02:40,499 [INFO] [4216/5289] 603320 迪贝电气 - 无盈利预测数据
2026-05-09 19:02:40,513 [INFO] [4217/5289] 603321 梅轮电梯 - 无盈利预测数据
2026-05-09 19:02:40,526 [INFO] [4218/5289] 603322 超讯通信 - 无盈利预测数据
2026-05-09 19:02:40,565 [INFO] [4219/5289] 603323 苏农银行 - 保存 4 条记录
2026-05-09 19:02:40,582 [INFO] [4220/5289] 603324 盛剑科技 - 无盈利预测数据
2026-05-09 19:02:40,593 [INFO] [4221/5289] 603325 博隆技术 - 无盈利预测数据
2026-05-09 19:02:40,606 [INFO] [4222/5289] 603326 我乐家居 - 无盈利预测数据
2026-05-09 19:02:40,618 [INFO] [4223/5289] 603327 福蓉科技 - 无盈利预测数据
2026-05-09 19:02:40,634 [INFO] [4224/5289] 603328 依顿电子 - 无盈利预测数据
2026-05-09 19:02:40,646 [INFO] [4225/5289] 603329 上海雅仕 - 无盈利预测数据
2026-05-09 19:02:40,659 [INFO] [4226/5289] 603330 天洋新材 - 无盈利预测数据
2026-05-09 19:02:40,671 [INFO] [4227/5289] 603331 百达精工 - 无盈利预测数据
2026-05-09 19:02:40,685 [INFO] [4228/5289] 603332 苏州龙杰 - 无盈利预测数据
2026-05-09 19:02:40,694 [INFO] [4229/5289] 603333 尚纬股份 - 无盈利预测数据
2026-05-09 19:02:40,704 [INFO] [4230/5289] 603334 丰倍生物 - 无盈利预测数据
2026-05-09 19:02:40,716 [INFO] [4231/5289] 603335 迪生力 - 无盈利预测数据
2026-05-09 19:02:40,727 [INFO] [4232/5289] 603336 宏辉果蔬 - 无盈利预测数据
2026-05-09 19:02:40,761 [INFO] [4233/5289] 603337 杰克科技 - 保存 4 条记录
2026-05-09 19:02:40,805 [INFO] [4234/5289] 603338 浙江鼎力 - 保存 4 条记录
2026-05-09 19:02:40,817 [INFO] [4235/5289] 603339 四方科技 - 无盈利预测数据
2026-05-09 19:02:40,854 [INFO] [4236/5289] 603341 龙旗科技 - 保存 4 条记录
2026-05-09 19:02:40,866 [INFO] [4237/5289] 603344 星德胜 - 无盈利预测数据
2026-05-09 19:02:40,903 [INFO] [4238/5289] 603345 安井食品 - 保存 4 条记录
2026-05-09 19:02:40,948 [INFO] [4239/5289] 603348 文灿股份 - 保存 3 条记录
2026-05-09 19:02:40,986 [INFO] [4240/5289] 603350 安乃达 - 保存 4 条记录
2026-05-09 19:02:40,997 [INFO] [4241/5289] 603351 威尔药业 - 无盈利预测数据
2026-05-09 19:02:41,018 [INFO] [4242/5289] 603352 至信股份 - 无盈利预测数据
2026-05-09 19:02:41,029 [INFO] [4243/5289] 603353 和顺石油 - 无盈利预测数据
2026-05-09 19:02:41,070 [INFO] [4244/5289] 603355 莱克电气 - 保存 4 条记录
2026-05-09 19:02:41,082 [INFO] [4245/5289] 603356 华菱精工 - 无盈利预测数据
2026-05-09 19:02:41,094 [INFO] [4246/5289] 603357 设计总院 - 无盈利预测数据
2026-05-09 19:02:41,108 [INFO] [4247/5289] 603358 华达科技 - 无盈利预测数据
2026-05-09 19:02:41,119 [INFO] [4248/5289] 603359 *ST东珠 - 无盈利预测数据
2026-05-09 19:02:41,130 [INFO] [4249/5289] 603360 百傲化学 - 无盈利预测数据
2026-05-09 19:02:41,144 [INFO] [4250/5289] 603363 傲农生物 - 无盈利预测数据
2026-05-09 19:02:42,145 [INFO] 已完成 4250/5289
2026-05-09 19:02:42,187 [INFO] [4251/5289] 603365 水星家纺 - 保存 4 条记录
2026-05-09 19:02:42,199 [INFO] [4252/5289] 603366 日出东方 - 无盈利预测数据
2026-05-09 19:02:42,208 [INFO] [4253/5289] 603367 辰欣药业 - 无盈利预测数据
2026-05-09 19:02:42,244 [INFO] [4254/5289] 603368 柳药集团 - 保存 4 条记录
2026-05-09 19:02:42,279 [INFO] [4255/5289] 603369 今世缘 - 保存 4 条记录
2026-05-09 19:02:42,290 [INFO] [4256/5289] 603370 华新精科 - 无盈利预测数据
2026-05-09 19:02:42,323 [INFO] [4257/5289] 603373 安邦护卫 - 保存 4 条记录
2026-05-09 19:02:42,333 [INFO] [4258/5289] 603375 盛景微 - 无盈利预测数据
2026-05-09 19:02:42,344 [INFO] [4259/5289] 603376 大明电子 - 无盈利预测数据
2026-05-09 19:02:42,354 [INFO] [4260/5289] 603377 ST东时 - 无盈利预测数据
2026-05-09 19:02:42,365 [INFO] [4261/5289] 603378 *ST亚士 - 无盈利预测数据
2026-05-09 19:02:42,398 [INFO] [4262/5289] 603379 三美股份 - 保存 4 条记录
2026-05-09 19:02:42,440 [INFO] [4263/5289] 603380 易德龙 - 保存 4 条记录
2026-05-09 19:02:42,473 [INFO] [4264/5289] 603381 永臻股份 - 保存 3 条记录
2026-05-09 19:02:42,486 [INFO] [4265/5289] 603382 海阳科技 - 无盈利预测数据
2026-05-09 19:02:42,519 [INFO] [4266/5289] 603383 顶点软件 - 保存 4 条记录
2026-05-09 19:02:42,535 [INFO] [4267/5289] 603385 惠达卫浴 - 无盈利预测数据
2026-05-09 19:02:42,546 [INFO] [4268/5289] 603386 骏亚科技 - 无盈利预测数据
2026-05-09 19:02:42,557 [INFO] [4269/5289] 603387 基蛋生物 - 无盈利预测数据
2026-05-09 19:02:42,567 [INFO] [4270/5289] 603389 *ST亚振 - 无盈利预测数据
2026-05-09 19:02:42,578 [INFO] [4271/5289] 603390 通达电气 - 无盈利预测数据
2026-05-09 19:02:42,588 [INFO] [4272/5289] 603391 力聚热能 - 无盈利预测数据
2026-05-09 19:02:42,599 [INFO] [4273/5289] 603392 万泰生物 - 无盈利预测数据
2026-05-09 19:02:42,610 [INFO] [4274/5289] 603393 新天然气 - 无盈利预测数据
2026-05-09 19:02:42,619 [INFO] [4275/5289] 603395 红四方 - 无盈利预测数据
2026-05-09 19:02:42,636 [INFO] [4276/5289] 603396 金辰股份 - 无盈利预测数据
2026-05-09 19:02:42,646 [INFO] [4277/5289] 603398 *ST沐邦 - 无盈利预测数据
2026-05-09 19:02:42,661 [INFO] [4278/5289] 603399 永杉锂业 - 无盈利预测数据
2026-05-09 19:02:42,670 [INFO] [4279/5289] 603400 华之杰 - 无盈利预测数据
2026-05-09 19:02:42,701 [INFO] [4280/5289] 603402 陕西旅游 - 保存 4 条记录
2026-05-09 19:02:42,711 [INFO] [4281/5289] 603406 天富龙 - 无盈利预测数据
2026-05-09 19:02:42,746 [INFO] [4282/5289] 603408 建霖家居 - 保存 4 条记录
2026-05-09 19:02:42,759 [INFO] [4283/5289] 603409 汇通控股 - 无盈利预测数据
2026-05-09 19:02:42,793 [INFO] [4284/5289] 603416 信捷电气 - 保存 4 条记录
2026-05-09 19:02:42,805 [INFO] [4285/5289] 603418 友升股份 - 无盈利预测数据
2026-05-09 19:02:42,815 [INFO] [4286/5289] 603421 鼎信通讯 - 无盈利预测数据
2026-05-09 19:02:42,827 [INFO] [4287/5289] 603429 *ST集友 - 无盈利预测数据
2026-05-09 19:02:42,839 [INFO] [4288/5289] 603439 三力制药 - 无盈利预测数据
2026-05-09 19:02:42,879 [INFO] [4289/5289] 603444 吉比特 - 保存 4 条记录
2026-05-09 19:02:42,913 [INFO] [4290/5289] 603456 九洲药业 - 保存 4 条记录
2026-05-09 19:02:42,922 [INFO] [4291/5289] 603458 勘设股份 - 无盈利预测数据
2026-05-09 19:02:42,933 [INFO] [4292/5289] 603459 红板科技 - 无盈利预测数据
2026-05-09 19:02:42,968 [INFO] [4293/5289] 603466 风语筑 - 保存 3 条记录
2026-05-09 19:02:43,010 [INFO] [4294/5289] 603477 巨星农牧 - 保存 3 条记录
2026-05-09 19:02:43,054 [INFO] [4295/5289] 603486 科沃斯 - 保存 4 条记录
2026-05-09 19:02:43,064 [INFO] [4296/5289] 603488 展鹏科技 - 无盈利预测数据
2026-05-09 19:02:43,099 [INFO] [4297/5289] 603489 八方股份 - 保存 4 条记录
2026-05-09 19:02:43,138 [INFO] [4298/5289] 603496 恒为科技 - 保存 4 条记录
2026-05-09 19:02:43,176 [INFO] [4299/5289] 603499 翔港科技 - 保存 4 条记录
2026-05-09 19:02:43,187 [INFO] [4300/5289] 603500 祥和实业 - 无盈利预测数据
2026-05-09 19:02:44,189 [INFO] 已完成 4300/5289
2026-05-09 19:02:44,226 [INFO] [4301/5289] 603501 豪威集团 - 保存 4 条记录
2026-05-09 19:02:44,261 [INFO] [4302/5289] 603505 金石资源 - 保存 4 条记录
2026-05-09 19:02:44,294 [INFO] [4303/5289] 603506 南都物业 - 保存 4 条记录
2026-05-09 19:02:44,331 [INFO] [4304/5289] 603507 振江股份 - 保存 4 条记录
2026-05-09 19:02:44,341 [INFO] [4305/5289] 603508 思维列控 - 无盈利预测数据
2026-05-09 19:02:44,353 [INFO] [4306/5289] 603511 爱慕股份 - 无盈利预测数据
2026-05-09 19:02:44,386 [INFO] [4307/5289] 603515 欧普照明 - 保存 4 条记录
2026-05-09 19:02:44,410 [INFO] [4308/5289] 603516 淳中科技 - 无盈利预测数据
2026-05-09 19:02:44,422 [INFO] [4309/5289] 603517 ST绝味 - 无盈利预测数据
2026-05-09 19:02:44,459 [INFO] [4310/5289] 603518 锦泓集团 - 保存 4 条记录
2026-05-09 19:02:44,471 [INFO] [4311/5289] 603519 立霸股份 - 无盈利预测数据
2026-05-09 19:02:44,506 [INFO] [4312/5289] 603520 司太立 - 保存 4 条记录
2026-05-09 19:02:44,516 [INFO] [4313/5289] 603527 众源新材 - 无盈利预测数据
2026-05-09 19:02:44,530 [INFO] [4314/5289] 603528 多伦科技 - 无盈利预测数据
2026-05-09 19:02:44,569 [INFO] [4315/5289] 603529 爱玛科技 - 保存 4 条记录
2026-05-09 19:02:44,611 [INFO] [4316/5289] 603530 神马电力 - 保存 4 条记录
2026-05-09 19:02:44,622 [INFO] [4317/5289] 603533 掌阅科技 - 无盈利预测数据
2026-05-09 19:02:44,634 [INFO] [4318/5289] 603535 嘉诚国际 - 无盈利预测数据
2026-05-09 19:02:44,645 [INFO] [4319/5289] 603536 惠发食品 - 无盈利预测数据
2026-05-09 19:02:44,689 [INFO] [4320/5289] 603538 美诺华 - 保存 3 条记录
2026-05-09 19:02:44,703 [INFO] [4321/5289] 603551 奥普科技 - 无盈利预测数据
2026-05-09 19:02:44,742 [INFO] [4322/5289] 603556 海兴电力 - 保存 4 条记录
2026-05-09 19:02:44,755 [INFO] [4323/5289] 603557 *ST起步 - 无盈利预测数据
2026-05-09 19:02:44,793 [INFO] [4324/5289] 603558 健盛集团 - 保存 4 条记录
2026-05-09 19:02:44,805 [INFO] [4325/5289] 603559 ST通脉 - 无盈利预测数据
2026-05-09 19:02:44,817 [INFO] [4326/5289] 603565 中谷物流 - 无盈利预测数据
2026-05-09 19:02:44,857 [INFO] [4327/5289] 603566 普莱柯 - 保存 4 条记录
2026-05-09 19:02:44,868 [INFO] [4328/5289] 603567 珍宝岛 - 无盈利预测数据
2026-05-09 19:02:44,912 [INFO] [4329/5289] 603568 伟明环保 - 保存 4 条记录
2026-05-09 19:02:44,946 [INFO] [4330/5289] 603569 长久物流 - 保存 3 条记录
2026-05-09 19:02:44,964 [INFO] [4331/5289] 603577 汇金通 - 无盈利预测数据
2026-05-09 19:02:44,975 [INFO] [4332/5289] 603578 三星新材 - 无盈利预测数据
2026-05-09 19:02:45,011 [INFO] [4333/5289] 603579 荣泰健康 - 保存 4 条记录
2026-05-09 19:02:45,028 [INFO] [4334/5289] 603580 *ST艾艾 - 无盈利预测数据
2026-05-09 19:02:45,065 [INFO] [4335/5289] 603583 捷昌驱动 - 保存 3 条记录
2026-05-09 19:02:45,077 [INFO] [4336/5289] 603585 苏利股份 - 无盈利预测数据
2026-05-09 19:02:45,091 [INFO] [4337/5289] 603586 金麒麟 - 无盈利预测数据
2026-05-09 19:02:45,131 [INFO] [4338/5289] 603587 地素时尚 - 保存 4 条记录
2026-05-09 19:02:45,166 [INFO] [4339/5289] 603588 高能环境 - 保存 4 条记录
2026-05-09 19:02:45,178 [INFO] [4340/5289] 603589 口子窖 - 无盈利预测数据
2026-05-09 19:02:45,223 [INFO] [4341/5289] 603590 康辰药业 - 保存 4 条记录
2026-05-09 19:02:45,237 [INFO] [4342/5289] 603595 ST东尼 - 无盈利预测数据
2026-05-09 19:02:45,274 [INFO] [4343/5289] 603596 伯特利 - 保存 4 条记录
2026-05-09 19:02:45,309 [INFO] [4344/5289] 603598 引力传媒 - 保存 4 条记录
2026-05-09 19:02:45,344 [INFO] [4345/5289] 603599 广信股份 - 保存 4 条记录
2026-05-09 19:02:45,380 [INFO] [4346/5289] 603600 永艺股份 - 保存 4 条记录
2026-05-09 19:02:45,415 [INFO] [4347/5289] 603601 再升科技 - 保存 4 条记录
2026-05-09 19:02:45,428 [INFO] [4348/5289] 603602 纵横通信 - 无盈利预测数据
2026-05-09 19:02:45,467 [INFO] [4349/5289] 603605 珀莱雅 - 保存 4 条记录
2026-05-09 19:02:45,503 [INFO] [4350/5289] 603606 东方电缆 - 保存 4 条记录
2026-05-09 19:02:46,504 [INFO] 已完成 4350/5289
2026-05-09 19:02:46,514 [INFO] [4351/5289] 603607 京华激光 - 无盈利预测数据
2026-05-09 19:02:46,526 [INFO] [4352/5289] 603608 天创时尚 - 无盈利预测数据
2026-05-09 19:02:46,564 [INFO] [4353/5289] 603609 禾丰股份 - 保存 3 条记录
2026-05-09 19:02:46,600 [INFO] [4354/5289] 603610 麒盛科技 - 保存 4 条记录
2026-05-09 19:02:46,636 [INFO] [4355/5289] 603611 XD诺力股 - 保存 4 条记录
2026-05-09 19:02:46,671 [INFO] [4356/5289] 603612 索通发展 - 保存 4 条记录
2026-05-09 19:02:46,682 [INFO] [4357/5289] 603613 国联股份 - 无盈利预测数据
2026-05-09 19:02:46,695 [INFO] [4358/5289] 603615 茶花股份 - 无盈利预测数据
2026-05-09 19:02:46,706 [INFO] [4359/5289] 603616 韩建河山 - 无盈利预测数据
2026-05-09 19:02:46,717 [INFO] [4360/5289] 603617 君禾股份 - 无盈利预测数据
2026-05-09 19:02:46,730 [INFO] [4361/5289] 603618 杭电股份 - 无盈利预测数据
2026-05-09 19:02:46,765 [INFO] [4362/5289] 603619 中曼石油 - 保存 4 条记录
2026-05-09 19:02:46,781 [INFO] [4363/5289] 603626 科森科技 - 无盈利预测数据
2026-05-09 19:02:46,792 [INFO] [4364/5289] 603628 清源股份 - 无盈利预测数据
2026-05-09 19:02:46,808 [INFO] [4365/5289] 603629 利通电子 - 无盈利预测数据
2026-05-09 19:02:46,819 [INFO] [4366/5289] 603630 拉芳家化 - 无盈利预测数据
2026-05-09 19:02:46,831 [INFO] [4367/5289] 603633 徕木股份 - 无盈利预测数据
2026-05-09 19:02:46,844 [INFO] [4368/5289] 603636 南威软件 - 无盈利预测数据
2026-05-09 19:02:46,854 [INFO] [4369/5289] 603637 镇海股份 - 无盈利预测数据
2026-05-09 19:02:46,888 [INFO] [4370/5289] 603638 艾迪精密 - 保存 4 条记录
2026-05-09 19:02:46,900 [INFO] [4371/5289] 603639 海利尔 - 无盈利预测数据
2026-05-09 19:02:46,914 [INFO] [4372/5289] 603648 畅联股份 - 无盈利预测数据
2026-05-09 19:02:46,951 [INFO] [4373/5289] 603650 彤程新材 - 保存 4 条记录
2026-05-09 19:02:46,963 [INFO] [4374/5289] 603655 朗博科技 - 无盈利预测数据
2026-05-09 19:02:46,974 [INFO] [4375/5289] 603656 泰禾智能 - 无盈利预测数据
2026-05-09 19:02:46,986 [INFO] [4376/5289] 603657 春光科技 - 无盈利预测数据
2026-05-09 19:02:47,031 [INFO] [4377/5289] 603658 安图生物 - 保存 4 条记录
2026-05-09 19:02:47,067 [INFO] [4378/5289] 603659 璞泰来 - 保存 4 条记录
2026-05-09 19:02:47,103 [INFO] [4379/5289] 603660 苏州科达 - 保存 2 条记录
2026-05-09 19:02:47,142 [INFO] [4380/5289] 603661 恒林股份 - 保存 4 条记录
2026-05-09 19:02:47,177 [INFO] [4381/5289] 603662 柯力传感 - 保存 4 条记录
2026-05-09 19:02:47,215 [INFO] [4382/5289] 603663 三祥新材 - 保存 4 条记录
2026-05-09 19:02:47,225 [INFO] [4383/5289] 603665 康隆达 - 无盈利预测数据
2026-05-09 19:02:47,235 [INFO] [4384/5289] 603666 亿嘉和 - 无盈利预测数据
2026-05-09 19:02:47,274 [INFO] [4385/5289] 603667 五洲新春 - 保存 3 条记录
2026-05-09 19:02:47,288 [INFO] [4386/5289] 603668 天马科技 - 无盈利预测数据
2026-05-09 19:02:47,300 [INFO] [4387/5289] 603669 灵康药业 - 无盈利预测数据
2026-05-09 19:02:47,343 [INFO] [4388/5289] 603676 卫信康 - 保存 3 条记录
2026-05-09 19:02:47,356 [INFO] [4389/5289] 603677 奇精机械 - 无盈利预测数据
2026-05-09 19:02:47,392 [INFO] [4390/5289] 603678 火炬电子 - 保存 4 条记录
2026-05-09 19:02:47,403 [INFO] [4391/5289] 603679 华体科技 - 无盈利预测数据
2026-05-09 19:02:47,437 [INFO] [4392/5289] 603680 今创集团 - 保存 4 条记录
2026-05-09 19:02:47,449 [INFO] [4393/5289] 603681 永冠新材 - 无盈利预测数据
2026-05-09 19:02:47,460 [INFO] [4394/5289] 603682 锦和商管 - 无盈利预测数据
2026-05-09 19:02:47,498 [INFO] [4395/5289] 603683 晶华新材 - 保存 3 条记录
2026-05-09 19:02:47,509 [INFO] [4396/5289] 603685 晨丰科技 - 无盈利预测数据
2026-05-09 19:02:47,520 [INFO] [4397/5289] 603686 福龙马 - 无盈利预测数据
2026-05-09 19:02:47,530 [INFO] [4398/5289] 603687 大胜达 - 无盈利预测数据
2026-05-09 19:02:47,563 [INFO] [4399/5289] 603688 石英股份 - 保存 4 条记录
2026-05-09 19:02:47,574 [INFO] [4400/5289] 603689 皖天然气 - 无盈利预测数据
2026-05-09 19:02:48,575 [INFO] 已完成 4400/5289
2026-05-09 19:02:48,610 [INFO] [4401/5289] 603690 至纯科技 - 保存 2 条记录
2026-05-09 19:02:48,621 [INFO] [4402/5289] 603693 江苏新能 - 无盈利预测数据
2026-05-09 19:02:48,631 [INFO] [4403/5289] 603696 安记食品 - 无盈利预测数据
2026-05-09 19:02:48,661 [INFO] [4404/5289] 603697 有友食品 - 保存 4 条记录
2026-05-09 19:02:48,696 [INFO] [4405/5289] 603698 航天工程 - 保存 4 条记录
2026-05-09 19:02:48,736 [INFO] [4406/5289] 603699 纽威股份 - 保存 4 条记录
2026-05-09 19:02:48,747 [INFO] [4407/5289] 603700 宁水集团 - 无盈利预测数据
2026-05-09 19:02:48,758 [INFO] [4408/5289] 603701 德宏股份 - 无盈利预测数据
2026-05-09 19:02:48,769 [INFO] [4409/5289] 603703 盛洋科技 - 无盈利预测数据
2026-05-09 19:02:48,779 [INFO] [4410/5289] 603706 东方环宇 - 无盈利预测数据
2026-05-09 19:02:48,814 [INFO] [4411/5289] 603707 健友股份 - 保存 4 条记录
2026-05-09 19:02:48,852 [INFO] [4412/5289] 603708 家家悦 - 保存 4 条记录
2026-05-09 19:02:48,861 [INFO] [4413/5289] 603709 中源家居 - 无盈利预测数据
2026-05-09 19:02:48,895 [INFO] [4414/5289] 603711 香飘飘 - 保存 4 条记录
2026-05-09 19:02:48,927 [INFO] [4415/5289] 603712 七一二 - 保存 3 条记录
2026-05-09 19:02:48,962 [INFO] [4416/5289] 603713 密尔克卫 - 保存 4 条记录
2026-05-09 19:02:48,971 [INFO] [4417/5289] 603716 塞力医疗 - 无盈利预测数据
2026-05-09 19:02:48,980 [INFO] [4418/5289] 603717 天域生物 - 无盈利预测数据
2026-05-09 19:02:48,990 [INFO] [4419/5289] 603718 *ST海利 - 无盈利预测数据
2026-05-09 19:02:49,028 [INFO] [4420/5289] 603719 良品铺子 - 保存 3 条记录
2026-05-09 19:02:49,038 [INFO] [4421/5289] 603721 *ST天择 - 无盈利预测数据
2026-05-09 19:02:49,074 [INFO] [4422/5289] 603722 阿科力 - 保存 3 条记录
2026-05-09 19:02:49,085 [INFO] [4423/5289] 603725 天安新材 - 无盈利预测数据
2026-05-09 19:02:49,095 [INFO] [4424/5289] 603726 朗迪集团 - 无盈利预测数据
2026-05-09 19:02:49,127 [INFO] [4425/5289] 603727 XD博迈科 - 保存 4 条记录
2026-05-09 19:02:49,165 [INFO] [4426/5289] 603728 鸣志电器 - 保存 3 条记录
2026-05-09 19:02:49,174 [INFO] [4427/5289] 603729 ST龙韵 - 无盈利预测数据
2026-05-09 19:02:49,209 [INFO] [4428/5289] 603730 岱美股份 - 保存 4 条记录
2026-05-09 19:02:49,243 [INFO] [4429/5289] 603733 仙鹤股份 - 保存 4 条记录
2026-05-09 19:02:49,274 [INFO] [4430/5289] 603737 三棵树 - 保存 4 条记录
2026-05-09 19:02:49,286 [INFO] [4431/5289] 603738 泰晶科技 - 无盈利预测数据
2026-05-09 19:02:49,297 [INFO] [4432/5289] 603739 蔚蓝生物 - 无盈利预测数据
2026-05-09 19:02:49,331 [INFO] [4433/5289] 603755 日辰股份 - 保存 4 条记录
2026-05-09 19:02:49,340 [INFO] [4434/5289] 603757 大元泵业 - 无盈利预测数据
2026-05-09 19:02:49,373 [INFO] [4435/5289] 603758 秦安股份 - 保存 3 条记录
2026-05-09 19:02:49,385 [INFO] [4436/5289] 603759 海天股份 - 无盈利预测数据
2026-05-09 19:02:49,418 [INFO] [4437/5289] 603766 隆鑫通用 - 保存 4 条记录
2026-05-09 19:02:49,430 [INFO] [4438/5289] 603767 中马传动 - 无盈利预测数据
2026-05-09 19:02:49,441 [INFO] [4439/5289] 603768 常青股份 - 无盈利预测数据
2026-05-09 19:02:49,452 [INFO] [4440/5289] 603773 沃格光电 - 无盈利预测数据
2026-05-09 19:02:49,464 [INFO] [4441/5289] 603776 永安行 - 无盈利预测数据
2026-05-09 19:02:49,475 [INFO] [4442/5289] 603777 来伊份 - 无盈利预测数据
2026-05-09 19:02:49,485 [INFO] [4443/5289] 603778 国晟科技 - 无盈利预测数据
2026-05-09 19:02:49,496 [INFO] [4444/5289] 603779 威龙股份 - 无盈利预测数据
2026-05-09 19:02:49,533 [INFO] [4445/5289] 603786 科博达 - 保存 4 条记录
2026-05-09 19:02:49,543 [INFO] [4446/5289] 603787 新日股份 - 无盈利预测数据
2026-05-09 19:02:49,574 [INFO] [4447/5289] 603788 宁波高发 - 保存 4 条记录
2026-05-09 19:02:49,585 [INFO] [4448/5289] 603789 *ST星农 - 无盈利预测数据
2026-05-09 19:02:49,622 [INFO] [4449/5289] 603790 雅运股份 - 保存 4 条记录
2026-05-09 19:02:49,632 [INFO] [4450/5289] 603797 联泰环保 - 无盈利预测数据
2026-05-09 19:02:50,634 [INFO] 已完成 4450/5289
2026-05-09 19:02:50,644 [INFO] [4451/5289] 603798 康普顿 - 无盈利预测数据
2026-05-09 19:02:50,684 [INFO] [4452/5289] 603799 华友钴业 - 保存 4 条记录
2026-05-09 19:02:50,721 [INFO] [4453/5289] 603800 洪田股份 - 保存 4 条记录
2026-05-09 19:02:50,760 [INFO] [4454/5289] 603801 志邦家居 - 保存 4 条记录
2026-05-09 19:02:50,771 [INFO] [4455/5289] 603803 瑞斯康达 - 无盈利预测数据
2026-05-09 19:02:50,808 [INFO] [4456/5289] 603806 福斯特 - 保存 4 条记录
2026-05-09 19:02:50,844 [INFO] [4457/5289] 603808 歌力思 - 保存 4 条记录
2026-05-09 19:02:50,887 [INFO] [4458/5289] 603809 豪能股份 - 保存 4 条记录
2026-05-09 19:02:50,898 [INFO] [4459/5289] 603810 丰山集团 - 无盈利预测数据
2026-05-09 19:02:50,909 [INFO] [4460/5289] 603811 诚意药业 - 无盈利预测数据
2026-05-09 19:02:50,921 [INFO] [4461/5289] 603813 *ST原尚 - 无盈利预测数据
2026-05-09 19:02:50,933 [INFO] [4462/5289] 603815 交建股份 - 无盈利预测数据
2026-05-09 19:02:50,973 [INFO] [4463/5289] 603816 顾家家居 - 保存 4 条记录
2026-05-09 19:02:50,985 [INFO] [4464/5289] 603817 海峡环保 - 无盈利预测数据
2026-05-09 19:02:51,028 [INFO] [4465/5289] 603818 曲美家居 - 保存 2 条记录
2026-05-09 19:02:51,041 [INFO] [4466/5289] 603819 神力股份 - 无盈利预测数据
2026-05-09 19:02:51,077 [INFO] [4467/5289] 603822 ST嘉澳 - 保存 3 条记录
2026-05-09 19:02:51,110 [INFO] [4468/5289] 603823 百合花 - 保存 4 条记录
2026-05-09 19:02:51,125 [INFO] [4469/5289] 603825 ST华扬 - 无盈利预测数据
2026-05-09 19:02:51,137 [INFO] [4470/5289] 603826 坤彩科技 - 无盈利预测数据
2026-05-09 19:02:51,147 [INFO] [4471/5289] 603828 *ST利达 - 无盈利预测数据
2026-05-09 19:02:51,162 [INFO] [4472/5289] 603829 洛凯股份 - 无盈利预测数据
2026-05-09 19:02:51,201 [INFO] [4473/5289] 603833 欧派家居 - 保存 4 条记录
2026-05-09 19:02:51,212 [INFO] [4474/5289] 603836 海程邦达 - 无盈利预测数据
2026-05-09 19:02:51,224 [INFO] [4475/5289] 603838 *ST四通 - 无盈利预测数据
2026-05-09 19:02:51,238 [INFO] [4476/5289] 603839 安正时尚 - 无盈利预测数据
2026-05-09 19:02:51,249 [INFO] [4477/5289] 603843 *ST正平 - 无盈利预测数据
2026-05-09 19:02:51,285 [INFO] [4478/5289] 603848 好太太 - 保存 4 条记录
2026-05-09 19:02:51,319 [INFO] [4479/5289] 603855 华荣股份 - 保存 4 条记录
2026-05-09 19:02:51,356 [INFO] [4480/5289] 603856 东宏股份 - 保存 4 条记录
2026-05-09 19:02:51,368 [INFO] [4481/5289] 603858 步长制药 - 无盈利预测数据
2026-05-09 19:02:51,411 [INFO] [4482/5289] 603859 能科科技 - 保存 4 条记录
2026-05-09 19:02:51,421 [INFO] [4483/5289] 603860 中公高科 - 无盈利预测数据
2026-05-09 19:02:51,431 [INFO] [4484/5289] 603861 白云电器 - 无盈利预测数据
2026-05-09 19:02:51,444 [INFO] [4485/5289] 603863 松炀资源 - 无盈利预测数据
2026-05-09 19:02:51,479 [INFO] [4486/5289] 603866 桃李面包 - 保存 4 条记录
2026-05-09 19:02:51,511 [INFO] [4487/5289] 603867 新化股份 - 保存 4 条记录
2026-05-09 19:02:51,547 [INFO] [4488/5289] 603868 飞科电器 - 保存 4 条记录
2026-05-09 19:02:51,566 [INFO] [4489/5289] 603869 ST智知 - 无盈利预测数据
2026-05-09 19:02:51,600 [INFO] [4490/5289] 603871 嘉友国际 - 保存 4 条记录
2026-05-09 19:02:51,610 [INFO] [4491/5289] 603876 鼎胜新材 - 无盈利预测数据
2026-05-09 19:02:51,646 [INFO] [4492/5289] 603877 太平鸟 - 保存 4 条记录
2026-05-09 19:02:51,683 [INFO] [4493/5289] 603878 武进不锈 - 保存 4 条记录
2026-05-09 19:02:51,695 [INFO] [4494/5289] 603879 永悦科技 - 无盈利预测数据
2026-05-09 19:02:51,706 [INFO] [4495/5289] 603880 南卫股份 - 无盈利预测数据
2026-05-09 19:02:51,741 [INFO] [4496/5289] 603881 数据港 - 保存 4 条记录
2026-05-09 19:02:51,780 [INFO] [4497/5289] 603882 金域医学 - 保存 3 条记录
2026-05-09 19:02:51,819 [INFO] [4498/5289] 603883 老百姓 - 保存 4 条记录
2026-05-09 19:02:51,854 [INFO] [4499/5289] 603885 吉祥航空 - 保存 4 条记录
2026-05-09 19:02:51,864 [INFO] [4500/5289] 603886 元祖股份 - 无盈利预测数据
2026-05-09 19:02:52,865 [INFO] 已完成 4500/5289
2026-05-09 19:02:52,876 [INFO] [4501/5289] 603887 城地香江 - 无盈利预测数据
2026-05-09 19:02:52,888 [INFO] [4502/5289] 603888 新华网 - 无盈利预测数据
2026-05-09 19:02:52,921 [INFO] [4503/5289] 603889 新澳股份 - 保存 4 条记录
2026-05-09 19:02:52,933 [INFO] [4504/5289] 603890 春秋电子 - 无盈利预测数据
2026-05-09 19:02:52,966 [INFO] [4505/5289] 603893 瑞芯微 - 保存 4 条记录
2026-05-09 19:02:52,978 [INFO] [4506/5289] 603895 天永智能 - 无盈利预测数据
2026-05-09 19:02:53,014 [INFO] [4507/5289] 603896 寿仙谷 - 保存 4 条记录
2026-05-09 19:02:53,027 [INFO] [4508/5289] 603897 长城科技 - 无盈利预测数据
2026-05-09 19:02:53,062 [INFO] [4509/5289] 603898 好莱客 - 保存 3 条记录
2026-05-09 19:02:53,098 [INFO] [4510/5289] 603899 晨光股份 - 保存 4 条记录
2026-05-09 19:02:53,139 [INFO] [4511/5289] 603900 莱绅通灵 - 保存 3 条记录
2026-05-09 19:02:53,172 [INFO] [4512/5289] 603901 永创智能 - 保存 4 条记录
2026-05-09 19:02:53,183 [INFO] [4513/5289] 603903 中持股份 - 无盈利预测数据
2026-05-09 19:02:53,196 [INFO] [4514/5289] 603906 龙蟠科技 - 无盈利预测数据
2026-05-09 19:02:53,205 [INFO] [4515/5289] 603908 牧高笛 - 无盈利预测数据
2026-05-09 19:02:53,239 [INFO] [4516/5289] 603909 建发合诚 - 保存 4 条记录
2026-05-09 19:02:53,250 [INFO] [4517/5289] 603912 佳力图 - 无盈利预测数据
2026-05-09 19:02:53,285 [INFO] [4518/5289] 603915 国茂股份 - 保存 4 条记录
2026-05-09 19:02:53,319 [INFO] [4519/5289] 603916 苏博特 - 保存 4 条记录
2026-05-09 19:02:53,330 [INFO] [4520/5289] 603917 合力科技 - 无盈利预测数据
2026-05-09 19:02:53,342 [INFO] [4521/5289] 603918 金桥信息 - 无盈利预测数据
2026-05-09 19:02:53,379 [INFO] [4522/5289] 603919 金徽酒 - 保存 4 条记录
2026-05-09 19:02:53,420 [INFO] [4523/5289] 603920 世运电路 - 保存 4 条记录
2026-05-09 19:02:53,432 [INFO] [4524/5289] 603922 ST金鸿顺 - 无盈利预测数据
2026-05-09 19:02:53,464 [INFO] [4525/5289] 603926 铁流股份 - 保存 4 条记录
2026-05-09 19:02:53,474 [INFO] [4526/5289] 603927 中科软 - 无盈利预测数据
2026-05-09 19:02:53,485 [INFO] [4527/5289] 603928 兴业股份 - 无盈利预测数据
2026-05-09 19:02:53,521 [INFO] [4528/5289] 603929 亚翔集成 - 保存 4 条记录
2026-05-09 19:02:53,531 [INFO] [4529/5289] 603931 格林达 - 无盈利预测数据
2026-05-09 19:02:53,541 [INFO] [4530/5289] 603933 睿能科技 - 无盈利预测数据
2026-05-09 19:02:53,573 [INFO] [4531/5289] 603936 博敏电子 - 保存 3 条记录
2026-05-09 19:02:53,584 [INFO] [4532/5289] 603937 丽岛新材 - 无盈利预测数据
2026-05-09 19:02:53,617 [INFO] [4533/5289] 603938 三孚股份 - 保存 4 条记录
2026-05-09 19:02:53,650 [INFO] [4534/5289] 603939 益丰药房 - 保存 4 条记录
2026-05-09 19:02:53,663 [INFO] [4535/5289] 603948 建业股份 - 无盈利预测数据
2026-05-09 19:02:53,674 [INFO] [4536/5289] 603949 雪龙集团 - 无盈利预测数据
2026-05-09 19:02:53,707 [INFO] [4537/5289] 603950 长源东谷 - 保存 4 条记录
2026-05-09 19:02:53,719 [INFO] [4538/5289] 603955 大千生态 - 无盈利预测数据
2026-05-09 19:02:53,729 [INFO] [4539/5289] 603956 威派格 - 无盈利预测数据
2026-05-09 19:02:53,740 [INFO] [4540/5289] 603958 哈森股份 - 无盈利预测数据
2026-05-09 19:02:53,750 [INFO] [4541/5289] 603959 ST百利 - 无盈利预测数据
2026-05-09 19:02:53,762 [INFO] [4542/5289] 603960 克来机电 - 无盈利预测数据
2026-05-09 19:02:53,795 [INFO] [4543/5289] 603966 法兰泰克 - 保存 4 条记录
2026-05-09 19:02:53,829 [INFO] [4544/5289] 603967 中创物流 - 保存 3 条记录
2026-05-09 19:02:53,839 [INFO] [4545/5289] 603968 醋化股份 - 无盈利预测数据
2026-05-09 19:02:53,872 [INFO] [4546/5289] 603969 银龙股份 - 保存 4 条记录
2026-05-09 19:02:53,907 [INFO] [4547/5289] 603970 中农立华 - 保存 3 条记录
2026-05-09 19:02:53,918 [INFO] [4548/5289] 603976 正川股份 - 无盈利预测数据
2026-05-09 19:02:53,951 [INFO] [4549/5289] 603977 国泰集团 - 保存 4 条记录
2026-05-09 19:02:53,961 [INFO] [4550/5289] 603978 深圳新星 - 无盈利预测数据
2026-05-09 19:02:54,962 [INFO] 已完成 4550/5289
2026-05-09 19:02:54,996 [INFO] [4551/5289] 603979 金诚信 - 保存 4 条记录
2026-05-09 19:02:55,008 [INFO] [4552/5289] 603980 吉华集团 - 无盈利预测数据
2026-05-09 19:02:55,019 [INFO] [4553/5289] 603982 泉峰汽车 - 无盈利预测数据
2026-05-09 19:02:55,062 [INFO] [4554/5289] 603983 丸美生物 - 保存 4 条记录
2026-05-09 19:02:55,073 [INFO] [4555/5289] 603985 恒润股份 - 无盈利预测数据
2026-05-09 19:02:55,118 [INFO] [4556/5289] 603986 兆易创新 - 保存 4 条记录
2026-05-09 19:02:55,129 [INFO] [4557/5289] 603987 康德莱 - 无盈利预测数据
2026-05-09 19:02:55,139 [INFO] [4558/5289] 603988 中电电机 - 无盈利预测数据
2026-05-09 19:02:55,172 [INFO] [4559/5289] 603989 艾华集团 - 保存 4 条记录
2026-05-09 19:02:55,205 [INFO] [4560/5289] 603990 麦迪科技 - 保存 4 条记录
2026-05-09 19:02:55,216 [INFO] [4561/5289] 603991 至正股份 - 无盈利预测数据
2026-05-09 19:02:55,250 [INFO] [4562/5289] 603992 松霖科技 - 保存 4 条记录
2026-05-09 19:02:55,282 [INFO] [4563/5289] 603993 洛阳钼业 - 保存 4 条记录
2026-05-09 19:02:55,313 [INFO] [4564/5289] 603995 甬金股份 - 保存 4 条记录
2026-05-09 19:02:55,355 [INFO] [4565/5289] 603997 继峰股份 - 保存 4 条记录
2026-05-09 19:02:55,396 [INFO] [4566/5289] 603998 方盛制药 - 保存 4 条记录
2026-05-09 19:02:55,446 [INFO] [4567/5289] 603999 读者传媒 - 保存 3 条记录
2026-05-09 19:02:55,459 [INFO] [4568/5289] 605001 威奥股份 - 无盈利预测数据
2026-05-09 19:02:55,470 [INFO] [4569/5289] 605003 众望布艺 - 无盈利预测数据
2026-05-09 19:02:55,483 [INFO] [4570/5289] 605005 合兴股份 - 无盈利预测数据
2026-05-09 19:02:55,522 [INFO] [4571/5289] 605006 山东玻纤 - 保存 3 条记录
2026-05-09 19:02:55,539 [INFO] [4572/5289] 605007 五洲特纸 - 无盈利预测数据
2026-05-09 19:02:55,553 [INFO] [4573/5289] 605008 长鸿高科 - 无盈利预测数据
2026-05-09 19:02:55,595 [INFO] [4574/5289] 605009 豪悦护理 - 保存 4 条记录
2026-05-09 19:02:55,605 [INFO] [4575/5289] 605011 杭州热电 - 无盈利预测数据
2026-05-09 19:02:55,652 [INFO] [4576/5289] 605016 百龙创园 - 保存 4 条记录
2026-05-09 19:02:55,689 [INFO] [4577/5289] 605018 长华集团 - 保存 3 条记录
2026-05-09 19:02:55,722 [INFO] [4578/5289] 605020 永和股份 - 保存 4 条记录
2026-05-09 19:02:55,732 [INFO] [4579/5289] 605028 世茂能源 - 无盈利预测数据
2026-05-09 19:02:55,743 [INFO] [4580/5289] 605033 美邦股份 - 无盈利预测数据
2026-05-09 19:02:55,776 [INFO] [4581/5289] 605050 福然德 - 保存 4 条记录
2026-05-09 19:02:55,786 [INFO] [4582/5289] 605055 迎丰股份 - 无盈利预测数据
2026-05-09 19:02:55,820 [INFO] [4583/5289] 605056 咸亨国际 - 保存 4 条记录
2026-05-09 19:02:55,832 [INFO] [4584/5289] 605058 澳弘电子 - 无盈利预测数据
2026-05-09 19:02:55,864 [INFO] [4585/5289] 605060 联德股份 - 保存 4 条记录
2026-05-09 19:02:55,875 [INFO] [4586/5289] 605066 天正电气 - 无盈利预测数据
2026-05-09 19:02:55,908 [INFO] [4587/5289] 605068 明新旭腾 - 保存 3 条记录
2026-05-09 19:02:55,919 [INFO] [4588/5289] 605069 正和生态 - 无盈利预测数据
2026-05-09 19:02:55,929 [INFO] [4589/5289] 605077 华康股份 - 无盈利预测数据
2026-05-09 19:02:55,962 [INFO] [4590/5289] 605080 浙江自然 - 保存 4 条记录
2026-05-09 19:02:55,973 [INFO] [4591/5289] 605081 *ST太和 - 无盈利预测数据
2026-05-09 19:02:55,984 [INFO] [4592/5289] 605086 龙高股份 - 无盈利预测数据
2026-05-09 19:02:56,015 [INFO] [4593/5289] 605088 冠盛股份 - 保存 4 条记录
2026-05-09 19:02:56,050 [INFO] [4594/5289] 605089 味知香 - 保存 4 条记录
2026-05-09 19:02:56,084 [INFO] [4595/5289] 605090 九丰能源 - 保存 4 条记录
2026-05-09 19:02:56,119 [INFO] [4596/5289] 605098 行动教育 - 保存 4 条记录
2026-05-09 19:02:56,153 [INFO] [4597/5289] 605099 共创草坪 - 保存 4 条记录
2026-05-09 19:02:56,163 [INFO] [4598/5289] 605100 华丰股份 - 无盈利预测数据
2026-05-09 19:02:56,198 [INFO] [4599/5289] 605108 同庆楼 - 保存 4 条记录
2026-05-09 19:02:56,233 [INFO] [4600/5289] 605111 新洁能 - 保存 4 条记录
2026-05-09 19:02:57,234 [INFO] 已完成 4600/5289
2026-05-09 19:02:57,285 [INFO] [4601/5289] 605116 奥锐特 - 保存 4 条记录
2026-05-09 19:02:57,320 [INFO] [4602/5289] 605117 德业股份 - 保存 4 条记录
2026-05-09 19:02:57,329 [INFO] [4603/5289] 605118 力鼎光电 - 无盈利预测数据
2026-05-09 19:02:57,340 [INFO] [4604/5289] 605122 四方新材 - 无盈利预测数据
2026-05-09 19:02:57,373 [INFO] [4605/5289] 605123 派克新材 - 保存 4 条记录
2026-05-09 19:02:57,406 [INFO] [4606/5289] 605128 上海沿浦 - 保存 4 条记录
2026-05-09 19:02:57,448 [INFO] [4607/5289] 605133 嵘泰股份 - 保存 4 条记录
2026-05-09 19:02:57,464 [INFO] [4608/5289] 605136 丽人丽妆 - 无盈利预测数据
2026-05-09 19:02:57,474 [INFO] [4609/5289] 605138 盛泰集团 - 无盈利预测数据
2026-05-09 19:02:57,485 [INFO] [4610/5289] 605151 西上海 - 无盈利预测数据
2026-05-09 19:02:57,495 [INFO] [4611/5289] 605155 西大门 - 无盈利预测数据
2026-05-09 19:02:57,508 [INFO] [4612/5289] 605158 华达新材 - 无盈利预测数据
2026-05-09 19:02:57,519 [INFO] [4613/5289] 605162 新中港 - 无盈利预测数据
2026-05-09 19:02:57,528 [INFO] [4614/5289] 605166 聚合顺 - 无盈利预测数据
2026-05-09 19:02:57,561 [INFO] [4615/5289] 605167 利柏特 - 保存 4 条记录
2026-05-09 19:02:57,598 [INFO] [4616/5289] 605168 三人行 - 保存 4 条记录
2026-05-09 19:02:57,608 [INFO] [4617/5289] 605169 洪通燃气 - 无盈利预测数据
2026-05-09 19:02:57,618 [INFO] [4618/5289] 605177 东亚药业 - 无盈利预测数据
2026-05-09 19:02:57,630 [INFO] [4619/5289] 605178 时空科技 - 无盈利预测数据
2026-05-09 19:02:57,640 [INFO] [4620/5289] 605179 一鸣食品 - 无盈利预测数据
2026-05-09 19:02:57,651 [INFO] [4621/5289] 605180 华生科技 - 无盈利预测数据
2026-05-09 19:02:57,686 [INFO] [4622/5289] 605183 确成股份 - 保存 4 条记录
2026-05-09 19:02:57,718 [INFO] [4623/5289] 605186 健麾信息 - 保存 4 条记录
2026-05-09 19:02:57,729 [INFO] [4624/5289] 605188 国光连锁 - 无盈利预测数据
2026-05-09 19:02:57,765 [INFO] [4625/5289] 605189 富春染织 - 保存 4 条记录
2026-05-09 19:02:57,800 [INFO] [4626/5289] 605196 华通线缆 - 保存 3 条记录
2026-05-09 19:02:57,839 [INFO] [4627/5289] 605198 安德利 - 保存 4 条记录
2026-05-09 19:02:57,851 [INFO] [4628/5289] 605199 ST葫芦娃 - 无盈利预测数据
2026-05-09 19:02:57,862 [INFO] [4629/5289] 605208 永茂泰 - 无盈利预测数据
2026-05-09 19:02:57,872 [INFO] [4630/5289] 605218 伟时电子 - 无盈利预测数据
2026-05-09 19:02:57,883 [INFO] [4631/5289] 605222 起帆电缆 - 无盈利预测数据
2026-05-09 19:02:57,893 [INFO] [4632/5289] 605228 神通科技 - 无盈利预测数据
2026-05-09 19:02:57,904 [INFO] [4633/5289] 605255 天普股份 - 无盈利预测数据
2026-05-09 19:02:57,915 [INFO] [4634/5289] 605258 协和电子 - 无盈利预测数据
2026-05-09 19:02:57,929 [INFO] [4635/5289] 605259 绿田机械 - 无盈利预测数据
2026-05-09 19:02:57,942 [INFO] [4636/5289] 605266 健之佳 - 无盈利预测数据
2026-05-09 19:02:57,952 [INFO] [4637/5289] 605268 王力安防 - 无盈利预测数据
2026-05-09 19:02:57,962 [INFO] [4638/5289] 605277 新亚电子 - 无盈利预测数据
2026-05-09 19:02:57,993 [INFO] [4639/5289] 605286 同力天启 - 保存 3 条记录
2026-05-09 19:02:58,005 [INFO] [4640/5289] 605287 德才股份 - 无盈利预测数据
2026-05-09 19:02:58,037 [INFO] [4641/5289] 605288 凯迪股份 - 保存 3 条记录
2026-05-09 19:02:58,078 [INFO] [4642/5289] 605289 罗曼股份 - 保存 4 条记录
2026-05-09 19:02:58,112 [INFO] [4643/5289] 605296 神农集团 - 保存 4 条记录
2026-05-09 19:02:58,126 [INFO] [4644/5289] 605298 必得科技 - 无盈利预测数据
2026-05-09 19:02:58,136 [INFO] [4645/5289] 605299 舒华体育 - 无盈利预测数据
2026-05-09 19:02:58,171 [INFO] [4646/5289] 605300 佳禾食品 - 保存 4 条记录
2026-05-09 19:02:58,180 [INFO] [4647/5289] 605303 园林股份 - 无盈利预测数据
2026-05-09 19:02:58,213 [INFO] [4648/5289] 605305 中际联合 - 保存 4 条记录
2026-05-09 19:02:58,224 [INFO] [4649/5289] 605318 法狮龙 - 无盈利预测数据
2026-05-09 19:02:58,264 [INFO] [4650/5289] 605319 无锡振华 - 保存 4 条记录
2026-05-09 19:02:59,265 [INFO] 已完成 4650/5289
2026-05-09 19:02:59,296 [INFO] [4651/5289] 605333 沪光股份 - 保存 4 条记录
2026-05-09 19:02:59,306 [INFO] [4652/5289] 605336 *ST帅电 - 无盈利预测数据
2026-05-09 19:02:59,349 [INFO] [4653/5289] 605337 李子园 - 保存 4 条记录
2026-05-09 19:02:59,398 [INFO] [4654/5289] 605338 巴比食品 - 保存 4 条记录
2026-05-09 19:02:59,442 [INFO] [4655/5289] 605339 南侨食品 - 保存 4 条记录
2026-05-09 19:02:59,486 [INFO] [4656/5289] 605358 立昂微 - 保存 3 条记录
2026-05-09 19:02:59,522 [INFO] [4657/5289] 605365 立达信 - 保存 3 条记录
2026-05-09 19:02:59,535 [INFO] [4658/5289] 605366 宏柏新材 - 无盈利预测数据
2026-05-09 19:02:59,570 [INFO] [4659/5289] 605368 蓝天燃气 - 保存 4 条记录
2026-05-09 19:02:59,609 [INFO] [4660/5289] 605369 拱东医疗 - 保存 3 条记录
2026-05-09 19:02:59,646 [INFO] [4661/5289] 605376 博迁新材 - 保存 4 条记录
2026-05-09 19:02:59,682 [INFO] [4662/5289] 605377 华旺科技 - 保存 4 条记录
2026-05-09 19:02:59,693 [INFO] [4663/5289] 605378 野马电池 - 无盈利预测数据
2026-05-09 19:02:59,705 [INFO] [4664/5289] 605388 均瑶健康 - 无盈利预测数据
2026-05-09 19:02:59,742 [INFO] [4665/5289] 605389 长龄液压 - 保存 3 条记录
2026-05-09 19:02:59,755 [INFO] [4666/5289] 605398 新炬网络 - 无盈利预测数据
2026-05-09 19:02:59,766 [INFO] [4667/5289] 605399 晨光新材 - 无盈利预测数据
2026-05-09 19:02:59,781 [INFO] [4668/5289] 605488 福莱新材 - 无盈利预测数据
2026-05-09 19:02:59,813 [INFO] [4669/5289] 605499 东鹏饮料 - 保存 4 条记录
2026-05-09 19:02:59,832 [INFO] [4670/5289] 605500 森林包装 - 无盈利预测数据
2026-05-09 19:02:59,869 [INFO] [4671/5289] 605507 国邦医药 - 保存 4 条记录
2026-05-09 19:02:59,908 [INFO] [4672/5289] 605555 德昌股份 - 保存 4 条记录
2026-05-09 19:02:59,920 [INFO] [4673/5289] 605566 福莱蒽特 - 无盈利预测数据
2026-05-09 19:02:59,932 [INFO] [4674/5289] 605567 春雪食品 - 无盈利预测数据
2026-05-09 19:02:59,945 [INFO] [4675/5289] 605577 龙版传媒 - 无盈利预测数据
2026-05-09 19:02:59,957 [INFO] [4676/5289] 605580 恒盛能源 - 无盈利预测数据
2026-05-09 19:02:59,969 [INFO] [4677/5289] 605588 冠石科技 - 无盈利预测数据
2026-05-09 19:03:00,003 [INFO] [4678/5289] 605589 圣泉集团 - 保存 4 条记录
2026-05-09 19:03:00,043 [INFO] [4679/5289] 605598 上海港湾 - 保存 4 条记录
2026-05-09 19:03:00,090 [INFO] [4680/5289] 605599 菜百股份 - 保存 4 条记录
2026-05-09 19:03:00,130 [INFO] [4681/5289] 688001 华兴源创 - 保存 3 条记录
2026-05-09 19:03:00,171 [INFO] [4682/5289] 688002 睿创微纳 - 保存 4 条记录
2026-05-09 19:03:00,210 [INFO] [4683/5289] 688003 天准科技 - 保存 4 条记录
2026-05-09 19:03:00,222 [INFO] [4684/5289] 688004 博汇科技 - 无盈利预测数据
2026-05-09 19:03:00,233 [INFO] [4685/5289] 688005 容百科技 - 无盈利预测数据
2026-05-09 19:03:00,270 [INFO] [4686/5289] 688006 杭可科技 - 保存 4 条记录
2026-05-09 19:03:00,308 [INFO] [4687/5289] 688007 光峰科技 - 保存 3 条记录
2026-05-09 19:03:00,346 [INFO] [4688/5289] 688008 澜起科技 - 保存 4 条记录
2026-05-09 19:03:00,383 [INFO] [4689/5289] 688009 中国通号 - 保存 4 条记录
2026-05-09 19:03:00,396 [INFO] [4690/5289] 688010 福光股份 - 无盈利预测数据
2026-05-09 19:03:00,407 [INFO] [4691/5289] 688011 新光光电 - 无盈利预测数据
2026-05-09 19:03:00,449 [INFO] [4692/5289] 688012 中微公司 - 保存 4 条记录
2026-05-09 19:03:00,490 [INFO] [4693/5289] 688013 天臣医疗 - 保存 3 条记录
2026-05-09 19:03:00,503 [INFO] [4694/5289] 688015 交控科技 - 无盈利预测数据
2026-05-09 19:03:00,547 [INFO] [4695/5289] 688016 心脉医疗 - 保存 4 条记录
2026-05-09 19:03:00,588 [INFO] [4696/5289] 688017 绿的谐波 - 保存 4 条记录
2026-05-09 19:03:00,625 [INFO] [4697/5289] 688018 乐鑫科技 - 保存 4 条记录
2026-05-09 19:03:00,666 [INFO] [4698/5289] 688019 安集科技 - 保存 4 条记录
2026-05-09 19:03:00,703 [INFO] [4699/5289] 688020 方邦股份 - 保存 3 条记录
2026-05-09 19:03:00,714 [INFO] [4700/5289] 688021 奥福科技 - 无盈利预测数据
2026-05-09 19:03:01,715 [INFO] 已完成 4700/5289
2026-05-09 19:03:01,727 [INFO] [4701/5289] 688022 ST瀚川 - 无盈利预测数据
2026-05-09 19:03:01,739 [INFO] [4702/5289] 688023 安恒信息 - 无盈利预测数据
2026-05-09 19:03:01,779 [INFO] [4703/5289] 688025 杰普特 - 保存 4 条记录
2026-05-09 19:03:01,791 [INFO] [4704/5289] 688026 洁特生物 - 无盈利预测数据
2026-05-09 19:03:01,835 [INFO] [4705/5289] 688027 国盾量子 - 保存 4 条记录
2026-05-09 19:03:01,875 [INFO] [4706/5289] 688028 沃尔德 - 保存 3 条记录
2026-05-09 19:03:01,915 [INFO] [4707/5289] 688029 南微医学 - 保存 4 条记录
2026-05-09 19:03:01,927 [INFO] [4708/5289] 688030 山石网科 - 无盈利预测数据
2026-05-09 19:03:01,939 [INFO] [4709/5289] 688031 星环科技 - 无盈利预测数据
2026-05-09 19:03:01,976 [INFO] [4710/5289] 688032 禾迈股份 - 保存 3 条记录
2026-05-09 19:03:01,988 [INFO] [4711/5289] 688033 *ST天宜 - 无盈利预测数据
2026-05-09 19:03:02,023 [INFO] [4712/5289] 688035 德邦科技 - 保存 4 条记录
2026-05-09 19:03:02,060 [INFO] [4713/5289] 688036 传音控股 - 保存 4 条记录
2026-05-09 19:03:02,095 [INFO] [4714/5289] 688037 芯源微 - 保存 4 条记录
2026-05-09 19:03:02,108 [INFO] [4715/5289] 688038 中科通达 - 无盈利预测数据
2026-05-09 19:03:02,119 [INFO] [4716/5289] 688039 当虹科技 - 无盈利预测数据
2026-05-09 19:03:02,156 [INFO] [4717/5289] 688041 海光信息 - 保存 4 条记录
2026-05-09 19:03:02,194 [INFO] [4718/5289] 688045 必易微 - 保存 4 条记录
2026-05-09 19:03:02,230 [INFO] [4719/5289] 688046 药康生物 - 保存 4 条记录
2026-05-09 19:03:02,268 [INFO] [4720/5289] 688047 龙芯中科 - 保存 2 条记录
2026-05-09 19:03:02,307 [INFO] [4721/5289] 688048 长光华芯 - 保存 3 条记录
2026-05-09 19:03:02,349 [INFO] [4722/5289] 688049 炬芯科技 - 保存 4 条记录
2026-05-09 19:03:02,397 [INFO] [4723/5289] 688050 爱博医疗 - 保存 4 条记录
2026-05-09 19:03:02,410 [INFO] [4724/5289] 688051 佳华科技 - 无盈利预测数据
2026-05-09 19:03:02,454 [INFO] [4725/5289] 688052 纳芯微 - 保存 3 条记录
2026-05-09 19:03:02,467 [INFO] [4726/5289] 688053 ST思科瑞 - 无盈利预测数据
2026-05-09 19:03:02,481 [INFO] [4727/5289] 688055 龙腾光电 - 无盈利预测数据
2026-05-09 19:03:02,494 [INFO] [4728/5289] 688056 莱伯泰科 - 无盈利预测数据
2026-05-09 19:03:02,503 [INFO] [4729/5289] 688057 金达莱 - 无盈利预测数据
2026-05-09 19:03:02,516 [INFO] [4730/5289] 688058 宝兰德 - 无盈利预测数据
2026-05-09 19:03:02,557 [INFO] [4731/5289] 688059 华锐精密 - 保存 4 条记录
2026-05-09 19:03:02,569 [INFO] [4732/5289] 688060 云涌科技 - 无盈利预测数据
2026-05-09 19:03:02,581 [INFO] [4733/5289] 688061 灿瑞科技 - 无盈利预测数据
2026-05-09 19:03:02,595 [INFO] [4734/5289] 688062 迈威生物 - 无盈利预测数据
2026-05-09 19:03:02,635 [INFO] [4735/5289] 688063 派能科技 - 保存 4 条记录
2026-05-09 19:03:02,676 [INFO] [4736/5289] 688065 凯赛生物 - 保存 4 条记录
2026-05-09 19:03:02,712 [INFO] [4737/5289] 688066 *ST航图 - 保存 1 条记录
2026-05-09 19:03:02,725 [INFO] [4738/5289] 688067 爱威科技 - 无盈利预测数据
2026-05-09 19:03:02,737 [INFO] [4739/5289] 688068 热景生物 - 无盈利预测数据
2026-05-09 19:03:02,750 [INFO] [4740/5289] 688069 德林海 - 无盈利预测数据
2026-05-09 19:03:02,786 [INFO] [4741/5289] 688070 纵横股份 - 保存 4 条记录
2026-05-09 19:03:02,799 [INFO] [4742/5289] 688071 华依科技 - 无盈利预测数据
2026-05-09 19:03:02,842 [INFO] [4743/5289] 688072 拓荆科技 - 保存 4 条记录
2026-05-09 19:03:02,881 [INFO] [4744/5289] 688073 毕得医药 - 保存 4 条记录
2026-05-09 19:03:02,893 [INFO] [4745/5289] 688075 安旭生物 - 无盈利预测数据
2026-05-09 19:03:02,906 [INFO] [4746/5289] 688076 ST诺泰 - 无盈利预测数据
2026-05-09 19:03:02,918 [INFO] [4747/5289] 688077 大地熊 - 无盈利预测数据
2026-05-09 19:03:02,929 [INFO] [4748/5289] 688078 龙软科技 - 无盈利预测数据
2026-05-09 19:03:02,939 [INFO] [4749/5289] 688079 美迪凯 - 无盈利预测数据
2026-05-09 19:03:02,974 [INFO] [4750/5289] 688080 映翰通 - 保存 3 条记录
2026-05-09 19:03:03,975 [INFO] 已完成 4750/5289
2026-05-09 19:03:04,007 [INFO] [4751/5289] 688081 兴图新科 - 无盈利预测数据
2026-05-09 19:03:04,050 [INFO] [4752/5289] 688082 盛美上海 - 保存 4 条记录
2026-05-09 19:03:04,088 [INFO] [4753/5289] 688083 中望软件 - 保存 4 条记录
2026-05-09 19:03:04,123 [INFO] [4754/5289] 688084 晶品特装 - 保存 3 条记录
2026-05-09 19:03:04,133 [INFO] [4755/5289] 688085 三友医疗 - 无盈利预测数据
2026-05-09 19:03:04,163 [INFO] [4756/5289] 688087 英科再生 - 保存 4 条记录
2026-05-09 19:03:04,195 [INFO] [4757/5289] 688088 虹软科技 - 保存 4 条记录
2026-05-09 19:03:04,208 [INFO] [4758/5289] 688089 嘉必优 - 无盈利预测数据
2026-05-09 19:03:04,221 [INFO] [4759/5289] 688090 瑞松科技 - 无盈利预测数据
2026-05-09 19:03:04,231 [INFO] [4760/5289] 688091 上海谊众 - 无盈利预测数据
2026-05-09 19:03:04,243 [INFO] [4761/5289] 688092 爱科科技 - 无盈利预测数据
2026-05-09 19:03:04,277 [INFO] [4762/5289] 688093 世华科技 - 保存 3 条记录
2026-05-09 19:03:04,311 [INFO] [4763/5289] 688095 福昕软件 - 保存 4 条记录
2026-05-09 19:03:04,321 [INFO] [4764/5289] 688096 京源环保 - 无盈利预测数据
2026-05-09 19:03:04,354 [INFO] [4765/5289] 688097 博众精工 - 保存 4 条记录
2026-05-09 19:03:04,364 [INFO] [4766/5289] 688098 申联生物 - 无盈利预测数据
2026-05-09 19:03:04,396 [INFO] [4767/5289] 688099 晶晨股份 - 保存 4 条记录
2026-05-09 19:03:04,428 [INFO] [4768/5289] 688100 威胜信息 - 保存 4 条记录
2026-05-09 19:03:04,441 [INFO] [4769/5289] 688101 三达膜 - 无盈利预测数据
2026-05-09 19:03:04,479 [INFO] [4770/5289] 688102 斯瑞新材 - 保存 4 条记录
2026-05-09 19:03:04,512 [INFO] [4771/5289] 688103 国力电子 - 保存 3 条记录
2026-05-09 19:03:04,548 [INFO] [4772/5289] 688105 诺唯赞 - 保存 3 条记录
2026-05-09 19:03:04,581 [INFO] [4773/5289] 688106 金宏气体 - 保存 4 条记录
2026-05-09 19:03:04,594 [INFO] [4774/5289] 688107 安路科技 - 无盈利预测数据
2026-05-09 19:03:04,629 [INFO] [4775/5289] 688108 赛诺医疗 - 保存 4 条记录
2026-05-09 19:03:04,639 [INFO] [4776/5289] 688109 品茗科技 - 无盈利预测数据
2026-05-09 19:03:04,670 [INFO] [4777/5289] 688110 东芯股份 - 保存 3 条记录
2026-05-09 19:03:04,703 [INFO] [4778/5289] 688111 金山办公 - 保存 4 条记录
2026-05-09 19:03:04,736 [INFO] [4779/5289] 688112 鼎阳科技 - 保存 4 条记录
2026-05-09 19:03:04,746 [INFO] [4780/5289] 688113 联测科技 - 无盈利预测数据
2026-05-09 19:03:04,778 [INFO] [4781/5289] 688114 华大智造 - 保存 3 条记录
2026-05-09 19:03:04,788 [INFO] [4782/5289] 688115 思林杰 - 无盈利预测数据
2026-05-09 19:03:04,822 [INFO] [4783/5289] 688116 天奈科技 - 保存 4 条记录
2026-05-09 19:03:04,855 [INFO] [4784/5289] 688117 圣诺生物 - 保存 3 条记录
2026-05-09 19:03:04,865 [INFO] [4785/5289] 688118 普元信息 - 无盈利预测数据
2026-05-09 19:03:04,874 [INFO] [4786/5289] 688119 中钢洛耐 - 无盈利预测数据
2026-05-09 19:03:04,906 [INFO] [4787/5289] 688120 华海清科 - 保存 4 条记录
2026-05-09 19:03:04,916 [INFO] [4788/5289] 688121 卓然股份 - 无盈利预测数据
2026-05-09 19:03:04,949 [INFO] [4789/5289] 688122 西部超导 - 保存 4 条记录
2026-05-09 19:03:04,982 [INFO] [4790/5289] 688123 聚辰股份 - 保存 4 条记录
2026-05-09 19:03:04,993 [INFO] [4791/5289] 688125 安达智能 - 无盈利预测数据
2026-05-09 19:03:05,025 [INFO] [4792/5289] 688126 沪硅产业 - 保存 2 条记录
2026-05-09 19:03:05,059 [INFO] [4793/5289] 688127 蓝特光学 - 保存 4 条记录
2026-05-09 19:03:05,071 [INFO] [4794/5289] 688128 中国电研 - 无盈利预测数据
2026-05-09 19:03:05,103 [INFO] [4795/5289] 688129 东来技术 - 保存 4 条记录
2026-05-09 19:03:05,114 [INFO] [4796/5289] 688130 晶华微 - 无盈利预测数据
2026-05-09 19:03:05,149 [INFO] [4797/5289] 688131 皓元医药 - 保存 4 条记录
2026-05-09 19:03:05,161 [INFO] [4798/5289] 688132 邦彦技术 - 无盈利预测数据
2026-05-09 19:03:05,193 [INFO] [4799/5289] 688133 泰坦科技 - 保存 2 条记录
2026-05-09 19:03:05,230 [INFO] [4800/5289] 688135 利扬芯片 - 保存 2 条记录
2026-05-09 19:03:06,231 [INFO] 已完成 4800/5289
2026-05-09 19:03:06,264 [INFO] [4801/5289] 688136 科兴制药 - 保存 4 条记录
2026-05-09 19:03:06,273 [INFO] [4802/5289] 688137 近岸蛋白 - 无盈利预测数据
2026-05-09 19:03:06,306 [INFO] [4803/5289] 688138 清溢光电 - 保存 3 条记录
2026-05-09 19:03:06,344 [INFO] [4804/5289] 688139 海尔生物 - 保存 4 条记录
2026-05-09 19:03:06,376 [INFO] [4805/5289] 688141 杰华特 - 保存 2 条记录
2026-05-09 19:03:06,388 [INFO] [4806/5289] 688143 长盈通 - 无盈利预测数据
2026-05-09 19:03:06,420 [INFO] [4807/5289] 688146 中船特气 - 保存 4 条记录
2026-05-09 19:03:06,454 [INFO] [4808/5289] 688147 微导纳米 - 保存 4 条记录
2026-05-09 19:03:06,467 [INFO] [4809/5289] 688148 芳源股份 - 无盈利预测数据
2026-05-09 19:03:06,503 [INFO] [4810/5289] 688150 莱特光电 - 保存 4 条记录
2026-05-09 19:03:06,514 [INFO] [4811/5289] 688151 华强科技 - 无盈利预测数据
2026-05-09 19:03:06,526 [INFO] [4812/5289] 688152 麒麟信安 - 无盈利预测数据
2026-05-09 19:03:06,562 [INFO] [4813/5289] 688153 唯捷创芯 - 保存 4 条记录
2026-05-09 19:03:06,595 [INFO] [4814/5289] 688155 先惠技术 - 保存 3 条记录
2026-05-09 19:03:06,632 [INFO] [4815/5289] 688156 路德科技 - 保存 3 条记录
2026-05-09 19:03:06,664 [INFO] [4816/5289] 688157 松井股份 - 保存 4 条记录
2026-05-09 19:03:06,700 [INFO] [4817/5289] 688158 优刻得 - 保存 3 条记录
2026-05-09 19:03:06,711 [INFO] [4818/5289] 688159 有方科技 - 无盈利预测数据
2026-05-09 19:03:06,746 [INFO] [4819/5289] 688160 步科股份 - 保存 4 条记录
2026-05-09 19:03:06,780 [INFO] [4820/5289] 688161 威高骨科 - 保存 4 条记录
2026-05-09 19:03:06,816 [INFO] [4821/5289] 688162 巨一科技 - 保存 4 条记录
2026-05-09 19:03:06,828 [INFO] [4822/5289] 688163 赛伦生物 - 无盈利预测数据
2026-05-09 19:03:06,838 [INFO] [4823/5289] 688165 埃夫特 - 无盈利预测数据
2026-05-09 19:03:06,849 [INFO] [4824/5289] 688166 博瑞医药 - 无盈利预测数据
2026-05-09 19:03:06,859 [INFO] [4825/5289] 688167 炬光科技 - 无盈利预测数据
2026-05-09 19:03:06,869 [INFO] [4826/5289] 688168 安博通 - 无盈利预测数据
2026-05-09 19:03:06,904 [INFO] [4827/5289] 688169 石头科技 - 保存 4 条记录
2026-05-09 19:03:06,946 [INFO] [4828/5289] 688170 德龙激光 - 保存 3 条记录
2026-05-09 19:03:06,955 [INFO] [4829/5289] 688171 纬德信息 - 无盈利预测数据
2026-05-09 19:03:06,966 [INFO] [4830/5289] 688172 燕东微 - 无盈利预测数据
2026-05-09 19:03:06,976 [INFO] [4831/5289] 688173 希荻微 - 无盈利预测数据
2026-05-09 19:03:06,986 [INFO] [4832/5289] 688175 高凌信息 - 无盈利预测数据
2026-05-09 19:03:06,997 [INFO] [4833/5289] 688176 亚虹医药 - 无盈利预测数据
2026-05-09 19:03:07,008 [INFO] [4834/5289] 688177 百奥泰 - 无盈利预测数据
2026-05-09 19:03:07,017 [INFO] [4835/5289] 688178 万德斯 - 无盈利预测数据
2026-05-09 19:03:07,059 [INFO] [4836/5289] 688179 阿拉丁 - 保存 4 条记录
2026-05-09 19:03:07,099 [INFO] [4837/5289] 688180 君实生物 - 保存 2 条记录
2026-05-09 19:03:07,131 [INFO] [4838/5289] 688181 八亿时空 - 保存 4 条记录
2026-05-09 19:03:07,165 [INFO] [4839/5289] 688182 灿勤科技 - 保存 2 条记录
2026-05-09 19:03:07,200 [INFO] [4840/5289] 688183 生益电子 - 保存 4 条记录
2026-05-09 19:03:07,211 [INFO] [4841/5289] 688184 ST帕瓦 - 无盈利预测数据
2026-05-09 19:03:07,243 [INFO] [4842/5289] 688185 康希诺 - 保存 4 条记录
2026-05-09 19:03:07,278 [INFO] [4843/5289] 688186 广大特材 - 保存 4 条记录
2026-05-09 19:03:07,312 [INFO] [4844/5289] 688187 时代电气 - 保存 4 条记录
2026-05-09 19:03:07,343 [INFO] [4845/5289] 688188 柏楚电子 - 保存 4 条记录
2026-05-09 19:03:07,354 [INFO] [4846/5289] 688189 南新制药 - 无盈利预测数据
2026-05-09 19:03:07,365 [INFO] [4847/5289] 688190 云路股份 - 无盈利预测数据
2026-05-09 19:03:07,400 [INFO] [4848/5289] 688191 智洋创新 - 保存 3 条记录
2026-05-09 19:03:07,433 [INFO] [4849/5289] 688192 迪哲医药 - 保存 2 条记录
2026-05-09 19:03:07,445 [INFO] [4850/5289] 688193 仁度生物 - 无盈利预测数据
2026-05-09 19:03:08,446 [INFO] 已完成 4850/5289
2026-05-09 19:03:08,457 [INFO] [4851/5289] 688195 腾景科技 - 无盈利预测数据
2026-05-09 19:03:08,489 [INFO] [4852/5289] 688196 卓越新能 - 保存 4 条记录
2026-05-09 19:03:08,500 [INFO] [4853/5289] 688197 首药控股 - 无盈利预测数据
2026-05-09 19:03:08,532 [INFO] [4854/5289] 688198 佰仁医疗 - 保存 4 条记录
2026-05-09 19:03:08,565 [INFO] [4855/5289] 688199 久日新材 - 保存 3 条记录
2026-05-09 19:03:08,598 [INFO] [4856/5289] 688200 华峰测控 - 保存 4 条记录
2026-05-09 19:03:08,609 [INFO] [4857/5289] 688201 ST信安 - 无盈利预测数据
2026-05-09 19:03:08,620 [INFO] [4858/5289] 688202 美迪西 - 无盈利预测数据
2026-05-09 19:03:08,659 [INFO] [4859/5289] 688203 海正生材 - 保存 3 条记录
2026-05-09 19:03:08,669 [INFO] [4860/5289] 688205 德科立 - 无盈利预测数据
2026-05-09 19:03:08,701 [INFO] [4861/5289] 688206 概伦电子 - 保存 4 条记录
2026-05-09 19:03:08,719 [INFO] [4862/5289] 688207 格灵深瞳 - 无盈利预测数据
2026-05-09 19:03:08,788 [INFO] [4863/5289] 688208 道通科技 - 保存 4 条记录
2026-05-09 19:03:08,798 [INFO] [4864/5289] 688209 英集芯 - 无盈利预测数据
2026-05-09 19:03:08,809 [INFO] [4865/5289] 688210 统联精密 - 无盈利预测数据
2026-05-09 19:03:08,819 [INFO] [4866/5289] 688211 中科微至 - 无盈利预测数据
2026-05-09 19:03:08,852 [INFO] [4867/5289] 688212 澳华内镜 - 保存 4 条记录
2026-05-09 19:03:08,884 [INFO] [4868/5289] 688213 思特威 - 保存 4 条记录
2026-05-09 19:03:08,917 [INFO] [4869/5289] 688215 瑞晟智能 - 保存 3 条记录
2026-05-09 19:03:08,928 [INFO] [4870/5289] 688216 气派科技 - 无盈利预测数据
2026-05-09 19:03:08,938 [INFO] [4871/5289] 688217 睿昂基因 - 无盈利预测数据
2026-05-09 19:03:08,948 [INFO] [4872/5289] 688218 江苏北人 - 无盈利预测数据
2026-05-09 19:03:08,961 [INFO] [4873/5289] 688219 会通股份 - 无盈利预测数据
2026-05-09 19:03:08,994 [INFO] [4874/5289] 688220 翱捷科技 - 保存 3 条记录
2026-05-09 19:03:09,004 [INFO] [4875/5289] 688221 前沿生物 - 无盈利预测数据
2026-05-09 19:03:09,035 [INFO] [4876/5289] 688222 成都先导 - 保存 4 条记录
2026-05-09 19:03:09,070 [INFO] [4877/5289] 688223 晶科能源 - 保存 3 条记录
2026-05-09 19:03:09,100 [INFO] [4878/5289] 688225 亚信安全 - 保存 2 条记录
2026-05-09 19:03:09,133 [INFO] [4879/5289] 688226 威腾电气 - 保存 4 条记录
2026-05-09 19:03:09,142 [INFO] [4880/5289] 688227 品高股份 - 无盈利预测数据
2026-05-09 19:03:09,154 [INFO] [4881/5289] 688228 开普云 - 无盈利预测数据
2026-05-09 19:03:09,164 [INFO] [4882/5289] 688229 博睿数据 - 无盈利预测数据
2026-05-09 19:03:09,174 [INFO] [4883/5289] 688230 芯导科技 - 无盈利预测数据
2026-05-09 19:03:09,183 [INFO] [4884/5289] 688231 隆达股份 - 无盈利预测数据
2026-05-09 19:03:09,218 [INFO] [4885/5289] 688232 新点软件 - 保存 4 条记录
2026-05-09 19:03:09,252 [INFO] [4886/5289] 688233 神工股份 - 保存 4 条记录
2026-05-09 19:03:09,265 [INFO] [4887/5289] 688234 天岳先进 - 无盈利预测数据
2026-05-09 19:03:09,300 [INFO] [4888/5289] 688235 百济神州 - 保存 4 条记录
2026-05-09 19:03:09,310 [INFO] [4889/5289] 688236 春立医疗 - 无盈利预测数据
2026-05-09 19:03:09,322 [INFO] [4890/5289] 688237 超卓航科 - 无盈利预测数据
2026-05-09 19:03:09,332 [INFO] [4891/5289] 688238 和元生物 - 无盈利预测数据
2026-05-09 19:03:09,342 [INFO] [4892/5289] 688239 航宇科技 - 无盈利预测数据
2026-05-09 19:03:09,353 [INFO] [4893/5289] 688244 永信至诚 - 无盈利预测数据
2026-05-09 19:03:09,384 [INFO] [4894/5289] 688246 嘉和美康 - 保存 2 条记录
2026-05-09 19:03:09,395 [INFO] [4895/5289] 688247 宣泰医药 - 无盈利预测数据
2026-05-09 19:03:09,429 [INFO] [4896/5289] 688248 南网科技 - 保存 4 条记录
2026-05-09 19:03:09,465 [INFO] [4897/5289] 688249 晶合集成 - 保存 4 条记录
2026-05-09 19:03:09,476 [INFO] [4898/5289] 688251 井松智能 - 无盈利预测数据
2026-05-09 19:03:09,511 [INFO] [4899/5289] 688252 天德钰 - 保存 4 条记录
2026-05-09 19:03:09,548 [INFO] [4900/5289] 688253 英诺特 - 保存 4 条记录
2026-05-09 19:03:10,549 [INFO] 已完成 4900/5289
2026-05-09 19:03:10,560 [INFO] [4901/5289] 688255 凯尔达 - 无盈利预测数据
2026-05-09 19:03:10,593 [INFO] [4902/5289] 688256 DR寒武纪 - 保存 4 条记录
2026-05-09 19:03:10,625 [INFO] [4903/5289] 688257 新锐股份 - 保存 4 条记录
2026-05-09 19:03:10,658 [INFO] [4904/5289] 688258 卓易信息 - 保存 4 条记录
2026-05-09 19:03:10,676 [INFO] [4905/5289] 688259 创耀科技 - 无盈利预测数据
2026-05-09 19:03:10,687 [INFO] [4906/5289] 688260 昀冢科技 - 无盈利预测数据
2026-05-09 19:03:10,723 [INFO] [4907/5289] 688261 东微半导 - 保存 4 条记录
2026-05-09 19:03:10,734 [INFO] [4908/5289] 688262 国芯科技 - 无盈利预测数据
2026-05-09 19:03:10,749 [INFO] [4909/5289] 688265 南模生物 - 无盈利预测数据
2026-05-09 19:03:10,784 [INFO] [4910/5289] 688266 泽璟制药 - 保存 3 条记录
2026-05-09 19:03:10,793 [INFO] [4911/5289] 688267 中触媒 - 无盈利预测数据
2026-05-09 19:03:10,823 [INFO] [4912/5289] 688268 华特气体 - 保存 4 条记录
2026-05-09 19:03:10,855 [INFO] [4913/5289] 688269 凯立新材 - 保存 4 条记录
2026-05-09 19:03:10,865 [INFO] [4914/5289] 688270 ST臻镭 - 无盈利预测数据
2026-05-09 19:03:10,899 [INFO] [4915/5289] 688271 联影医疗 - 保存 4 条记录
2026-05-09 19:03:10,909 [INFO] [4916/5289] 688272 富吉瑞 - 无盈利预测数据
2026-05-09 19:03:10,939 [INFO] [4917/5289] 688273 麦澜德 - 保存 4 条记录
2026-05-09 19:03:10,972 [INFO] [4918/5289] 688275 万润新能 - 保存 2 条记录
2026-05-09 19:03:11,008 [INFO] [4919/5289] 688276 百克生物 - 保存 2 条记录
2026-05-09 19:03:11,040 [INFO] [4920/5289] 688277 天智航 - 保存 1 条记录
2026-05-09 19:03:11,080 [INFO] [4921/5289] 688278 特宝生物 - 保存 4 条记录
2026-05-09 19:03:11,115 [INFO] [4922/5289] 688279 峰岹科技 - 保存 4 条记录
2026-05-09 19:03:11,124 [INFO] [4923/5289] 688280 精进电动 - 无盈利预测数据
2026-05-09 19:03:11,158 [INFO] [4924/5289] 688281 华秦科技 - 保存 4 条记录
2026-05-09 19:03:11,168 [INFO] [4925/5289] 688282 理工导航 - 无盈利预测数据
2026-05-09 19:03:11,179 [INFO] [4926/5289] 688283 坤恒顺维 - 无盈利预测数据
2026-05-09 19:03:11,189 [INFO] [4927/5289] 688285 高铁电气 - 无盈利预测数据
2026-05-09 19:03:11,199 [INFO] [4928/5289] 688286 敏芯股份 - 无盈利预测数据
2026-05-09 19:03:11,209 [INFO] [4929/5289] 688287 *ST观典 - 无盈利预测数据
2026-05-09 19:03:11,241 [INFO] [4930/5289] 688288 鸿泉技术 - 保存 3 条记录
2026-05-09 19:03:11,278 [INFO] [4931/5289] 688289 圣湘生物 - 保存 4 条记录
2026-05-09 19:03:11,288 [INFO] [4932/5289] 688290 景业智能 - 无盈利预测数据
2026-05-09 19:03:11,320 [INFO] [4933/5289] 688291 金橙子 - 保存 4 条记录
2026-05-09 19:03:11,352 [INFO] [4934/5289] 688292 浩瀚深度 - 保存 2 条记录
2026-05-09 19:03:11,388 [INFO] [4935/5289] 688293 奥浦迈 - 保存 4 条记录
2026-05-09 19:03:11,421 [INFO] [4936/5289] 688295 中复神鹰 - 保存 4 条记录
2026-05-09 19:03:11,432 [INFO] [4937/5289] 688296 和达科技 - 无盈利预测数据
2026-05-09 19:03:11,465 [INFO] [4938/5289] 688297 中无人机 - 保存 4 条记录
2026-05-09 19:03:11,475 [INFO] [4939/5289] 688298 东方生物 - 无盈利预测数据
2026-05-09 19:03:11,486 [INFO] [4940/5289] 688299 长阳科技 - 无盈利预测数据
2026-05-09 19:03:11,520 [INFO] [4941/5289] 688300 联瑞新材 - 保存 4 条记录
2026-05-09 19:03:11,553 [INFO] [4942/5289] 688301 奕瑞科技 - 保存 4 条记录
2026-05-09 19:03:11,565 [INFO] [4943/5289] 688302 海创药业 - 无盈利预测数据
2026-05-09 19:03:11,601 [INFO] [4944/5289] 688303 大全能源 - 保存 3 条记录
2026-05-09 19:03:11,639 [INFO] [4945/5289] 688305 科德数控 - 保存 4 条记录
2026-05-09 19:03:11,676 [INFO] [4946/5289] 688306 均普智能 - 保存 4 条记录
2026-05-09 19:03:11,709 [INFO] [4947/5289] 688307 中润光学 - 保存 4 条记录
2026-05-09 19:03:11,749 [INFO] [4948/5289] 688308 欧科亿 - 保存 4 条记录
2026-05-09 19:03:11,781 [INFO] [4949/5289] 688309 恒誉环保 - 保存 4 条记录
2026-05-09 19:03:11,791 [INFO] [4950/5289] 688310 迈得医疗 - 无盈利预测数据
2026-05-09 19:03:12,792 [INFO] 已完成 4950/5289
2026-05-09 19:03:12,824 [INFO] [4951/5289] 688311 盟升电子 - 保存 3 条记录
2026-05-09 19:03:12,866 [INFO] [4952/5289] 688312 燕麦科技 - 保存 4 条记录
2026-05-09 19:03:12,899 [INFO] [4953/5289] 688313 仕佳光子 - 保存 4 条记录
2026-05-09 19:03:12,909 [INFO] [4954/5289] 688314 康拓医疗 - 无盈利预测数据
2026-05-09 19:03:12,943 [INFO] [4955/5289] 688315 诺禾致源 - 保存 4 条记录
2026-05-09 19:03:12,953 [INFO] [4956/5289] 688316 青云科技 - 无盈利预测数据
2026-05-09 19:03:12,963 [INFO] [4957/5289] 688317 之江生物 - 无盈利预测数据
2026-05-09 19:03:12,993 [INFO] [4958/5289] 688318 财富趋势 - 保存 4 条记录
2026-05-09 19:03:13,027 [INFO] [4959/5289] 688319 欧林生物 - 保存 4 条记录
2026-05-09 19:03:13,038 [INFO] [4960/5289] 688320 禾川科技 - 无盈利预测数据
2026-05-09 19:03:13,080 [INFO] [4961/5289] 688321 微芯生物 - 保存 4 条记录
2026-05-09 19:03:13,113 [INFO] [4962/5289] 688322 奥比中光 - 保存 4 条记录
2026-05-09 19:03:13,123 [INFO] [4963/5289] 688323 瑞华泰 - 无盈利预测数据
2026-05-09 19:03:13,132 [INFO] [4964/5289] 688325 赛微微电 - 无盈利预测数据
2026-05-09 19:03:13,168 [INFO] [4965/5289] 688326 经纬恒润 - 保存 4 条记录
2026-05-09 19:03:13,180 [INFO] [4966/5289] 688327 云从科技 - 无盈利预测数据
2026-05-09 19:03:13,189 [INFO] [4967/5289] 688328 深科达 - 无盈利预测数据
2026-05-09 19:03:13,199 [INFO] [4968/5289] 688329 艾隆科技 - 无盈利预测数据
2026-05-09 19:03:13,210 [INFO] [4969/5289] 688330 宏力达 - 无盈利预测数据
2026-05-09 19:03:13,243 [INFO] [4970/5289] 688331 荣昌生物 - 保存 4 条记录
2026-05-09 19:03:13,280 [INFO] [4971/5289] 688332 中科蓝讯 - 保存 4 条记录
2026-05-09 19:03:13,291 [INFO] [4972/5289] 688333 铂力特 - 无盈利预测数据
2026-05-09 19:03:13,323 [INFO] [4973/5289] 688334 西高院 - 保存 4 条记录
2026-05-09 19:03:13,340 [INFO] [4974/5289] 688335 复洁科技 - 无盈利预测数据
2026-05-09 19:03:13,372 [INFO] [4975/5289] 688336 三生国健 - 保存 4 条记录
2026-05-09 19:03:13,409 [INFO] [4976/5289] 688337 普源精电 - 保存 4 条记录
2026-05-09 19:03:13,443 [INFO] [4977/5289] 688338 赛科希德 - 保存 4 条记录
2026-05-09 19:03:13,456 [INFO] [4978/5289] 688339 亿华通 - 无盈利预测数据
2026-05-09 19:03:13,465 [INFO] [4979/5289] 688343 云天励飞 - 无盈利预测数据
2026-05-09 19:03:13,499 [INFO] [4980/5289] 688345 博力威 - 保存 3 条记录
2026-05-09 19:03:13,540 [INFO] [4981/5289] 688347 华虹公司 - 保存 3 条记录
2026-05-09 19:03:13,577 [INFO] [4982/5289] 688348 昱能科技 - 保存 3 条记录
2026-05-09 19:03:13,611 [INFO] [4983/5289] 688349 三一重能 - 保存 4 条记录
2026-05-09 19:03:13,622 [INFO] [4984/5289] 688350 富淼科技 - 无盈利预测数据
2026-05-09 19:03:13,661 [INFO] [4985/5289] 688351 微电生理 - 保存 4 条记录
2026-05-09 19:03:13,675 [INFO] [4986/5289] 688352 颀中科技 - 无盈利预测数据
2026-05-09 19:03:13,686 [INFO] [4987/5289] 688353 华盛锂电 - 无盈利预测数据
2026-05-09 19:03:13,696 [INFO] [4988/5289] 688355 明志科技 - 无盈利预测数据
2026-05-09 19:03:13,731 [INFO] [4989/5289] 688356 键凯科技 - 保存 4 条记录
2026-05-09 19:03:13,765 [INFO] [4990/5289] 688357 建龙微纳 - 保存 4 条记录
2026-05-09 19:03:13,797 [INFO] [4991/5289] 688358 祥生医疗 - 保存 4 条记录
2026-05-09 19:03:13,807 [INFO] [4992/5289] 688359 三孚新科 - 无盈利预测数据
2026-05-09 19:03:13,842 [INFO] [4993/5289] 688360 德马科技 - 保存 3 条记录
2026-05-09 19:03:13,877 [INFO] [4994/5289] 688361 中科飞测 - 保存 4 条记录
2026-05-09 19:03:13,911 [INFO] [4995/5289] 688362 甬矽电子 - 保存 4 条记录
2026-05-09 19:03:13,945 [INFO] [4996/5289] 688363 华熙生物 - 保存 4 条记录
2026-05-09 19:03:13,979 [INFO] [4997/5289] 688365 光云科技 - 保存 3 条记录
2026-05-09 19:03:14,013 [INFO] [4998/5289] 688366 昊海生科 - 保存 4 条记录
2026-05-09 19:03:14,025 [INFO] [4999/5289] 688367 工大高科 - 无盈利预测数据
2026-05-09 19:03:14,070 [INFO] [5000/5289] 688368 晶丰明源 - 保存 4 条记录
2026-05-09 19:03:15,071 [INFO] 已完成 5000/5289
2026-05-09 19:03:15,083 [INFO] [5001/5289] 688369 致远互联 - 无盈利预测数据
2026-05-09 19:03:15,105 [INFO] [5002/5289] 688370 丛麟科技 - 无盈利预测数据
2026-05-09 19:03:15,114 [INFO] [5003/5289] 688371 菲沃泰 - 无盈利预测数据
2026-05-09 19:03:15,152 [INFO] [5004/5289] 688372 伟测科技 - 保存 4 条记录
2026-05-09 19:03:15,162 [INFO] [5005/5289] 688373 盟科药业 - 无盈利预测数据
2026-05-09 19:03:15,195 [INFO] [5006/5289] 688375 国博电子 - 保存 4 条记录
2026-05-09 19:03:15,227 [INFO] [5007/5289] 688376 美埃科技 - 保存 4 条记录
2026-05-09 19:03:15,261 [INFO] [5008/5289] 688377 迪威尔 - 保存 4 条记录
2026-05-09 19:03:15,298 [INFO] [5009/5289] 688378 奥来德 - 保存 4 条记录
2026-05-09 19:03:15,335 [INFO] [5010/5289] 688379 华光新材 - 保存 4 条记录
2026-05-09 19:03:15,372 [INFO] [5011/5289] 688380 中微半导 - 保存 3 条记录
2026-05-09 19:03:15,406 [INFO] [5012/5289] 688381 帝奥微 - 保存 3 条记录
2026-05-09 19:03:15,416 [INFO] [5013/5289] 688382 益方生物 - 无盈利预测数据
2026-05-09 19:03:15,452 [INFO] [5014/5289] 688383 新益昌 - 保存 3 条记录
2026-05-09 19:03:15,486 [INFO] [5015/5289] 688385 复旦微电 - 保存 4 条记录
2026-05-09 19:03:15,526 [INFO] [5016/5289] 688386 泛亚微透 - 保存 4 条记录
2026-05-09 19:03:15,560 [INFO] [5017/5289] 688387 信科移动 - 保存 3 条记录
2026-05-09 19:03:15,595 [INFO] [5018/5289] 688388 嘉元科技 - 保存 4 条记录
2026-05-09 19:03:15,631 [INFO] [5019/5289] 688389 普门科技 - 保存 4 条记录
2026-05-09 19:03:15,684 [INFO] [5020/5289] 688390 固德威 - 保存 4 条记录
2026-05-09 19:03:15,702 [INFO] [5021/5289] 688391 钜泉科技 - 无盈利预测数据
2026-05-09 19:03:15,748 [INFO] [5022/5289] 688392 骄成超声 - 保存 4 条记录
2026-05-09 19:03:15,764 [INFO] [5023/5289] 688393 安必平 - 无盈利预测数据
2026-05-09 19:03:15,784 [INFO] [5024/5289] 688395 正弦电气 - 无盈利预测数据
2026-05-09 19:03:15,831 [INFO] [5025/5289] 688396 华润微 - 保存 4 条记录
2026-05-09 19:03:15,869 [INFO] [5026/5289] 688398 赛特新材 - 保存 4 条记录
2026-05-09 19:03:15,880 [INFO] [5027/5289] 688399 硕世生物 - 无盈利预测数据
2026-05-09 19:03:15,892 [INFO] [5028/5289] 688400 凌云光 - 无盈利预测数据
2026-05-09 19:03:15,951 [INFO] [5029/5289] 688401 路维光电 - 保存 4 条记录
2026-05-09 19:03:15,994 [INFO] [5030/5289] 688403 汇成股份 - 保存 4 条记录
2026-05-09 19:03:16,029 [INFO] [5031/5289] 688408 中信博 - 保存 3 条记录
2026-05-09 19:03:16,078 [INFO] [5032/5289] 688409 富创精密 - 保存 3 条记录
2026-05-09 19:03:16,123 [INFO] [5033/5289] 688410 山外山 - 保存 4 条记录
2026-05-09 19:03:16,171 [INFO] [5034/5289] 688411 海博思创 - 保存 4 条记录
2026-05-09 19:03:16,186 [INFO] [5035/5289] 688416 恒烁股份 - 无盈利预测数据
2026-05-09 19:03:16,228 [INFO] [5036/5289] 688418 震有科技 - 保存 2 条记录
2026-05-09 19:03:16,242 [INFO] [5037/5289] 688419 耐科装备 - 无盈利预测数据
2026-05-09 19:03:16,298 [INFO] [5038/5289] 688420 美腾科技 - 保存 3 条记录
2026-05-09 19:03:16,342 [INFO] [5039/5289] 688425 铁建重工 - 保存 4 条记录
2026-05-09 19:03:16,355 [INFO] [5040/5289] 688426 康为世纪 - 无盈利预测数据
2026-05-09 19:03:16,413 [INFO] [5041/5289] 688428 诺诚健华 - 保存 4 条记录
2026-05-09 19:03:16,429 [INFO] [5042/5289] 688429 时创能源 - 无盈利预测数据
2026-05-09 19:03:16,442 [INFO] [5043/5289] 688432 有研硅 - 无盈利预测数据
2026-05-09 19:03:16,483 [INFO] [5044/5289] 688433 华曙高科 - 保存 4 条记录
2026-05-09 19:03:16,497 [INFO] [5045/5289] 688435 英方软件 - 无盈利预测数据
2026-05-09 19:03:16,524 [INFO] [5046/5289] 688439 振华风光 - 无盈利预测数据
2026-05-09 19:03:16,572 [INFO] [5047/5289] 688443 智翔金泰 - 保存 1 条记录
2026-05-09 19:03:16,592 [INFO] [5048/5289] 688448 磁谷科技 - 无盈利预测数据
2026-05-09 19:03:16,634 [INFO] [5049/5289] 688449 联芸科技 - 保存 4 条记录
2026-05-09 19:03:16,650 [INFO] [5050/5289] 688450 光格科技 - 无盈利预测数据
2026-05-09 19:03:17,651 [INFO] 已完成 5050/5289
2026-05-09 19:03:17,693 [INFO] [5051/5289] 688455 科捷智能 - 保存 3 条记录
2026-05-09 19:03:17,705 [INFO] [5052/5289] 688456 有研粉材 - 已有数据，跳过
2026-05-09 19:03:17,752 [INFO] [5053/5289] 688458 美芯晟 - 保存 2 条记录
2026-05-09 19:03:17,766 [INFO] [5054/5289] 688459 哈铁科技 - 无盈利预测数据
2026-05-09 19:03:17,803 [INFO] [5055/5289] 688466 金科环境 - 保存 4 条记录
2026-05-09 19:03:17,815 [INFO] [5056/5289] 688468 科美诊断 - 无盈利预测数据
2026-05-09 19:03:17,860 [INFO] [5057/5289] 688469 芯联集成 - 保存 2 条记录
2026-05-09 19:03:17,908 [INFO] [5058/5289] 688472 阿特斯 - 保存 4 条记录
2026-05-09 19:03:17,950 [INFO] [5059/5289] 688475 萤石网络 - 保存 4 条记录
2026-05-09 19:03:17,961 [INFO] [5060/5289] 688478 晶升股份 - 无盈利预测数据
2026-05-09 19:03:17,973 [INFO] [5061/5289] 688479 友车科技 - 无盈利预测数据
2026-05-09 19:03:18,019 [INFO] [5062/5289] 688480 赛恩斯 - 保存 4 条记录
2026-05-09 19:03:18,031 [INFO] [5063/5289] 688484 南芯科技 - 无盈利预测数据
2026-05-09 19:03:18,045 [INFO] [5064/5289] 688485 九州一轨 - 无盈利预测数据
2026-05-09 19:03:18,085 [INFO] [5065/5289] 688486 龙迅股份 - 保存 4 条记录
2026-05-09 19:03:18,122 [INFO] [5066/5289] 688488 艾迪药业 - 保存 3 条记录
2026-05-09 19:03:18,170 [INFO] [5067/5289] 688489 三未信安 - 保存 3 条记录
2026-05-09 19:03:18,182 [INFO] [5068/5289] 688496 ST清越 - 无盈利预测数据
2026-05-09 19:03:18,230 [INFO] [5069/5289] 688498 源杰科技 - 保存 4 条记录
2026-05-09 19:03:18,274 [INFO] [5070/5289] 688499 利元亨 - 保存 4 条记录
2026-05-09 19:03:18,289 [INFO] [5071/5289] 688500 慧辰股份 - 无盈利预测数据
2026-05-09 19:03:18,330 [INFO] [5072/5289] 688501 青达环保 - 保存 4 条记录
2026-05-09 19:03:18,369 [INFO] [5073/5289] 688502 茂莱光学 - 保存 4 条记录
2026-05-09 19:03:18,415 [INFO] [5074/5289] 688503 聚和材料 - 保存 4 条记录
2026-05-09 19:03:18,428 [INFO] [5075/5289] 688505 复旦张江 - 无盈利预测数据
2026-05-09 19:03:18,440 [INFO] [5076/5289] 688506 百利天恒 - 无盈利预测数据
2026-05-09 19:03:18,451 [INFO] [5077/5289] 688507 索辰科技 - 无盈利预测数据
2026-05-09 19:03:18,489 [INFO] [5078/5289] 688508 芯朋微 - 保存 4 条记录
2026-05-09 19:03:18,501 [INFO] [5079/5289] 688509 正元地信 - 无盈利预测数据
2026-05-09 19:03:18,540 [INFO] [5080/5289] 688510 航亚科技 - 保存 4 条记录
2026-05-09 19:03:18,552 [INFO] [5081/5289] 688511 天微电子 - 无盈利预测数据
2026-05-09 19:03:18,591 [INFO] [5082/5289] 688512 慧智微 - 保存 1 条记录
2026-05-09 19:03:18,628 [INFO] [5083/5289] 688513 苑东生物 - 保存 4 条记录
2026-05-09 19:03:18,641 [INFO] [5084/5289] 688515 裕太微 - 无盈利预测数据
2026-05-09 19:03:18,680 [INFO] [5085/5289] 688516 奥特维 - 保存 4 条记录
2026-05-09 19:03:18,692 [INFO] [5086/5289] 688517 金冠电气 - 无盈利预测数据
2026-05-09 19:03:18,732 [INFO] [5087/5289] 688518 联赢激光 - 保存 4 条记录
2026-05-09 19:03:18,769 [INFO] [5088/5289] 688519 南亚新材 - 保存 4 条记录
2026-05-09 19:03:18,781 [INFO] [5089/5289] 688520 神州细胞 - 无盈利预测数据
2026-05-09 19:03:18,820 [INFO] [5090/5289] 688521 芯原股份 - 保存 3 条记录
2026-05-09 19:03:18,861 [INFO] [5091/5289] 688522 纳睿雷达 - 保存 4 条记录
2026-05-09 19:03:18,904 [INFO] [5092/5289] 688523 航天环宇 - 保存 4 条记录
2026-05-09 19:03:18,949 [INFO] [5093/5289] 688525 佰维存储 - 保存 4 条记录
2026-05-09 19:03:18,990 [INFO] [5094/5289] 688526 科前生物 - 保存 4 条记录
2026-05-09 19:03:19,004 [INFO] [5095/5289] 688528 秦川物联 - 无盈利预测数据
2026-05-09 19:03:19,016 [INFO] [5096/5289] 688529 豪森智能 - 无盈利预测数据
2026-05-09 19:03:19,061 [INFO] [5097/5289] 688530 欧莱新材 - 保存 2 条记录
2026-05-09 19:03:19,102 [INFO] [5098/5289] 688531 日联科技 - 保存 4 条记录
2026-05-09 19:03:19,146 [INFO] [5099/5289] 688533 上声电子 - 保存 4 条记录
2026-05-09 19:03:19,186 [INFO] [5100/5289] 688535 华海诚科 - 保存 4 条记录
2026-05-09 19:03:20,187 [INFO] 已完成 5100/5289
2026-05-09 19:03:20,223 [INFO] [5101/5289] 688536 思瑞浦 - 保存 4 条记录
2026-05-09 19:03:20,235 [INFO] [5102/5289] 688538 和辉光电 - 无盈利预测数据
2026-05-09 19:03:20,247 [INFO] [5103/5289] 688539 高华科技 - 无盈利预测数据
2026-05-09 19:03:20,282 [INFO] [5104/5289] 688543 国科军工 - 保存 4 条记录
2026-05-09 19:03:20,329 [INFO] [5105/5289] 688545 兴福电子 - 保存 4 条记录
2026-05-09 19:03:20,367 [INFO] [5106/5289] 688548 广钢气体 - 保存 4 条记录
2026-05-09 19:03:20,391 [INFO] [5107/5289] 688549 中巨芯 - 无盈利预测数据
2026-05-09 19:03:20,469 [INFO] [5108/5289] 688550 瑞联新材 - 保存 4 条记录
2026-05-09 19:03:20,524 [INFO] [5109/5289] 688551 科威尔 - 保存 3 条记录
2026-05-09 19:03:20,578 [INFO] [5110/5289] 688552 航天南湖 - 保存 4 条记录
2026-05-09 19:03:20,593 [INFO] [5111/5289] 688553 汇宇制药 - 无盈利预测数据
2026-05-09 19:03:20,636 [INFO] [5112/5289] 688556 高测股份 - 保存 3 条记录
2026-05-09 19:03:20,648 [INFO] [5113/5289] 688557 兰剑智能 - 无盈利预测数据
2026-05-09 19:03:20,661 [INFO] [5114/5289] 688558 国盛智科 - 无盈利预测数据
2026-05-09 19:03:20,701 [INFO] [5115/5289] 688559 海目星 - 保存 2 条记录
2026-05-09 19:03:20,715 [INFO] [5116/5289] 688560 明冠新材 - 无盈利预测数据
2026-05-09 19:03:20,728 [INFO] [5117/5289] 688561 奇安信 - 无盈利预测数据
2026-05-09 19:03:20,741 [INFO] [5118/5289] 688562 航天软件 - 无盈利预测数据
2026-05-09 19:03:20,780 [INFO] [5119/5289] 688563 航材股份 - 保存 4 条记录
2026-05-09 19:03:20,791 [INFO] [5120/5289] 688565 力源科技 - 无盈利预测数据
2026-05-09 19:03:20,805 [INFO] [5121/5289] 688566 吉贝尔 - 无盈利预测数据
2026-05-09 19:03:20,816 [INFO] [5122/5289] 688567 孚能科技 - 无盈利预测数据
2026-05-09 19:03:20,855 [INFO] [5123/5289] 688568 中科星图 - 保存 3 条记录
2026-05-09 19:03:20,868 [INFO] [5124/5289] 688569 铁科轨道 - 无盈利预测数据
2026-05-09 19:03:20,909 [INFO] [5125/5289] 688570 天玛智控 - 保存 4 条记录
2026-05-09 19:03:20,921 [INFO] [5126/5289] 688571 杭华股份 - 无盈利预测数据
2026-05-09 19:03:20,934 [INFO] [5127/5289] 688573 信宇人 - 无盈利预测数据
2026-05-09 19:03:20,973 [INFO] [5128/5289] 688575 亚辉龙 - 保存 3 条记录
2026-05-09 19:03:20,996 [INFO] [5129/5289] 688576 西山科技 - 无盈利预测数据
2026-05-09 19:03:21,013 [INFO] [5130/5289] 688577 浙海德曼 - 无盈利预测数据
2026-05-09 19:03:21,059 [INFO] [5131/5289] 688578 艾力斯 - 保存 4 条记录
2026-05-09 19:03:21,072 [INFO] [5132/5289] 688579 地纬智能 - 无盈利预测数据
2026-05-09 19:03:21,111 [INFO] [5133/5289] 688580 伟思医疗 - 保存 4 条记录
2026-05-09 19:03:21,152 [INFO] [5134/5289] 688581 安杰思 - 保存 4 条记录
2026-05-09 19:03:21,189 [INFO] [5135/5289] 688582 芯动联科 - 保存 4 条记录
2026-05-09 19:03:21,202 [INFO] [5136/5289] 688583 思看科技 - 无盈利预测数据
2026-05-09 19:03:21,246 [INFO] [5137/5289] 688584 上海合晶 - 保存 4 条记录
2026-05-09 19:03:21,258 [INFO] [5138/5289] 688585 上纬新材 - 无盈利预测数据
2026-05-09 19:03:21,278 [INFO] [5139/5289] 688586 江航装备 - 无盈利预测数据
2026-05-09 19:03:21,321 [INFO] [5140/5289] 688588 凌志软件 - 保存 3 条记录
2026-05-09 19:03:21,334 [INFO] [5141/5289] 688589 力合微 - 无盈利预测数据
2026-05-09 19:03:21,345 [INFO] [5142/5289] 688590 新致软件 - 无盈利预测数据
2026-05-09 19:03:21,359 [INFO] [5143/5289] 688591 泰凌微 - 无盈利预测数据
2026-05-09 19:03:21,372 [INFO] [5144/5289] 688592 司南导航 - 无盈利预测数据
2026-05-09 19:03:21,413 [INFO] [5145/5289] 688593 新相微 - 保存 4 条记录
2026-05-09 19:03:21,454 [INFO] [5146/5289] 688595 芯海科技 - 保存 2 条记录
2026-05-09 19:03:21,492 [INFO] [5147/5289] 688596 正帆科技 - 保存 4 条记录
2026-05-09 19:03:21,505 [INFO] [5148/5289] 688597 煜邦电力 - 无盈利预测数据
2026-05-09 19:03:21,519 [INFO] [5149/5289] 688598 金博股份 - 无盈利预测数据
2026-05-09 19:03:21,560 [INFO] [5150/5289] 688599 天合光能 - 保存 3 条记录
2026-05-09 19:03:22,562 [INFO] 已完成 5150/5289
2026-05-09 19:03:22,601 [INFO] [5151/5289] 688600 皖仪科技 - 保存 4 条记录
2026-05-09 19:03:22,615 [INFO] [5152/5289] 688601 力芯微 - 无盈利预测数据
2026-05-09 19:03:22,643 [INFO] [5153/5289] 688602 康鹏科技 - 无盈利预测数据
2026-05-09 19:03:22,682 [INFO] [5154/5289] 688603 天承科技 - 保存 4 条记录
2026-05-09 19:03:22,693 [INFO] [5155/5289] 688605 先锋精科 - 无盈利预测数据
2026-05-09 19:03:22,705 [INFO] [5156/5289] 688606 奥泰生物 - 无盈利预测数据
2026-05-09 19:03:22,743 [INFO] [5157/5289] 688607 康众医疗 - 保存 2 条记录
2026-05-09 19:03:22,780 [INFO] [5158/5289] 688608 恒玄科技 - 保存 4 条记录
2026-05-09 19:03:22,791 [INFO] [5159/5289] 688609 九联科技 - 无盈利预测数据
2026-05-09 19:03:22,801 [INFO] [5160/5289] 688610 埃科光电 - 无盈利预测数据
2026-05-09 19:03:22,812 [INFO] [5161/5289] 688611 杭州柯林 - 无盈利预测数据
2026-05-09 19:03:22,855 [INFO] [5162/5289] 688612 威迈斯 - 保存 4 条记录
2026-05-09 19:03:22,870 [INFO] [5163/5289] 688613 奥精医疗 - 无盈利预测数据
2026-05-09 19:03:22,905 [INFO] [5164/5289] 688615 合合信息 - 保存 4 条记录
2026-05-09 19:03:22,915 [INFO] [5165/5289] 688616 西力科技 - 无盈利预测数据
2026-05-09 19:03:22,955 [INFO] [5166/5289] 688617 惠泰医疗 - 保存 4 条记录
2026-05-09 19:03:23,001 [INFO] [5167/5289] 688618 三旺通信 - 保存 4 条记录
2026-05-09 19:03:23,011 [INFO] [5168/5289] 688619 罗普特 - 无盈利预测数据
2026-05-09 19:03:23,022 [INFO] [5169/5289] 688620 安凯微 - 无盈利预测数据
2026-05-09 19:03:23,034 [INFO] [5170/5289] 688621 阳光诺和 - 无盈利预测数据
2026-05-09 19:03:23,042 [INFO] [5171/5289] 688622 *ST禾信 - 无盈利预测数据
2026-05-09 19:03:23,065 [INFO] [5172/5289] 688623 双元科技 - 无盈利预测数据
2026-05-09 19:03:23,120 [INFO] [5173/5289] 688625 呈和科技 - 保存 4 条记录
2026-05-09 19:03:23,154 [INFO] [5174/5289] 688626 翔宇医疗 - 保存 4 条记录
2026-05-09 19:03:23,188 [INFO] [5175/5289] 688627 精智达 - 保存 4 条记录
2026-05-09 19:03:23,234 [INFO] [5176/5289] 688628 优利德 - 保存 4 条记录
2026-05-09 19:03:23,274 [INFO] [5177/5289] 688629 华丰科技 - 保存 4 条记录
2026-05-09 19:03:23,312 [INFO] [5178/5289] 688630 芯碁微装 - 保存 4 条记录
2026-05-09 19:03:23,354 [INFO] [5179/5289] 688631 莱斯信息 - 保存 4 条记录
2026-05-09 19:03:23,374 [INFO] [5180/5289] 688633 星球石墨 - 无盈利预测数据
2026-05-09 19:03:23,419 [INFO] [5181/5289] 688636 智明达 - 保存 4 条记录
2026-05-09 19:03:23,435 [INFO] [5182/5289] 688638 誉辰智能 - 无盈利预测数据
2026-05-09 19:03:23,473 [INFO] [5183/5289] 688639 华恒生物 - 保存 4 条记录
2026-05-09 19:03:23,485 [INFO] [5184/5289] 688646 ST逸飞 - 无盈利预测数据
2026-05-09 19:03:23,495 [INFO] [5185/5289] 688648 中邮科技 - 无盈利预测数据
2026-05-09 19:03:23,530 [INFO] [5186/5289] 688651 盛邦安全 - 保存 3 条记录
2026-05-09 19:03:23,564 [INFO] [5187/5289] 688652 京仪装备 - 保存 4 条记录
2026-05-09 19:03:23,574 [INFO] [5188/5289] 688653 康希通信 - 无盈利预测数据
2026-05-09 19:03:23,617 [INFO] [5189/5289] 688655 迅捷兴 - 保存 2 条记录
2026-05-09 19:03:23,629 [INFO] [5190/5289] 688656 浩欧博 - 无盈利预测数据
2026-05-09 19:03:23,639 [INFO] [5191/5289] 688657 浩辰软件 - 无盈利预测数据
2026-05-09 19:03:23,684 [INFO] [5192/5289] 688658 悦康药业 - 保存 1 条记录
2026-05-09 19:03:23,695 [INFO] [5193/5289] 688659 元琛科技 - 无盈利预测数据
2026-05-09 19:03:23,704 [INFO] [5194/5289] 688660 电气风电 - 无盈利预测数据
2026-05-09 19:03:23,739 [INFO] [5195/5289] 688661 和林微纳 - 保存 3 条记录
2026-05-09 19:03:23,752 [INFO] [5196/5289] 688662 富信科技 - 无盈利预测数据
2026-05-09 19:03:23,790 [INFO] [5197/5289] 688663 新风光 - 保存 3 条记录
2026-05-09 19:03:23,832 [INFO] [5198/5289] 688665 四方光电 - 保存 4 条记录
2026-05-09 19:03:23,881 [INFO] [5199/5289] 688667 菱电电控 - 保存 4 条记录
2026-05-09 19:03:23,917 [INFO] [5200/5289] 688668 鼎通科技 - 保存 4 条记录
2026-05-09 19:03:24,918 [INFO] 已完成 5200/5289
2026-05-09 19:03:24,929 [INFO] [5201/5289] 688669 聚石化学 - 无盈利预测数据
2026-05-09 19:03:24,939 [INFO] [5202/5289] 688670 金迪克 - 无盈利预测数据
2026-05-09 19:03:24,949 [INFO] [5203/5289] 688671 碧兴物联 - 无盈利预测数据
2026-05-09 19:03:24,981 [INFO] [5204/5289] 688676 XD金盘科 - 保存 4 条记录
2026-05-09 19:03:25,019 [INFO] [5205/5289] 688677 海泰新光 - 保存 4 条记录
2026-05-09 19:03:25,052 [INFO] [5206/5289] 688678 福立旺 - 保存 4 条记录
2026-05-09 19:03:25,068 [INFO] [5207/5289] 688679 通源环境 - 无盈利预测数据
2026-05-09 19:03:25,111 [INFO] [5208/5289] 688680 海优新材 - 保存 2 条记录
2026-05-09 19:03:25,122 [INFO] [5209/5289] 688681 科汇股份 - 无盈利预测数据
2026-05-09 19:03:25,132 [INFO] [5210/5289] 688682 霍莱沃 - 无盈利预测数据
2026-05-09 19:03:25,142 [INFO] [5211/5289] 688683 莱尔科技 - 无盈利预测数据
2026-05-09 19:03:25,153 [INFO] [5212/5289] 688685 迈信林 - 无盈利预测数据
2026-05-09 19:03:25,186 [INFO] [5213/5289] 688686 奥普特 - 保存 4 条记录
2026-05-09 19:03:25,196 [INFO] [5214/5289] 688687 凯因科技 - 无盈利预测数据
2026-05-09 19:03:25,232 [INFO] [5215/5289] 688689 银河微电 - 保存 3 条记录
2026-05-09 19:03:25,265 [INFO] [5216/5289] 688690 纳微科技 - 保存 4 条记录
2026-05-09 19:03:25,274 [INFO] [5217/5289] 688691 灿芯股份 - 无盈利预测数据
2026-05-09 19:03:25,310 [INFO] [5218/5289] 688692 达梦数据 - 保存 4 条记录
2026-05-09 19:03:25,319 [INFO] [5219/5289] 688693 锴威特 - 无盈利预测数据
2026-05-09 19:03:25,330 [INFO] [5220/5289] 688695 中创股份 - 无盈利预测数据
2026-05-09 19:03:25,366 [INFO] [5221/5289] 688696 极米科技 - 保存 4 条记录
2026-05-09 19:03:25,399 [INFO] [5222/5289] 688697 纽威数控 - 保存 4 条记录
2026-05-09 19:03:25,432 [INFO] [5223/5289] 688698 伟创电气 - 保存 4 条记录
2026-05-09 19:03:25,447 [INFO] [5224/5289] 688699 明微电子 - 无盈利预测数据
2026-05-09 19:03:25,481 [INFO] [5225/5289] 688700 东威科技 - 保存 4 条记录
2026-05-09 19:03:25,491 [INFO] [5226/5289] 688701 卓锦股份 - 无盈利预测数据
2026-05-09 19:03:25,500 [INFO] [5227/5289] 688702 盛科通信 - 无盈利预测数据
2026-05-09 19:03:25,511 [INFO] [5228/5289] 688707 振华新材 - 无盈利预测数据
2026-05-09 19:03:25,549 [INFO] [5229/5289] 688708 佳驰科技 - 保存 3 条记录
2026-05-09 19:03:25,561 [INFO] [5230/5289] 688709 成都华微 - 无盈利预测数据
2026-05-09 19:03:25,601 [INFO] [5231/5289] 688710 益诺思 - 保存 3 条记录
2026-05-09 19:03:25,613 [INFO] [5232/5289] 688711 宏微科技 - 无盈利预测数据
2026-05-09 19:03:25,644 [INFO] [5233/5289] 688712 北芯生命 - 保存 3 条记录
2026-05-09 19:03:25,655 [INFO] [5234/5289] 688716 中研股份 - 无盈利预测数据
2026-05-09 19:03:25,688 [INFO] [5235/5289] 688717 艾罗能源 - 保存 4 条记录
2026-05-09 19:03:25,698 [INFO] [5236/5289] 688718 唯赛勃 - 无盈利预测数据
2026-05-09 19:03:25,733 [INFO] [5237/5289] 688719 爱科赛博 - 保存 3 条记录
2026-05-09 19:03:25,771 [INFO] [5238/5289] 688720 艾森股份 - 保存 4 条记录
2026-05-09 19:03:25,781 [INFO] [5239/5289] 688721 龙图光罩 - 无盈利预测数据
2026-05-09 19:03:25,813 [INFO] [5240/5289] 688722 同益中 - 保存 4 条记录
2026-05-09 19:03:25,848 [INFO] [5241/5289] 688726 拉普拉斯 - 保存 4 条记录
2026-05-09 19:03:25,859 [INFO] [5242/5289] 688727 恒坤新材 - 无盈利预测数据
2026-05-09 19:03:25,870 [INFO] [5243/5289] 688728 格科微 - 无盈利预测数据
2026-05-09 19:03:25,902 [INFO] [5244/5289] 688729 屹唐股份 - 保存 4 条记录
2026-05-09 19:03:25,913 [INFO] [5245/5289] 688733 壹石通 - 无盈利预测数据
2026-05-09 19:03:25,947 [INFO] [5246/5289] 688737 中自科技 - 保存 3 条记录
2026-05-09 19:03:25,981 [INFO] [5247/5289] 688739 成大生物 - 保存 4 条记录
2026-05-09 19:03:25,992 [INFO] [5248/5289] 688750 金天钛业 - 无盈利预测数据
2026-05-09 19:03:26,002 [INFO] [5249/5289] 688755 汉邦科技 - 无盈利预测数据
2026-05-09 19:03:26,013 [INFO] [5250/5289] 688757 胜科纳米 - 无盈利预测数据
2026-05-09 19:03:27,014 [INFO] 已完成 5250/5289
2026-05-09 19:03:27,047 [INFO] [5251/5289] 688758 赛分科技 - 保存 4 条记录
2026-05-09 19:03:27,068 [INFO] [5252/5289] 688759 必贝特 - 无盈利预测数据
2026-05-09 19:03:27,078 [INFO] [5253/5289] 688765 禾元生物 - 无盈利预测数据
2026-05-09 19:03:27,113 [INFO] [5254/5289] 688766 普冉股份 - 保存 3 条记录
2026-05-09 19:03:27,150 [INFO] [5255/5289] 688767 博拓生物 - 保存 3 条记录
2026-05-09 19:03:27,184 [INFO] [5256/5289] 688768 容知日新 - 保存 3 条记录
2026-05-09 19:03:27,216 [INFO] [5257/5289] 688772 珠海冠宇 - 保存 4 条记录
2026-05-09 19:03:27,249 [INFO] [5258/5289] 688775 影石创新 - 保存 4 条记录
2026-05-09 19:03:27,259 [INFO] [5259/5289] 688776 国光电气 - 无盈利预测数据
2026-05-09 19:03:27,292 [INFO] [5260/5289] 688777 中控技术 - 保存 4 条记录
2026-05-09 19:03:27,325 [INFO] [5261/5289] 688778 厦钨新能 - 保存 4 条记录
2026-05-09 19:03:27,341 [INFO] [5262/5289] 688779 五矿新能 - 无盈利预测数据
2026-05-09 19:03:27,355 [INFO] [5263/5289] 688781 视涯科技 - 无盈利预测数据
2026-05-09 19:03:27,367 [INFO] [5264/5289] 688783 西安奕材 - 无盈利预测数据
2026-05-09 19:03:27,377 [INFO] [5265/5289] 688785 恒运昌 - 无盈利预测数据
2026-05-09 19:03:27,410 [INFO] [5266/5289] 688786 悦安新材 - 保存 4 条记录
2026-05-09 19:03:27,420 [INFO] [5267/5289] 688787 海天瑞声 - 无盈利预测数据
2026-05-09 19:03:27,431 [INFO] [5268/5289] 688788 科思科技 - 无盈利预测数据
2026-05-09 19:03:27,464 [INFO] [5269/5289] 688789 宏华数科 - 保存 4 条记录
2026-05-09 19:03:27,473 [INFO] [5270/5289] 688790 昂瑞微 - 无盈利预测数据
2026-05-09 19:03:27,505 [INFO] [5271/5289] 688793 倍轻松 - 保存 3 条记录
2026-05-09 19:03:27,539 [INFO] [5272/5289] 688795 摩尔线程 - 保存 2 条记录
2026-05-09 19:03:27,572 [INFO] [5273/5289] 688796 百奥赛图 - 保存 4 条记录
2026-05-09 19:03:27,604 [INFO] [5274/5289] 688798 艾为电子 - 保存 4 条记录
2026-05-09 19:03:27,638 [INFO] [5275/5289] 688799 华纳药厂 - 保存 4 条记录
2026-05-09 19:03:27,669 [INFO] [5276/5289] 688800 瑞可达 - 保存 4 条记录
2026-05-09 19:03:27,713 [INFO] [5277/5289] 688802 沐曦股份 - 保存 2 条记录
2026-05-09 19:03:27,751 [INFO] [5278/5289] 688805 健信超导 - 保存 3 条记录
2026-05-09 19:03:27,761 [INFO] [5279/5289] 688807 优迅股份 - 无盈利预测数据
2026-05-09 19:03:27,770 [INFO] [5280/5289] 688808 联讯仪器 - 无盈利预测数据
2026-05-09 19:03:27,806 [INFO] [5281/5289] 688809 强一股份 - 保存 3 条记录
2026-05-09 19:03:27,821 [INFO] [5282/5289] 688811 有研复材 - 无盈利预测数据
2026-05-09 19:03:27,841 [INFO] [5283/5289] 688813 泰金新能 - 无盈利预测数据
2026-05-09 19:03:27,850 [INFO] [5284/5289] 688816 易思维 - 无盈利预测数据
2026-05-09 19:03:27,883 [INFO] [5285/5289] 688818 电科蓝天 - 保存 4 条记录
2026-05-09 19:03:27,917 [INFO] [5286/5289] 688819 天能股份 - 保存 4 条记录
2026-05-09 19:03:27,928 [INFO] [5287/5289] 688820 盛合晶微 - 无盈利预测数据
2026-05-09 19:03:27,963 [INFO] [5288/5289] 688981 中芯国际 - 保存 4 条记录
2026-05-09 19:03:27,999 [INFO] [5289/5289] 689009 九号公司 - 保存 4 条记录
2026-05-09 19:03:27,999 [INFO] ============================================================
2026-05-09 19:03:27,999 [INFO] 批量采集完成！
2026-05-09 19:03:27,999 [INFO] 股票总数: 5289
2026-05-09 19:03:27,999 [INFO] 成功采集: 2203
2026-05-09 19:03:27,999 [INFO] 无数据: 3080
2026-05-09 19:03:28,000 [INFO] 跳过(已有数据): 6
2026-05-09 19:03:28,000 [INFO] 新增记录数: 8234
2026-05-09 19:03:28,000 [INFO] ============================================================
